,office,node/3686157132,node/4449837691,way/1497789845,way/301859277,way/759987899,way/1125139659,node/746627029,way/298902402,way/60044139,node/13377797577,node/2061879185,node/10266409318,node/1112015371,node/2599542242,node/10792703614,way/1050768070,way/1173781965,way/1156068846,node/1092878580,node/13192600286,node/11401552485,node/2631338026,way/418665227,node/2905961116,node/2784089953,way/431072075,node/13457640691,way/471722581,node/12587586255,way/502841208,node/1511622328,node/2613719490,node/1998376334,node/11083618706,node/1998376340,node/4065359328,way/101974944,node/11794162206,way/332587893,way/667746336,node/10726315310,node/4912455161,node/6723530125,way/1163945142,way/753703519,way/283638701,node/4374935729,node/5602005239,way/1094224072,way/674299894,node/3777486881,node/622204540,way/473868951,node/3123215557,way/304004266,node/2304484464,node/1080996458,node/4769471534,node/10937770886,node/2636758535,node/1600767375,node/2606420203,node/3254987866,node/3895220847,node/11210080138,way/1131163538,node/2304484684,node/10011137809,way/326955764,node/12196594520,node/2529991306,node/2078116017,node/5586709673,node/2939048403,way/223128134,node/2951316219,way/681503955,way/568771392,node/4678874493,node/7341225608,node/12425250871,node/178821228,way/261806925,node/12144695461,node/184049470,node/10827905563,node/2651530874,way/511539213,node/4666017389,node/2621636923,node/902327015,node/363997548,node/1128664813,node/4610137789,node/6121549487,node/622204591,node/3523190952,way/170505341,node/674477959,node/26289763,node/327528975,node/614939487,node/4338377884,node/11269074158,node/5109205856,node/4077525244,node/3056287062,way/1454716354,node/3014835252,way/1139030278,node/5210751039,node/1762579478,node/1452885165,node/4769476622,node/1992854977,node/3974972557,way/997439163,node/12433858548,node/3113588327,node/4609504482,node/332074128,way/945061262,node/336262498,node/6566648095,node/627574779,node/302790436,way/585852861,node/2580708138,node/5884199085,node/3211789361,node/4921020221,node/4343081824,node/3770301444,way/1360293399,node/2182364515,way/293463784,node/10606501241,way/1360293417,node/13176973077,node/13904673940,node/4715569699,way/499614429,way/743710865,node/871073568,way/376470743,node/262353392,node/2551116095,node/2606625338,node/2134285281,node/5176377207,node/9540446866,node/4394136790,node/5830690815,way/994058707,node/3057780133,way/908382642,node/831025935,node/810206915,node/637776200,way/313495189,node/4734171440,node/299938277,node/529705675,node/6922982209,node/3876914565,way/1349747787,node/2068640057,node/1444943078,way/477207073,node/2648889791,way/1367403155,way/1330622520,node/292354225,node/8936265515,node/1312900851,way/442113937,node/470926455,way/441440085,node/7137691094,node/5799799202,node/12403420156,way/1003915685
office,0.000,39.742,26.691,22.884,20.985,20.358,16.317,13.342,15.155,11.546,12.618,11.534,9.073,8.820,9.604,24.150,28.906,9.697,7.246,8.057,23.112,10.271,8.412,12.497,19.551,13.306,6.045,1.467,18.334,3.166,10.634,12.928,4.189,22.534,1.351,21.951,9.210,14.221,23.904,19.871,19.706,4.951,12.845,6.518,6.460,16.121,16.051,8.392,7.362,8.422,15.642,8.465,8.663,8.522,15.579,27.201,9.647,16.938,9.201,14.445,9.851,17.480,9.124,14.557,10.771,18.204,19.574,11.304,20.317,21.138,11.251,16.932,11.240,11.225,17.820,12.771,16.903,12.335,22.327,12.013,12.658,13.298,13.145,19.199,21.905,13.458,13.736,13.470,24.489,22.768,19.363,14.076,13.804,13.558,19.222,20.889,14.968,19.537,27.314,15.422,22.475,20.130,16.856,14.810,16.871,19.197,15.217,21.010,28.949,20.026,48.831,25.168,31.255,26.101,16.527,16.992,31.578,24.298,16.392,23.520,23.404,23.686,22.789,22.607,25.407,31.998,25.390,21.938,24.622,19.802,25.258,25.288,37.690,24.919,25.677,26.579,26.833,27.692,27.631,37.638,25.390,26.405,26.172,25.569,36.538,42.543,26.673,24.002,24.725,47.137,27.704,28.576,28.151,30.183,33.377,27.153,29.907,41.457,45.536,48.875,46.899,28.338,30.658,30.837,31.482,32.182,43.201,36.554,37.438,38.611,39.672,38.744,43.706,41.765,53.264,55.865,43.647,49.823,50.450,51.124,49.742,51.541,60.736
node/3686157132,40.962,0.000,13.688,17.442,22.589,22.949,30.663,33.661,33.481,34.364,28.730,29.946,38.293,38.317,39.839,49.594,62.699,40.733,38.418,39.776,56.904,42.147,43.347,44.407,53.343,46.233,43.981,40.344,52.124,38.828,47.204,47.865,43.632,49.448,40.795,48.865,47.079,49.154,50.817,53.661,46.608,40.152,51.045,46.480,44.797,46.866,44.610,42.868,46.482,48.599,45.964,46.340,47.393,47.252,45.901,54.676,48.468,47.260,47.311,44.768,48.581,55.681,45.970,44.879,46.315,48.526,50.319,50.125,51.062,56.072,47.168,47.254,46.784,46.769,48.142,52.723,47.225,47.879,57.261,47.556,47.874,48.515,48.361,49.521,52.650,49.535,48.953,48.687,51.979,53.513,49.685,49.293,50.632,49.102,49.544,51.212,50.185,49.860,56.071,50.638,52.797,50.452,61.131,50.354,52.087,49.519,50.434,51.332,57.125,50.348,59.709,55.490,59.431,54.672,52.400,52.208,59.754,62.363,54.415,53.842,53.726,62.638,62.181,60.807,55.729,60.174,55.712,52.260,54.944,55.019,55.580,56.702,65.865,55.241,55.999,56.901,57.156,58.014,57.953,65.814,55.712,56.727,56.495,65.344,64.714,70.719,56.996,59.013,55.048,75.312,58.026,58.898,66.023,68.055,63.700,57.475,67.778,69.633,73.712,77.051,75.075,58.661,60.980,68.708,61.805,62.505,71.377,66.876,67.760,68.933,69.994,76.615,81.577,72.087,81.440,93.736,73.969,87.694,88.322,88.995,80.064,81.864,98.607
node/4449837691,27.426,15.104,0.000,3.905,9.052,9.412,17.126,20.124,19.944,20.828,15.193,16.410,24.756,24.781,26.302,36.057,49.162,27.197,24.881,26.239,43.367,28.610,29.811,30.870,39.806,32.697,30.444,26.807,38.587,25.292,33.667,34.328,30.096,35.911,27.258,35.328,33.542,35.617,37.280,40.124,33.072,26.615,37.508,32.943,31.260,33.329,31.073,29.331,32.945,35.063,32.428,32.803,33.856,33.715,32.364,41.139,34.932,33.723,33.774,31.231,35.044,42.144,32.433,31.342,32.779,34.989,36.782,36.588,37.525,42.535,33.631,33.717,33.248,33.232,34.605,39.187,33.688,34.342,43.724,34.020,34.337,34.978,34.825,35.984,39.113,35.998,35.416,35.150,38.443,39.976,36.148,35.756,37.095,35.565,36.007,37.675,36.648,36.323,42.534,37.102,39.260,36.915,47.594,36.817,38.551,35.982,36.897,37.795,43.588,36.811,57.357,41.953,45.894,41.135,38.864,38.672,46.217,48.827,40.879,40.306,40.189,49.101,48.644,47.270,42.193,46.637,42.175,38.723,41.407,41.482,42.043,43.165,52.328,41.704,42.462,43.364,43.619,44.477,44.416,52.277,42.175,43.190,42.958,51.808,51.177,57.182,43.459,45.476,41.511,61.776,44.489,45.361,52.486,54.518,50.163,43.938,54.241,56.096,60.175,63.514,61.538,45.124,47.443,55.172,48.268,48.968,57.840,53.339,54.223,55.396,56.457,63.078,68.040,58.550,67.903,80.199,60.432,74.157,74.785,75.458,66.527,68.327,85.070
way/1497789845,24.391,17.381,4.329,0.000,4.763,6.378,13.451,17.089,16.269,17.963,12.158,13.375,21.721,21.746,23.267,32.383,46.127,24.162,21.846,23.204,40.333,25.575,26.776,27.835,36.772,29.662,27.409,23.772,35.552,22.257,30.633,31.294,27.061,32.876,24.223,32.293,30.508,32.583,34.246,37.089,30.037,23.580,34.473,29.908,28.226,30.294,28.038,26.296,29.911,32.028,29.393,29.768,30.821,30.680,29.330,38.105,31.897,30.688,30.740,28.196,32.009,39.109,29.399,28.307,29.744,31.955,33.747,33.553,34.490,39.500,30.596,30.683,30.213,30.197,31.570,36.152,30.654,31.308,40.689,30.985,31.302,31.943,31.790,32.950,36.078,32.963,32.382,32.115,35.408,36.941,33.113,32.721,34.060,32.531,32.973,34.640,33.613,33.288,39.499,34.067,36.225,33.880,44.560,33.783,35.516,32.947,33.862,34.761,40.553,33.776,54.322,38.918,42.859,38.100,35.829,35.637,43.182,45.792,37.844,37.271,37.155,46.067,45.610,44.236,39.158,43.602,39.140,35.689,38.372,38.447,39.008,40.130,49.294,38.669,39.427,40.330,40.584,41.443,41.382,49.242,39.141,40.156,39.923,48.773,48.142,54.147,40.424,42.442,38.476,58.741,41.454,42.327,49.451,51.483,47.128,40.903,51.206,53.061,57.140,60.479,58.503,42.089,44.409,52.137,45.233,45.933,54.805,50.304,51.188,52.361,53.423,60.044,65.006,55.516,64.868,77.165,57.397,71.122,71.750,72.423,63.492,65.292,82.036
way/301859277,22.444,20.894,7.843,4.649,0.000,2.305,12.991,15.142,15.809,17.503,10.211,11.428,19.774,19.799,21.320,31.923,44.180,22.215,19.899,21.257,38.386,23.628,24.829,25.888,34.825,27.715,25.462,21.826,33.605,20.310,28.686,29.347,25.114,30.929,22.276,30.346,28.561,30.636,32.299,35.142,28.090,21.633,32.526,27.961,26.279,28.347,26.091,24.349,27.964,30.081,27.446,27.821,28.874,28.733,27.383,36.158,29.950,28.741,28.793,26.249,30.062,37.162,27.452,26.360,27.797,30.008,31.800,31.606,32.543,37.553,28.649,28.736,28.266,28.250,29.623,34.205,28.706,29.361,38.742,29.038,29.356,29.996,29.843,31.003,34.131,31.016,30.434,30.168,33.461,34.994,31.166,30.775,32.113,30.584,31.026,32.693,31.666,31.341,37.552,32.120,34.279,31.933,42.613,31.836,33.569,31.000,31.915,32.814,38.606,31.829,52.375,36.971,40.912,36.154,33.882,33.690,41.236,43.845,35.897,35.324,35.208,44.120,43.663,42.289,37.211,41.655,37.193,33.742,36.425,36.500,37.061,38.184,47.346,36.722,37.480,38.383,38.637,39.496,39.435,47.295,37.194,38.209,37.976,46.826,46.195,52.200,38.477,40.495,36.529,56.794,39.507,40.380,47.504,49.536,45.181,38.956,49.260,51.114,55.193,58.532,56.556,40.142,42.462,50.190,43.286,43.986,52.858,48.358,49.242,50.414,51.476,58.097,63.059,53.569,62.921,75.218,55.450,69.175,69.803,70.476,61.545,63.345,80.089
way/759987899,23.468,22.795,9.743,5.937,2.539,0.000,11.683,15.834,14.501,16.195,9.580,11.706,21.678,21.703,23.224,30.614,45.135,24.119,20.854,25.629,39.341,25.532,25.784,27.792,35.780,30.680,26.418,22.104,34.561,20.588,29.641,30.302,27.181,31.207,22.554,30.624,29.516,31.591,32.577,36.097,28.368,21.911,34.364,28.239,26.557,28.625,26.369,24.627,28.242,30.359,27.724,28.099,29.152,29.011,27.661,36.436,30.228,29.020,29.071,26.527,30.340,37.440,27.730,26.638,28.075,30.286,32.078,31.884,32.821,38.508,28.927,29.014,28.544,28.528,29.901,34.483,28.985,29.639,39.697,29.316,29.634,30.274,30.121,31.281,34.409,31.294,30.712,30.446,33.739,35.272,31.444,31.053,32.391,30.862,31.304,32.971,31.944,31.619,37.830,32.398,34.556,32.211,42.891,32.114,33.847,31.278,32.193,33.092,38.884,32.107,52.653,37.249,41.190,36.431,34.160,33.968,41.514,44.800,36.175,35.602,35.486,45.075,44.618,42.567,37.489,41.933,37.471,34.020,36.703,36.778,37.340,38.462,47.625,37.000,37.758,38.661,38.915,39.774,39.713,47.573,37.472,38.487,38.254,47.781,46.473,52.478,38.755,40.773,36.807,57.072,39.785,40.657,48.459,50.491,45.459,39.234,50.215,51.392,55.471,58.810,56.834,40.420,42.740,51.145,43.564,44.264,53.136,48.636,49.520,50.692,51.754,59.052,64.014,53.846,63.200,76.173,55.728,70.131,70.758,71.431,61.823,63.623,81.044
way/1125139659,16.499,30.365,17.313,13.397,13.263,11.587,0.000,5.441,3.842,5.533,12.049,16.055,14.840,14.865,16.386,20.205,26.477,17.281,13.265,16.323,22.890,17.534,18.866,19.806,28.190,21.633,18.828,17.253,26.971,17.884,22.051,22.712,19.021,34.681,18.585,34.098,21.926,24.001,36.051,28.508,31.842,20.627,26.775,24.242,23.681,32.877,28.371,23.401,22.670,26.362,29.726,23.474,25.155,25.014,29.663,39.910,24.656,31.021,24.210,28.390,26.343,33.443,24.133,28.502,25.780,32.288,34.330,26.313,35.072,30.919,26.260,30.877,26.249,26.233,31.903,29.100,30.848,27.344,32.108,27.021,27.666,28.307,28.154,33.144,36.660,28.467,28.745,28.479,35.741,37.524,33.307,29.085,28.813,28.567,33.167,34.973,29.977,33.482,41.304,30.431,36.558,34.075,38.894,29.819,31.880,33.142,30.226,34.955,42.358,33.971,56.127,39.251,44.664,38.433,31.536,32.001,44.988,37.210,31.401,31.334,37.349,37.485,37.028,38.569,39.491,45.407,32.681,35.883,32.152,34.811,39.341,41.250,51.099,38.864,39.760,40.663,40.917,41.776,41.714,51.047,39.335,40.488,40.117,40.191,49.948,55.952,40.618,39.011,38.670,60.546,41.649,42.521,40.870,42.902,47.461,41.098,42.625,54.866,58.945,62.284,60.308,42.283,44.603,43.555,45.427,46.127,56.611,50.637,51.521,52.694,53.755,51.462,56.424,55.848,66.674,68.583,57.592,62.541,63.169,63.842,63.687,65.625,73.454
node/746627029,13.633,32.872,19.821,16.014,14.115,13.996,5.498,0.000,2.031,4.135,5.964,9.970,11.974,11.999,13.520,20.457,26.729,14.415,10.399,13.457,23.143,15.828,15.329,18.088,25.324,19.915,15.962,14.386,24.105,15.018,19.185,19.846,16.155,31.164,15.719,30.581,19.060,21.135,32.533,25.642,28.325,17.761,23.909,21.376,20.815,29.360,25.505,20.535,19.804,23.496,26.860,20.608,22.289,22.148,26.797,36.392,21.790,28.155,21.344,25.524,23.477,30.577,21.267,25.636,22.914,29.422,31.463,23.447,32.206,28.053,23.394,28.011,23.383,23.367,29.037,26.234,27.982,24.478,29.242,24.155,24.800,25.441,25.288,30.278,33.794,25.601,25.879,25.613,32.874,34.658,30.442,26.219,25.947,25.701,30.301,32.107,27.111,30.616,37.787,27.565,33.692,31.209,36.028,26.953,29.014,30.276,27.360,32.089,38.841,31.105,52.610,36.385,41.147,35.567,28.670,29.135,41.470,34.344,28.535,28.468,34.483,34.619,34.162,35.703,36.625,41.890,29.814,33.017,29.286,31.945,36.475,38.384,47.581,35.998,36.894,37.797,38.051,38.910,38.848,47.530,36.469,37.622,37.251,37.325,46.430,52.435,37.752,36.145,35.804,57.029,38.783,39.655,38.004,40.036,44.595,38.232,39.759,51.349,55.428,58.767,56.791,39.417,41.737,40.689,42.561,43.261,53.093,47.771,48.655,49.828,50.889,48.596,53.558,52.982,63.156,65.717,54.726,59.675,60.303,60.976,60.821,62.759,70.588
way/298902402,13.456,35.635,22.583,16.911,16.776,15.101,3.997,2.244,0.000,2.210,8.726,12.732,11.798,11.822,13.344,18.956,25.228,14.238,10.222,13.281,21.642,15.652,15.152,17.912,25.148,19.738,15.786,14.210,23.929,14.842,19.009,19.670,15.979,31.639,15.543,31.056,18.884,20.959,33.008,25.465,28.800,17.584,23.732,21.200,20.639,29.835,25.329,20.359,19.628,23.319,26.683,20.432,22.113,21.971,26.620,36.868,21.614,27.979,21.167,25.348,23.301,30.400,21.091,25.459,22.738,29.245,31.287,23.270,32.030,27.876,23.218,27.835,23.207,23.191,28.861,26.058,27.805,24.302,29.065,23.979,24.624,25.265,25.111,30.102,33.618,25.424,25.703,25.437,32.698,34.481,30.265,26.043,25.770,25.525,30.125,31.930,26.935,30.440,38.262,27.388,33.516,31.032,35.851,26.777,28.837,30.099,27.184,31.913,39.316,30.928,53.085,36.209,41.622,35.391,28.493,28.958,41.945,34.168,28.358,28.291,34.307,34.443,33.986,35.527,36.448,42.365,29.638,32.841,29.110,31.768,36.299,38.208,48.056,35.821,36.718,37.620,37.874,38.733,38.672,48.005,36.292,37.446,37.075,37.149,46.905,52.910,37.576,35.969,35.628,57.504,38.606,39.478,37.827,39.859,44.419,38.055,39.583,51.824,55.903,59.242,57.266,39.241,41.561,40.513,42.385,43.085,53.568,47.595,48.479,49.652,50.713,48.420,53.382,52.806,63.631,65.541,54.549,59.499,60.126,60.800,60.644,62.582,70.412
way/60044139,11.538,33.839,20.787,16.980,15.082,16.569,5.459,3.082,2.340,0.000,6.930,10.936,9.879,9.904,11.425,20.418,32.585,12.320,8.304,11.362,26.791,13.734,13.234,15.993,23.230,17.820,13.867,12.292,22.010,12.923,17.091,17.752,14.061,29.721,13.624,29.137,16.965,19.040,31.090,23.547,26.881,15.666,21.814,19.281,18.720,27.916,23.410,18.440,17.709,21.401,24.765,18.513,20.194,20.053,24.702,34.949,19.696,26.061,19.249,23.430,21.382,28.482,19.172,23.541,20.820,27.327,29.369,21.352,30.112,25.958,21.299,25.916,21.288,21.273,26.942,24.139,25.887,22.383,27.147,22.061,22.706,23.346,23.193,28.183,31.700,23.506,23.785,23.518,30.780,32.563,28.347,24.125,23.852,23.606,28.206,30.012,25.016,28.522,36.344,25.470,31.598,29.114,33.933,24.858,26.919,28.181,25.265,29.994,37.398,29.010,51.167,34.290,39.704,33.472,26.575,27.040,40.027,32.250,26.440,26.373,32.388,32.525,32.068,33.609,34.530,40.447,27.720,30.922,27.192,29.850,34.380,36.289,46.138,33.903,34.799,35.702,35.956,36.815,36.754,46.087,34.374,35.528,35.157,35.231,44.987,50.992,35.658,34.050,33.710,55.586,36.688,37.560,35.909,37.941,42.500,36.137,37.664,49.906,53.984,57.324,55.347,37.323,39.642,38.595,40.467,41.166,51.650,45.676,46.561,47.733,48.795,46.501,51.464,50.888,61.713,63.622,52.631,57.580,58.208,58.881,58.726,60.664,68.493
node/13377797577,12.523,28.367,15.315,11.508,9.610,8.983,12.131,6.096,9.012,6.800,0.000,4.059,10.733,10.757,12.278,26.748,34.689,13.173,9.787,12.216,28.895,14.587,15.908,16.846,25.334,18.674,15.971,13.276,24.114,13.908,19.016,19.097,15.045,23.790,14.609,23.207,19.137,20.816,25.160,25.220,20.951,15.908,23.589,20.266,19.705,21.986,20.366,18.624,18.694,22.386,21.721,19.498,21.179,21.038,21.658,29.019,20.680,23.016,20.233,20.524,22.367,29.466,21.727,20.635,22.072,24.282,26.075,22.337,26.818,27.884,22.924,23.011,22.541,22.525,23.898,25.124,22.981,23.636,29.073,23.313,23.630,24.271,24.118,25.277,28.406,25.291,24.709,24.443,27.736,29.269,25.441,25.049,26.388,24.858,25.300,26.968,25.941,25.616,30.413,26.395,28.553,26.208,34.917,26.110,27.844,25.275,26.190,27.088,31.467,26.104,45.236,31.246,33.773,30.428,28.157,27.965,34.096,34.176,30.172,29.599,29.482,34.450,33.994,34.593,31.486,34.516,31.468,28.017,30.700,30.775,31.336,32.458,40.207,30.997,31.755,32.658,32.912,33.771,33.709,40.156,31.468,32.483,32.251,37.157,39.056,45.061,32.752,34.770,30.804,49.655,33.782,34.654,37.835,39.867,39.456,33.231,39.590,43.975,48.054,51.393,49.417,34.417,36.736,40.521,37.561,38.261,45.719,42.632,43.516,44.689,45.751,48.427,53.390,47.843,55.782,65.548,49.725,59.506,60.134,60.807,55.820,57.620,70.419
node/2061879185,11.204,29.885,16.834,13.027,11.128,10.502,15.151,9.974,13.990,10.380,4.020,0.000,14.611,13.386,16.639,27.374,32.130,14.980,7.849,12.623,26.335,14.637,12.779,17.051,22.774,17.674,13.412,11.958,21.555,10.797,16.635,17.296,14.175,21.319,12.764,20.736,16.510,18.585,22.689,23.092,18.480,12.120,21.359,18.448,16.766,19.515,16.579,14.837,17.375,20.568,17.933,18.309,19.362,19.221,17.870,26.548,19.362,19.229,18.915,16.736,20.550,27.649,17.939,16.848,18.284,20.495,22.287,21.018,23.030,25.503,19.137,19.223,18.753,18.737,20.111,24.692,19.194,19.848,26.692,19.525,19.843,20.484,20.330,21.490,24.618,21.503,20.922,20.656,23.948,25.482,21.654,21.262,22.600,21.071,21.513,23.180,22.154,21.828,27.942,22.607,24.766,22.421,33.100,22.323,24.056,21.488,22.403,23.301,28.996,22.317,42.765,27.459,31.302,26.641,24.369,24.177,31.626,31.794,26.384,25.811,25.695,32.069,31.612,32.776,27.698,32.045,27.681,24.229,26.913,26.987,27.549,28.671,37.737,27.210,27.968,28.870,29.124,29.983,29.922,37.685,27.681,28.696,28.463,34.776,36.585,42.590,28.965,30.982,27.017,47.184,29.995,30.867,35.454,37.486,35.669,29.444,37.209,41.504,45.583,48.922,46.946,30.630,32.949,38.139,33.773,34.473,43.248,38.845,39.729,40.902,41.963,46.046,51.008,44.056,53.312,63.167,45.938,57.125,57.752,58.426,52.033,53.833,68.038
node/10266409318,13.011,37.806,24.755,20.948,19.050,18.930,14.633,11.659,13.472,9.863,10.917,11.396,0.000,1.535,2.422,20.077,24.832,3.317,7.216,3.328,19.038,4.731,6.051,6.990,15.477,8.817,9.413,13.765,14.258,14.396,9.160,9.240,9.229,31.062,15.097,30.479,12.977,10.959,32.432,15.363,28.223,17.139,13.733,17.637,16.742,29.258,24.883,19.913,19.182,20.524,26.238,19.986,21.067,18.376,26.175,36.291,21.168,27.533,20.722,24.902,20.334,24.633,20.645,25.014,22.292,28.799,30.841,22.493,31.585,18.027,22.772,27.389,22.761,22.745,28.415,22.810,27.360,23.856,19.216,23.534,24.178,24.819,24.666,29.656,33.173,24.979,25.257,24.991,32.253,34.036,29.820,25.598,25.325,25.079,29.679,31.485,26.489,29.994,37.685,26.943,33.070,30.587,27.947,26.331,28.392,29.654,26.738,31.467,38.739,30.483,52.508,35.763,41.045,34.945,28.048,28.513,41.368,24.319,27.913,27.846,33.861,24.594,24.137,30.287,36.003,41.788,29.192,32.395,28.664,31.323,35.853,32.968,47.479,35.376,36.272,37.175,37.429,38.288,38.226,47.428,35.847,37.000,36.630,27.300,46.328,52.333,40.493,39.952,35.182,56.927,38.161,39.033,27.978,30.010,43.973,37.610,29.734,51.247,55.326,58.665,56.689,38.795,41.115,30.664,41.939,42.639,52.991,47.149,48.033,49.206,50.267,38.571,43.533,60.595,63.054,55.692,56.090,49.650,50.277,50.951,62.185,70.372,60.563
node/1112015371,9.716,39.004,25.953,22.146,20.247,20.127,15.831,12.856,14.669,11.060,12.115,12.848,1.306,0.000,1.639,19.320,24.076,2.561,6.306,2.005,18.282,3.974,5.295,6.234,14.721,8.061,8.657,10.992,13.502,12.472,8.404,8.484,8.578,32.514,9.926,31.931,10.913,10.203,33.883,14.607,29.674,15.214,12.977,16.881,12.138,25.464,24.608,19.639,13.040,19.768,25.963,18.061,20.311,14.199,25.900,37.742,19.244,27.259,18.797,24.628,19.578,23.876,18.721,24.739,20.368,28.525,28.917,21.737,29.660,17.271,20.848,27.114,20.837,20.821,28.140,22.054,27.085,21.932,18.460,21.609,22.254,22.894,22.741,29.381,31.248,23.054,24.343,24.996,31.978,32.111,29.545,25.602,23.400,23.154,29.404,31.210,26.494,29.720,39.137,26.948,32.796,30.312,27.191,24.406,27.478,29.379,26.743,31.192,40.191,30.208,53.960,35.488,42.497,34.671,26.123,28.518,42.820,23.563,25.988,33.703,33.586,23.838,23.381,29.531,35.728,43.239,27.268,32.120,34.804,30.438,35.579,32.212,48.931,35.101,35.998,36.900,37.154,38.013,37.952,48.880,35.572,36.726,36.355,26.544,47.780,53.785,39.737,39.196,34.908,58.379,37.886,38.758,27.222,29.254,43.698,37.335,28.978,52.699,56.778,60.117,58.140,38.521,40.840,29.908,41.665,42.365,54.443,46.875,47.759,48.932,49.993,37.815,42.777,52.086,64.506,54.936,55.334,48.894,49.521,50.195,61.429,61.862,59.807
node/2599542242,13.362,38.876,25.825,22.018,20.119,19.999,15.703,12.728,14.542,10.932,11.987,12.466,1.894,1.351,0.000,18.667,23.422,1.907,9.675,2.424,17.628,3.321,4.641,5.580,14.067,7.407,8.003,14.834,12.848,15.466,7.750,7.830,11.742,32.132,16.167,31.548,11.567,9.549,33.501,13.953,29.292,18.208,12.323,16.227,15.332,30.327,23.954,18.985,16.234,19.114,25.309,19.330,19.657,16.966,25.246,37.360,20.512,26.605,20.065,23.974,18.924,23.223,19.989,24.085,21.636,27.871,30.302,21.083,32.654,16.617,22.116,26.460,22.105,22.089,27.487,21.400,26.431,23.200,17.806,22.877,23.522,24.163,24.010,28.727,34.592,24.323,23.689,24.342,31.324,35.105,28.891,24.949,24.669,24.423,28.750,30.556,25.840,29.066,38.755,26.294,32.142,29.658,26.537,25.675,26.824,28.725,26.089,30.538,39.809,29.554,53.578,34.834,42.114,34.017,28.056,27.864,42.438,22.909,27.257,33.049,32.932,23.184,22.727,28.877,35.074,42.857,34.918,31.466,34.150,29.784,34.925,31.558,48.549,34.447,35.344,36.246,36.500,37.359,37.298,48.498,34.918,36.072,35.701,25.890,47.398,53.402,39.083,38.542,34.254,57.996,37.232,38.104,26.569,28.600,43.044,36.681,28.324,52.316,56.395,59.735,57.758,37.867,40.187,29.254,41.011,41.711,54.061,46.221,47.105,48.278,49.339,37.161,42.123,51.432,64.124,54.282,54.680,48.240,48.867,49.541,60.775,61.208,59.153
node/10792703614,23.358,54.095,41.044,37.237,35.338,31.102,19.099,20.623,19.024,20.715,27.206,26.396,19.216,18.070,17.438,0.000,9.012,18.626,19.854,19.734,5.047,15.360,16.969,13.505,9.225,6.812,18.207,25.264,6.904,24.596,13.488,10.705,20.527,43.021,22.718,42.438,15.721,10.249,44.391,9.388,40.202,25.709,13.023,16.924,20.646,37.553,29.956,24.986,21.549,19.811,31.311,25.331,20.354,21.467,31.247,48.633,23.219,32.606,23.744,29.975,19.621,24.447,24.914,30.087,27.637,33.872,36.303,21.779,41.749,17.353,28.117,32.462,28.106,28.090,33.488,22.097,32.433,29.201,18.542,28.878,24.228,25.491,25.255,34.729,40.593,25.887,24.386,25.039,37.325,41.543,34.892,25.645,26.984,27.575,34.752,36.558,26.537,35.067,43.788,26.990,38.143,35.659,27.142,27.578,27.520,34.727,26.786,36.540,50.381,35.555,63.340,40.836,52.687,40.018,28.753,28.560,44.551,23.645,29.817,39.050,38.934,23.920,23.463,29.573,41.075,53.430,29.816,37.468,40.152,30.480,40.926,32.254,52.198,40.448,41.345,42.247,42.502,43.361,43.299,52.147,40.920,42.073,40.618,26.626,50.405,57.052,39.780,39.239,40.255,61.646,43.233,44.106,27.304,29.336,49.046,42.683,29.060,50.920,60.045,63.384,61.408,45.438,42.936,29.990,47.012,47.712,64.633,52.222,53.106,54.279,55.340,37.897,42.859,57.433,63.834,49.794,55.377,48.976,49.603,50.276,61.472,67.210,59.889
way/1050768070,28.750,59.487,46.436,42.629,40.730,40.611,25.671,27.194,25.595,31.583,32.598,31.788,24.608,23.462,22.830,9.258,0.000,24.018,25.246,25.126,7.328,20.787,22.361,18.897,14.617,14.280,23.599,30.656,12.296,29.988,18.881,16.098,25.919,48.413,28.110,47.830,21.113,15.642,49.783,14.780,45.594,31.101,18.415,22.316,26.039,42.945,35.348,30.378,26.941,25.203,36.703,30.723,25.746,26.859,36.640,54.025,28.611,37.998,29.136,35.367,25.013,29.839,30.306,35.479,33.029,39.264,41.695,27.171,47.141,22.746,33.509,37.854,33.498,33.483,38.880,27.489,37.825,34.593,23.934,34.271,29.620,30.883,30.647,40.121,45.985,31.279,29.778,30.431,42.718,46.935,40.285,31.037,32.376,32.967,40.144,41.950,31.929,40.459,49.180,32.383,43.535,41.051,32.534,32.971,32.913,40.119,32.178,41.932,55.773,40.947,68.732,46.228,58.079,45.410,34.145,33.953,49.943,29.037,35.209,44.442,44.326,29.312,28.855,34.966,46.468,58.822,35.209,42.860,45.544,35.873,46.318,37.647,57.591,45.841,46.737,47.640,47.894,48.753,48.691,57.539,46.312,47.465,46.011,32.018,55.797,62.444,45.172,44.631,45.648,67.038,48.626,49.498,32.697,34.728,54.438,48.075,34.452,56.312,65.437,68.776,66.800,50.830,48.328,35.382,52.404,53.104,70.025,57.614,58.498,59.671,60.733,43.289,40.076,62.825,69.226,44.288,60.769,54.368,54.995,55.669,66.864,72.602,65.281
way/1173781965,11.999,42.100,29.048,25.242,23.343,23.223,17.848,19.371,17.772,14.650,15.211,14.854,3.081,2.523,2.624,17.844,22.600,0.000,8.313,2.025,16.805,1.958,3.279,4.757,13.245,6.584,6.640,13.275,12.025,14.755,6.927,7.008,10.380,34.520,12.232,33.937,10.204,8.726,35.889,13.130,31.681,18.345,11.500,11.899,13.969,27.748,22.592,17.622,14.871,18.292,23.947,17.967,18.834,15.604,23.883,39.749,19.149,25.242,18.703,22.611,18.102,22.400,18.626,22.722,20.273,26.508,28.939,20.260,31.943,15.795,20.753,25.098,20.742,20.726,26.124,20.577,25.069,21.837,16.984,21.515,22.159,22.800,22.647,27.365,33.229,22.960,22.867,22.972,29.961,34.179,27.528,23.578,23.306,23.060,27.388,29.194,24.470,27.703,36.424,24.924,30.779,28.295,25.715,24.312,26.001,27.363,24.719,29.176,42.197,28.191,55.976,33.472,44.503,32.654,26.029,26.494,37.187,22.086,25.894,31.686,31.570,22.361,21.904,28.054,33.712,45.246,33.556,30.104,32.788,29.304,33.562,30.735,44.834,33.084,33.981,34.883,35.138,35.996,35.935,44.783,33.556,34.709,34.338,25.067,49.786,49.688,38.261,37.719,32.891,54.282,35.869,36.742,25.746,27.778,41.682,35.319,27.501,43.556,52.681,56.020,54.044,36.504,38.824,28.431,39.648,40.348,56.449,44.858,45.742,46.915,47.976,36.338,41.300,50.069,56.470,53.459,53.857,47.417,48.044,48.718,59.952,59.846,58.330
way/1156068846,7.589,35.616,22.565,18.758,16.859,16.740,12.483,9.508,11.321,7.712,8.727,7.928,6.812,6.594,9.847,20.581,25.337,8.187,0.000,5.831,19.543,7.845,5.986,10.258,15.982,10.882,6.620,8.343,14.763,8.974,9.843,10.504,7.383,27.594,9.675,27.011,9.718,11.793,28.963,16.300,24.754,11.717,14.566,11.412,10.943,25.789,19.461,14.491,13.760,14.886,20.816,14.564,13.145,13.004,20.753,32.822,15.746,22.111,15.300,19.480,21.168,25.316,15.223,19.592,16.870,23.378,25.420,17.403,26.163,18.710,17.350,21.967,17.339,17.323,22.993,23.644,21.938,18.434,19.899,18.111,18.756,19.397,19.244,24.234,27.751,19.557,19.835,19.569,26.831,28.614,24.398,20.175,19.903,19.657,24.257,26.063,21.067,24.573,34.217,21.521,27.648,25.165,28.630,20.909,22.970,24.232,21.316,26.045,35.271,25.061,49.040,30.341,37.577,29.523,22.626,23.091,37.900,25.002,22.491,22.424,28.439,25.277,24.820,31.121,30.581,38.319,23.770,26.973,23.242,25.901,30.431,33.801,44.011,29.954,30.850,31.753,32.007,32.866,32.804,43.960,30.425,31.578,31.207,27.983,42.860,48.864,31.709,30.101,29.761,53.459,32.739,33.611,28.661,30.693,38.551,32.188,30.417,47.779,51.858,55.197,53.220,33.373,35.693,31.347,36.517,37.217,49.523,41.727,42.611,43.784,44.846,39.254,44.216,46.938,59.586,56.375,48.682,50.333,50.960,51.634,54.777,56.715,61.246
node/1092878580,9.008,39.840,26.789,22.982,21.083,20.964,16.706,13.732,15.545,11.936,12.951,12.141,3.249,2.284,2.942,19.712,24.468,2.764,5.599,0.000,18.673,4.175,2.785,6.625,15.112,8.452,7.040,10.285,13.893,11.764,8.795,8.875,7.871,31.806,9.219,31.223,10.206,10.594,33.176,14.998,28.967,14.507,14.859,11.900,11.430,24.757,22.251,17.281,12.333,15.373,23.606,17.354,13.633,13.492,23.543,37.035,18.536,24.901,18.090,22.270,18.313,25.985,18.013,22.382,19.660,26.168,28.210,20.193,28.953,19.380,20.140,24.757,20.129,20.113,25.783,20.789,24.728,21.224,20.569,20.902,21.547,22.187,22.034,27.024,30.541,22.347,22.625,22.359,29.621,31.404,27.188,22.965,22.693,22.447,27.047,28.853,23.857,27.363,38.429,24.311,30.438,27.955,25.834,23.699,25.760,27.022,24.106,28.835,39.483,27.851,53.252,33.131,41.789,32.313,25.416,25.881,42.113,25.672,25.281,25.214,31.229,25.947,25.490,28.241,33.371,42.532,26.561,29.763,26.032,28.691,33.221,30.922,48.224,32.744,33.640,34.543,34.797,35.656,35.594,48.172,33.215,34.368,33.998,28.653,47.073,53.077,34.499,32.891,32.551,57.671,35.529,36.401,29.331,31.363,41.341,34.978,31.087,51.991,56.070,59.410,57.433,36.163,38.483,32.017,39.307,40.007,53.736,44.517,45.401,46.574,47.636,39.924,44.886,49.728,63.799,57.045,51.472,51.002,51.630,52.303,57.567,59.505,61.916
node/13192600286,22.420,53.158,40.106,36.300,34.401,34.281,21.446,22.969,21.370,25.254,26.269,25.458,18.279,17.132,16.500,4.354,7.287,17.688,18.917,18.797,0.000,14.457,16.031,12.567,8.287,6.056,17.269,24.326,5.966,23.659,12.551,9.768,19.590,42.083,21.780,41.500,14.783,9.312,43.453,8.451,39.264,24.771,12.085,15.986,19.709,36.616,29.018,24.048,20.611,18.873,30.373,24.393,19.416,20.529,30.310,47.695,22.281,31.669,22.807,29.038,18.683,23.509,23.976,29.149,26.700,32.935,35.365,20.842,40.811,16.416,27.180,31.524,27.169,27.153,32.550,21.159,31.495,28.264,17.605,27.941,23.290,24.553,24.317,33.791,39.655,24.949,23.448,24.101,36.388,40.605,33.955,24.708,26.046,26.637,33.814,35.620,25.599,34.130,42.850,26.053,37.206,34.722,26.204,26.641,26.583,33.789,25.848,35.602,49.444,34.618,62.402,39.898,51.749,39.081,27.815,27.623,43.613,22.707,28.879,38.112,37.996,22.982,22.525,28.636,40.138,52.492,28.879,36.530,39.214,29.543,39.988,31.317,51.261,39.511,40.407,41.310,41.564,42.423,42.362,51.209,39.982,41.136,39.681,25.689,49.467,56.114,38.842,38.301,39.318,60.708,42.296,43.168,26.367,28.399,48.108,41.745,28.122,49.982,59.107,62.447,60.470,44.500,41.998,29.052,46.075,46.775,63.696,51.285,52.169,53.341,54.403,36.959,41.921,56.495,62.897,48.856,54.439,48.038,48.666,49.339,60.534,66.272,58.951
node/11401552485,12.246,41.975,28.923,25.116,23.218,23.098,17.484,19.008,17.409,14.897,15.086,15.101,5.612,4.466,3.834,16.389,21.145,3.525,8.560,5.384,15.351,0.000,3.526,3.304,11.790,5.131,6.887,13.522,10.570,15.002,5.472,5.553,10.627,34.767,12.479,34.184,10.451,7.271,36.136,11.676,31.928,17.419,10.045,13.949,13.043,28.296,21.666,16.696,13.946,16.837,23.021,17.041,17.379,14.678,22.958,39.995,18.224,24.316,17.777,21.686,16.647,20.945,17.701,21.797,19.348,25.583,28.013,16.755,32.190,14.340,19.828,24.172,19.817,19.801,25.198,19.122,24.143,20.912,15.529,20.589,21.234,21.874,21.721,26.439,32.303,22.034,22.313,22.047,29.036,33.253,26.603,22.653,22.380,22.134,26.462,28.268,23.544,26.778,35.498,23.998,29.854,27.370,24.260,23.386,25.447,26.437,23.793,28.250,42.444,27.266,55.050,32.546,44.750,31.728,25.103,25.568,36.261,20.631,24.968,30.760,30.644,20.906,20.449,26.599,32.786,45.493,32.630,29.178,31.862,28.378,32.636,29.280,43.909,32.159,33.055,33.958,34.212,35.071,35.010,43.857,32.630,33.783,33.413,23.613,42.115,48.762,36.806,36.264,31.966,53.356,34.944,35.816,24.291,26.323,40.756,34.393,26.046,42.630,51.755,55.094,53.118,35.578,37.898,26.976,38.722,39.422,56.696,43.932,44.816,45.989,47.051,34.883,39.845,49.143,55.544,52.004,52.402,45.962,46.590,47.263,58.497,58.920,56.875
node/2631338026,9.494,40.048,26.997,23.190,21.291,21.172,16.914,13.940,15.753,12.144,13.159,12.349,3.918,3.361,5.224,18.132,22.888,2.597,5.807,2.400,17.094,3.223,0.000,5.449,13.533,7.275,4.135,10.770,12.313,12.249,7.390,8.051,7.874,32.014,9.726,31.431,7.699,9.343,33.384,13.850,29.175,14.992,12.117,9.393,11.927,25.242,22.279,17.309,12.829,12.866,23.634,17.654,16.539,15.291,23.571,37.243,18.837,24.929,18.390,22.299,15.806,22.866,18.314,22.410,19.961,26.196,28.626,17.964,29.438,16.261,20.441,24.785,20.430,20.414,25.811,18.282,24.756,21.524,17.450,21.202,21.847,22.487,22.334,27.052,31.026,22.647,22.926,22.659,29.649,31.889,27.216,23.266,22.993,22.747,27.075,28.881,24.157,27.391,38.637,24.611,30.466,27.983,26.181,23.999,26.060,27.050,24.406,28.863,39.691,27.879,53.460,33.159,41.997,32.341,25.716,26.181,36.874,22.553,25.581,31.373,31.257,22.828,22.371,25.734,33.399,42.740,33.243,29.791,32.475,28.991,33.249,28.415,48.432,32.772,33.668,34.571,34.825,35.684,35.623,48.380,33.243,34.397,34.026,25.534,47.281,53.285,35.940,35.399,32.579,57.879,35.557,36.429,26.212,28.244,41.369,35.006,27.967,52.199,56.278,59.617,57.641,36.191,38.511,28.898,39.336,40.035,53.944,44.545,45.429,46.602,47.664,36.804,41.767,49.756,56.157,53.925,51.537,47.883,48.511,49.184,57.632,59.533,58.797
way/418665227,13.730,44.260,31.208,27.401,25.503,25.383,19.543,18.151,19.965,16.356,17.371,16.560,7.410,6.264,5.632,8.810,19.125,6.820,10.019,7.205,13.331,3.589,5.346,0.000,9.770,1.991,8.371,15.006,3.909,16.485,3.641,2.951,12.110,36.226,13.962,35.643,5.552,5.580,37.595,10.087,33.387,18.706,8.354,12.258,15.981,34.422,22.953,17.983,16.884,15.146,24.307,18.328,15.689,16.802,24.244,41.455,18.554,25.603,19.064,22.972,14.956,19.113,18.987,23.083,20.634,26.869,29.300,17.114,34.356,12.508,21.114,25.459,21.103,21.087,26.485,17.432,25.430,22.198,13.697,21.875,19.563,20.826,23.008,27.726,33.590,21.222,19.721,20.374,30.322,34.540,27.889,20.980,22.319,23.421,27.749,29.555,21.872,28.064,36.785,22.325,31.140,28.656,22.428,22.913,22.855,27.723,22.121,29.537,43.903,28.552,56.337,33.833,46.209,33.015,24.087,23.895,37.548,18.800,25.152,32.047,31.931,19.075,18.618,24.908,34.072,46.952,25.151,30.465,33.148,25.815,33.923,27.589,45.195,33.445,34.342,35.244,35.498,36.357,36.296,45.144,33.916,35.070,35.953,21.781,51.492,50.049,35.115,34.573,33.252,54.643,36.230,37.102,22.459,24.491,42.043,35.679,24.215,43.917,53.042,56.381,54.405,40.772,38.271,25.145,40.009,40.709,58.155,45.219,46.103,47.276,48.337,33.052,38.014,50.430,56.831,50.173,50.712,44.131,44.758,45.431,56.807,60.206,55.044
node/2905961116,22.858,53.596,40.544,36.738,34.839,34.719,24.817,27.488,24.741,25.692,26.707,25.896,18.717,17.570,16.938,4.611,9.367,18.126,19.355,19.235,3.573,14.895,16.469,13.005,0.000,6.313,17.707,24.764,6.404,24.097,12.989,10.206,20.028,42.522,22.218,41.938,15.221,9.750,43.891,8.889,39.702,25.209,12.524,16.424,20.147,37.054,29.456,24.486,21.050,19.312,30.811,24.832,19.854,20.967,30.748,48.133,22.719,32.107,23.245,29.476,19.122,23.947,24.414,29.587,27.138,33.373,35.803,21.280,41.250,16.854,27.618,31.962,27.607,27.591,32.989,21.597,31.933,28.702,18.043,28.379,23.728,24.992,24.755,34.229,40.093,25.387,23.887,24.539,36.826,41.043,34.393,25.146,26.484,27.075,34.252,36.058,26.037,34.568,43.288,26.491,37.644,35.160,26.642,27.079,27.021,34.227,26.286,36.040,49.882,35.056,62.840,40.336,52.188,39.519,28.253,28.061,44.051,23.146,29.317,38.550,38.434,23.420,22.963,29.074,40.576,52.931,29.317,36.968,39.652,29.981,40.427,31.755,51.699,39.949,40.846,41.748,42.002,42.861,42.800,51.648,40.420,41.574,40.119,26.127,49.906,56.553,39.280,38.739,39.756,61.147,42.734,43.606,26.805,28.837,48.546,42.183,28.560,50.420,59.545,62.885,60.908,44.938,42.437,29.491,46.513,47.213,64.134,51.723,52.607,53.780,54.841,37.397,42.360,56.934,63.335,49.294,54.877,48.476,49.104,49.777,60.972,66.710,59.389
node/2784089953,14.684,45.215,32.163,28.356,26.458,26.338,22.081,19.106,20.920,17.311,18.326,17.515,8.793,7.647,7.015,7.223,14.706,8.203,10.973,8.588,6.872,4.972,6.729,1.860,5.350,0.000,9.325,15.961,2.306,17.440,4.596,2.582,13.065,37.181,14.917,36.598,6.507,6.535,38.550,5.514,34.342,19.660,6.601,13.213,16.936,35.376,23.907,18.938,17.839,16.101,25.262,19.283,16.643,17.756,25.199,42.409,19.509,26.558,20.018,23.927,15.911,20.068,19.942,24.038,21.589,27.824,30.255,18.069,35.311,13.463,22.069,26.413,22.058,22.042,27.440,18.386,26.384,23.153,14.652,22.830,20.518,21.781,23.963,28.680,34.545,22.176,20.676,21.328,31.277,35.494,28.844,21.935,23.273,24.376,28.703,30.509,22.826,29.019,37.740,23.280,32.095,29.611,23.383,23.868,23.810,28.678,23.076,30.491,44.858,29.507,57.291,34.788,47.164,33.970,25.042,24.850,38.502,19.755,26.107,33.002,32.886,20.030,19.573,25.863,35.027,47.907,26.106,31.420,34.103,26.770,34.878,28.544,46.150,34.400,35.297,36.199,36.453,37.312,37.251,46.099,34.871,36.025,36.908,22.736,52.447,51.004,36.070,35.528,34.207,55.598,37.185,38.057,23.414,25.446,42.998,36.634,25.170,44.871,53.997,57.336,55.359,41.727,39.226,26.100,40.964,41.664,59.110,46.174,47.058,48.231,49.292,34.007,38.969,51.385,57.786,51.128,51.666,45.086,45.713,46.386,57.761,61.161,55.999
way/431072075,7.198,41.379,28.327,24.520,22.622,22.502,18.245,15.270,17.084,13.475,14.490,13.679,9.866,8.719,8.087,18.858,23.614,6.428,7.138,6.271,17.819,6.086,4.227,8.312,14.258,9.155,0.000,8.475,13.039,9.954,5.823,8.777,3.763,33.345,6.154,32.762,4.399,10.069,34.714,14.576,30.506,12.697,9.052,6.093,8.627,22.947,17.953,12.983,9.530,9.567,19.308,13.328,13.239,10.689,19.245,34.026,11.618,20.603,12.001,17.973,12.507,17.307,13.171,18.084,15.635,21.870,24.300,14.665,27.142,16.987,16.115,20.459,16.104,16.088,21.485,14.982,20.430,17.199,18.176,16.876,17.521,18.161,18.008,22.726,28.590,18.772,17.272,17.924,25.323,29.594,22.890,18.531,19.869,18.421,22.749,24.555,19.422,23.065,31.785,19.876,26.140,23.657,20.027,20.464,20.406,22.724,19.671,24.537,35.775,23.553,51.337,28.833,38.081,28.015,21.638,21.446,32.548,23.278,21.255,27.047,26.931,23.553,23.096,22.434,29.073,38.823,28.917,25.465,28.149,23.366,28.923,25.115,40.196,28.446,29.342,30.245,30.499,31.358,31.297,40.144,28.917,30.070,29.700,26.259,43.364,45.049,32.641,32.099,28.253,49.643,31.231,32.103,26.938,28.970,37.043,30.680,28.693,38.917,48.042,51.381,49.405,31.866,34.185,29.623,35.010,35.709,50.027,40.219,41.103,42.276,43.338,37.530,42.492,45.431,51.832,54.651,48.237,48.609,49.236,49.910,54.333,55.207,59.522
node/13457640691,1.302,38.857,25.805,21.998,20.100,19.473,16.055,13.081,14.894,11.285,12.356,10.649,12.502,12.527,14.048,26.096,30.851,14.943,6.985,9.816,25.057,12.031,10.172,14.257,21.496,15.066,7.804,0.000,20.280,2.229,12.393,17.278,4.750,23.096,1.912,22.512,10.970,16.958,24.465,21.817,20.267,5.340,14.790,7.079,7.021,16.683,16.612,9.384,8.653,12.345,15.709,9.457,9.224,9.083,15.646,27.762,10.639,17.004,10.193,14.373,10.412,19.426,10.116,14.485,11.763,18.270,20.135,12.296,20.878,21.765,12.243,16.860,12.232,12.216,17.886,15.083,16.831,13.327,23.666,13.004,13.649,14.290,14.137,19.127,22.466,14.450,14.728,14.462,25.050,23.329,19.291,15.068,14.796,14.550,19.150,20.956,15.960,19.465,27.875,16.414,22.541,20.057,24.877,15.802,17.863,19.125,16.209,20.938,29.510,19.953,49.392,25.234,31.816,24.416,17.518,17.984,32.140,26.244,17.384,17.317,23.332,25.632,24.734,24.552,25.474,32.559,18.663,21.866,18.135,20.794,25.324,27.233,38.251,24.846,25.743,26.645,26.900,27.759,27.697,38.199,25.318,26.471,26.100,27.514,37.099,43.104,26.601,24.994,24.653,47.698,27.631,28.504,30.097,32.129,33.444,27.081,31.852,42.018,46.097,49.436,47.460,28.266,30.586,32.782,31.410,32.110,43.762,36.620,37.504,38.677,39.739,40.689,45.651,41.831,53.825,57.810,43.575,51.768,52.395,53.069,49.670,51.608,62.681
way/471722581,17.823,48.352,35.301,31.494,29.596,29.476,25.219,22.244,24.058,20.448,21.463,20.653,13.473,12.327,11.695,7.943,12.698,12.883,14.111,13.991,6.904,9.652,11.226,3.888,3.343,2.113,12.464,19.525,0.000,18.857,7.745,3.679,14.788,37.282,16.979,36.699,8.275,4.507,38.651,3.507,37.479,19.970,7.280,11.185,14.907,31.814,24.217,19.247,15.810,14.072,25.572,19.592,14.615,15.727,25.508,42.894,17.480,26.867,18.005,24.236,13.882,19.042,19.175,24.347,21.898,28.133,30.564,16.040,36.010,11.611,22.378,26.723,22.367,22.351,27.749,16.358,26.694,23.462,12.800,23.140,18.489,19.752,19.515,28.990,34.854,20.148,18.647,19.300,31.586,35.804,29.153,19.906,21.244,21.835,29.013,30.819,20.798,29.328,38.049,21.251,32.404,29.920,21.403,21.839,21.781,28.988,21.047,30.801,44.642,29.816,57.601,35.097,46.948,34.279,23.013,22.821,38.812,17.902,24.078,33.311,33.195,18.177,17.720,23.834,35.337,47.691,24.077,31.729,34.413,24.741,35.187,26.515,46.459,34.709,35.606,36.508,36.763,37.621,37.560,46.408,35.181,36.334,34.879,20.883,44.666,51.313,34.041,33.499,34.516,55.907,37.494,38.367,21.561,23.593,43.307,36.944,23.317,45.181,54.306,57.645,55.669,39.698,37.197,24.247,41.273,41.973,58.894,46.483,47.367,48.540,49.601,32.154,37.116,51.694,58.095,43.912,49.638,43.233,43.860,44.534,55.733,61.471,54.146
node/12587586255,3.268,38.205,25.154,21.347,19.448,18.821,17.836,14.862,16.675,13.066,13.595,9.998,14.283,14.308,15.829,24.628,29.384,16.724,8.451,11.916,23.590,14.131,12.272,16.701,20.029,20.796,9.904,2.654,18.812,0.000,15.303,15.811,5.939,21.013,3.101,20.430,14.078,15.490,22.382,20.349,18.184,3.629,13.323,8.758,7.075,14.600,14.529,8.097,7.366,10.877,14.421,8.170,9.671,9.529,14.358,25.679,9.352,15.717,8.905,13.086,10.858,17.958,8.829,13.197,10.476,16.983,18.052,11.008,18.795,20.298,10.956,15.573,10.945,10.929,16.599,13.796,15.543,12.040,22.199,11.717,12.362,13.003,12.850,17.840,20.383,13.162,13.441,13.175,22.967,21.246,18.003,13.781,13.508,13.263,17.863,19.669,14.673,18.178,25.792,15.126,21.254,18.770,23.409,14.515,16.575,17.837,14.922,19.651,27.427,18.666,47.309,23.947,29.733,23.129,16.231,16.696,30.057,24.776,16.096,16.029,22.044,24.164,23.267,23.085,24.186,30.476,17.376,20.579,16.848,19.506,24.037,25.766,36.168,23.559,24.456,25.358,25.612,26.471,26.410,36.116,24.030,25.184,24.813,26.047,35.017,41.021,25.314,23.707,23.366,45.615,26.344,27.216,28.629,30.661,32.157,25.793,30.385,39.935,44.014,47.353,45.377,26.979,29.299,31.315,30.123,30.823,41.679,35.333,36.217,37.390,38.451,39.222,44.184,40.544,51.743,56.343,42.287,50.301,50.928,51.602,48.382,50.320,61.214
way/502841208,11.343,44.778,31.727,27.920,26.021,25.902,21.645,18.670,20.483,16.874,17.889,17.079,9.886,8.739,8.107,14.470,19.226,9.295,10.537,10.417,13.432,6.064,7.651,4.175,9.871,4.798,6.244,12.619,8.652,14.099,0.000,3.978,6.469,36.744,8.859,36.161,2.070,5.682,38.114,10.188,33.905,16.683,4.482,7.898,11.621,28.527,20.930,15.960,12.523,10.785,22.285,16.305,11.353,12.466,22.221,41.973,14.193,23.580,14.718,20.949,10.620,15.421,15.888,21.061,18.611,24.846,27.277,12.778,32.723,12.610,19.091,23.436,19.080,19.065,24.462,13.096,23.407,20.175,13.799,19.853,15.227,16.490,16.253,25.703,31.567,16.886,15.385,16.038,28.299,32.517,25.866,16.644,17.983,18.573,25.726,27.532,17.536,26.041,34.762,17.989,29.117,26.633,18.141,18.577,18.519,25.701,17.785,27.514,41.355,26.529,54.314,31.810,43.661,30.992,19.751,19.559,35.525,18.901,20.816,30.024,29.908,19.176,18.719,20.548,32.050,44.404,20.815,28.442,31.126,21.479,31.900,23.228,43.172,31.422,32.319,33.221,33.476,34.335,34.273,43.121,31.894,33.047,31.593,21.882,41.379,48.026,30.754,30.213,31.229,52.620,34.208,35.080,22.561,24.593,40.020,33.657,24.316,41.894,51.019,54.358,52.382,36.411,33.910,25.246,37.986,38.686,55.607,43.196,44.080,45.253,46.314,33.153,38.115,48.407,54.808,50.274,46.351,44.232,44.859,45.533,52.446,58.184,55.145
node/1511622328,13.896,44.426,31.375,27.568,25.669,25.550,21.292,18.318,20.131,16.522,17.537,16.727,9.065,7.918,7.287,12.871,17.626,8.475,10.185,8.860,11.832,5.244,7.001,3.354,8.271,2.693,8.537,15.172,3.471,18.104,3.807,0.000,12.277,36.392,16.225,35.809,5.362,3.753,37.762,8.157,33.553,19.216,4.769,10.431,14.154,31.061,23.463,18.493,15.056,13.318,24.818,18.838,13.861,14.974,24.755,41.621,16.726,26.113,17.252,23.483,13.128,17.546,18.421,23.594,21.145,27.380,29.810,15.287,35.256,10.941,21.625,25.969,21.614,21.598,26.995,15.604,25.940,22.709,12.130,22.386,17.735,18.998,18.762,28.236,34.100,19.394,17.893,18.546,30.833,35.050,28.400,19.152,20.491,21.082,28.259,30.065,20.044,28.575,37.295,20.498,31.651,29.167,20.861,21.086,21.028,28.234,20.293,30.047,44.069,29.063,56.847,34.343,46.375,33.526,22.260,22.068,38.058,17.233,23.324,32.557,32.441,17.508,17.051,23.081,34.583,47.118,23.324,30.975,33.659,23.988,34.433,25.762,45.706,33.956,34.852,35.755,36.009,36.868,36.807,45.654,34.427,35.581,34.126,20.214,43.912,50.559,33.287,32.746,33.763,55.153,36.741,37.613,20.892,22.924,42.553,36.190,22.647,44.427,53.552,56.892,54.915,38.945,36.444,23.578,40.520,41.219,58.321,45.730,46.614,47.786,48.848,31.484,36.447,50.941,57.342,48.605,48.884,42.563,43.191,43.864,54.979,60.717,53.477
node/2613719490,4.101,42.304,29.252,25.446,23.547,23.427,19.170,16.195,18.009,14.400,15.415,16.637,8.756,8.502,9.287,20.589,25.345,9.380,8.063,7.740,19.550,9.954,8.095,12.180,15.989,12.989,2.739,4.827,14.773,8.267,6.286,11.771,0.000,27.603,3.461,27.020,4.863,11.451,28.973,16.310,24.809,10.291,9.283,3.349,5.212,21.224,14.538,9.568,6.114,6.823,15.892,9.913,7.415,7.273,15.829,32.303,8.202,17.188,8.586,14.557,8.602,13.902,9.755,14.668,12.219,18.454,20.885,9.351,25.420,16.241,12.699,17.044,12.688,12.672,18.070,11.522,17.015,13.783,18.143,13.460,14.105,14.746,14.593,19.311,25.175,14.906,15.184,14.918,21.907,26.125,19.474,15.524,15.252,15.006,19.334,21.140,16.416,19.649,28.370,16.870,22.725,20.241,19.353,16.258,18.319,19.308,16.665,21.122,34.052,20.137,47.922,25.418,36.358,24.600,17.974,18.440,29.133,20.720,17.840,23.632,23.516,20.108,19.211,19.029,25.657,37.101,25.502,22.050,24.733,21.250,25.508,21.709,36.780,25.030,25.927,26.829,27.084,27.942,27.881,36.729,25.502,26.655,26.284,21.991,34.987,41.634,29.235,28.694,24.837,46.228,27.815,28.688,24.573,26.605,33.628,27.265,26.328,35.502,44.627,47.966,45.990,28.450,30.770,27.259,31.594,32.294,48.304,36.804,37.688,38.861,39.922,35.165,40.128,42.015,48.416,52.286,44.832,46.244,46.872,47.545,50.927,51.792,57.157
node/1998376334,23.683,50.375,37.324,33.517,31.619,30.992,35.408,32.525,34.246,30.637,25.766,22.076,33.037,33.643,36.896,45.071,49.827,35.236,28.106,32.880,44.032,34.894,33.035,37.307,40.471,37.931,33.669,23.064,41.812,21.549,36.892,37.553,26.353,0.000,23.515,1.839,34.521,38.842,2.598,43.349,4.156,21.848,33.766,29.200,25.250,7.962,14.185,20.839,24.454,28.467,13.138,21.855,28.708,28.567,14.242,15.043,25.174,15.423,22.632,18.054,29.896,38.401,22.280,16.831,20.080,13.608,15.021,23.998,14.065,45.760,19.930,16.656,19.085,18.463,14.327,28.168,16.837,19.357,46.949,19.034,23.319,19.459,20.305,18.145,15.653,20.480,24.397,22.060,17.061,16.316,19.297,22.666,21.110,21.099,19.156,17.397,23.007,19.472,16.437,22.093,18.982,20.064,33.075,22.003,27.532,19.131,23.807,20.944,17.491,19.964,27.344,21.675,19.797,18.674,24.405,24.949,20.121,45.219,24.032,23.459,23.343,44.607,43.710,35.773,21.915,20.540,25.328,21.877,24.560,30.463,21.765,32.147,26.232,24.857,22.184,23.087,23.341,24.200,24.139,26.180,25.328,22.912,26.111,42.608,25.081,31.085,26.612,28.630,24.664,35.679,27.642,28.515,44.575,41.330,29.885,27.091,42.995,29.999,34.078,37.417,35.441,28.277,30.597,44.639,31.421,32.121,31.744,33.061,33.945,35.118,40.182,50.885,57.173,39.347,41.807,69.332,43.792,61.964,62.591,63.265,49.888,49.124,67.036
node/11083618706,1.373,40.170,27.119,23.312,21.413,20.786,18.398,15.424,17.237,13.628,14.699,11.963,14.845,10.572,11.357,24.005,28.760,11.450,9.328,9.809,22.966,12.024,10.165,14.250,19.405,15.059,6.231,2.099,18.189,3.179,9.707,15.187,4.043,22.962,0.000,22.379,8.283,14.867,24.332,19.726,20.134,4.238,12.699,6.372,6.314,16.549,12.649,7.680,6.949,8.276,14.004,7.753,8.517,8.376,13.941,27.629,8.935,15.300,8.488,12.669,9.705,17.335,8.412,12.780,10.059,16.566,20.002,10.591,20.745,19.674,10.539,15.155,10.528,10.512,16.182,13.378,15.126,11.623,21.575,11.300,11.945,12.585,12.432,17.422,22.333,12.745,13.024,12.758,20.019,23.196,17.586,13.364,13.091,12.845,17.445,19.251,14.255,17.761,27.742,14.709,20.837,18.353,16.710,14.098,16.158,17.420,14.505,19.233,29.377,18.249,49.259,23.530,31.683,22.712,15.814,16.279,32.007,24.153,15.679,15.612,21.628,23.541,22.643,22.462,23.769,32.426,16.959,20.162,16.431,19.089,23.620,25.142,38.117,23.142,24.039,24.941,25.195,26.054,25.993,38.066,23.613,24.767,24.396,25.423,36.966,42.971,24.897,23.290,22.949,47.565,25.927,26.799,28.006,30.038,31.739,25.376,29.761,41.885,45.964,49.303,47.327,26.562,28.881,30.691,29.706,30.406,43.629,34.916,35.800,36.973,38.034,38.598,43.560,40.127,46.528,55.719,41.870,49.677,50.304,50.978,47.965,49.903,60.590
node/1998376340,22.527,49.219,36.168,32.361,30.462,29.836,34.252,31.369,33.090,29.481,24.610,20.919,31.881,32.487,35.740,43.915,48.671,34.080,26.950,31.724,42.876,33.738,31.879,36.151,39.315,36.775,32.513,21.908,40.656,20.393,35.736,36.397,25.197,1.464,22.359,0.000,33.365,37.686,3.047,42.193,3.000,20.692,32.609,28.044,24.094,6.806,13.029,19.683,23.298,27.311,11.982,20.699,27.552,27.411,13.086,13.887,24.018,14.267,21.476,16.898,28.740,37.245,21.124,15.675,18.924,12.452,13.865,22.842,12.909,44.603,18.774,15.500,17.929,17.307,13.171,27.012,15.681,18.201,45.792,17.878,22.162,18.303,19.149,16.989,14.497,19.324,23.241,20.904,15.905,15.160,18.141,21.511,19.954,19.943,18.000,16.241,21.851,18.316,15.281,20.937,17.826,18.908,31.919,20.847,26.376,17.975,22.651,19.788,16.335,18.808,28.121,20.519,18.641,17.518,23.250,23.793,18.965,44.063,22.876,22.303,22.187,43.451,42.553,34.616,20.759,19.384,24.172,20.721,23.404,29.307,20.609,30.990,25.076,23.701,21.028,21.931,22.185,23.044,22.982,25.024,24.172,21.756,24.955,41.452,23.924,29.929,25.456,27.474,23.508,34.523,26.486,27.358,43.419,40.173,28.729,25.935,41.839,28.843,32.922,36.261,34.285,27.121,29.441,43.483,30.265,30.965,30.587,31.905,32.789,33.962,39.026,49.729,56.017,38.191,40.651,68.176,42.636,60.808,61.435,62.109,48.731,47.968,65.880
node/4065359328,9.996,44.742,31.691,27.884,25.985,25.866,21.608,18.634,20.447,16.838,17.853,17.043,10.802,10.549,11.451,16.773,21.529,9.791,10.501,9.786,15.734,9.449,7.590,6.417,12.173,7.040,4.897,11.272,10.957,12.752,2.686,5.815,5.122,32.297,7.512,31.714,0.000,5.514,33.667,12.494,29.478,14.985,3.766,6.200,9.923,26.830,19.232,14.262,10.825,9.087,20.587,14.607,9.655,10.768,20.524,37.909,12.495,21.883,13.021,19.252,8.922,13.723,14.190,19.363,16.914,23.149,25.579,11.080,31.025,14.945,17.394,21.738,17.383,17.367,22.764,11.398,21.709,18.478,16.134,18.155,13.529,14.792,14.556,24.005,29.869,15.188,13.687,14.340,26.602,30.819,24.169,14.946,16.285,16.876,24.028,25.834,15.838,24.344,33.064,16.292,27.419,24.936,16.443,16.880,16.822,24.003,16.087,25.816,39.658,24.832,52.616,30.112,41.963,29.294,18.054,17.862,33.827,20.541,19.118,28.326,28.210,19.929,19.032,18.850,30.352,42.706,19.118,26.744,29.428,19.782,30.203,21.531,41.475,29.725,30.621,31.524,31.778,32.637,32.576,41.423,30.196,31.350,29.895,21.812,39.681,46.328,29.056,28.515,29.532,50.922,32.510,33.382,24.896,26.928,38.322,31.959,26.652,40.196,49.321,52.660,50.684,34.714,32.212,27.582,36.289,36.989,53.910,41.498,42.383,43.555,44.617,35.489,40.451,46.709,53.111,52.610,44.653,46.568,47.195,47.869,50.748,56.486,57.481
way/101974944,13.775,46.687,33.636,29.829,27.930,27.810,23.553,20.578,22.392,18.783,19.798,23.383,11.326,10.179,9.547,12.056,16.812,10.735,12.446,11.120,11.018,7.504,9.262,5.614,7.457,5.074,10.719,15.681,6.237,15.013,4.298,2.940,10.944,33.438,13.135,32.855,4.431,0.000,34.807,7.343,30.619,16.126,3.436,7.341,11.063,27.970,20.373,15.403,11.966,10.228,21.727,15.748,10.771,11.883,21.664,39.050,13.636,23.023,14.161,20.392,10.038,14.864,15.331,20.503,18.054,24.289,26.720,12.196,32.166,10.126,18.534,22.879,18.523,18.507,23.905,12.514,22.850,19.618,11.315,19.295,14.645,15.908,15.671,25.146,31.010,16.304,14.803,15.456,27.742,31.960,25.309,16.062,17.401,17.991,25.169,26.975,16.954,25.484,34.205,17.407,28.560,26.076,17.559,17.995,17.937,25.143,17.203,26.957,40.798,25.972,53.757,31.253,43.104,30.435,19.169,18.977,34.968,16.418,20.234,29.467,29.351,16.693,16.236,19.990,31.492,43.847,20.233,27.885,30.569,20.897,31.343,22.671,42.615,30.865,31.762,32.664,32.919,33.777,33.716,42.564,31.337,32.490,31.035,19.399,40.822,47.469,30.197,29.655,30.672,52.063,33.650,34.523,20.077,22.109,39.463,33.099,21.833,41.337,50.462,53.801,51.825,35.854,33.353,22.763,37.429,38.129,55.050,42.639,43.523,44.696,45.757,30.670,35.632,47.850,54.251,47.791,45.794,41.749,42.376,43.050,51.889,57.627,52.662
node/11794162206,25.051,51.744,38.693,34.886,32.987,32.360,36.776,33.893,35.615,32.006,27.134,23.444,34.406,35.011,38.264,46.439,51.195,36.605,29.474,34.248,45.401,36.263,34.404,38.676,41.840,39.300,35.037,24.433,43.180,22.918,38.261,38.922,27.721,2.352,24.884,2.918,35.890,40.210,0.000,44.717,4.110,23.216,35.134,30.569,26.619,8.363,15.553,22.207,25.823,29.836,14.506,23.224,30.077,29.936,15.610,10.530,26.542,16.792,24.001,19.422,31.265,39.770,23.649,18.199,21.449,14.977,16.389,25.367,15.434,47.128,21.298,18.024,20.453,19.832,15.696,29.536,18.206,20.726,48.317,20.403,24.687,20.827,21.674,19.514,17.022,21.848,25.766,23.429,18.430,12.839,20.665,24.035,22.479,22.468,20.525,18.765,24.375,20.840,12.960,23.462,20.351,21.432,34.444,23.372,28.900,20.500,25.176,22.313,18.860,21.333,29.381,23.044,21.166,20.042,25.774,26.318,21.489,46.588,25.400,24.827,24.711,45.975,45.078,37.141,23.283,21.909,26.697,23.245,25.929,31.831,23.134,33.515,27.600,26.226,23.553,24.455,24.709,25.568,25.507,27.549,26.697,24.281,27.480,43.977,26.449,23.788,27.981,29.998,26.033,27.998,29.011,29.883,45.944,42.698,31.254,28.460,44.363,31.368,35.447,38.786,36.810,29.646,31.965,46.008,32.790,33.489,33.112,34.430,35.314,36.487,41.550,52.254,58.541,40.716,43.175,70.700,45.161,63.332,63.960,64.633,51.256,50.492,68.405
way/332587893,19.741,50.270,37.219,33.412,31.513,31.394,27.137,24.162,25.975,22.366,23.381,22.571,15.211,14.065,13.433,10.040,14.796,14.621,16.029,15.006,9.002,11.390,13.148,9.500,5.441,5.759,14.382,21.651,3.776,20.984,9.655,6.826,16.915,42.236,19.106,41.653,10.402,6.634,43.606,0.000,39.397,22.097,7.536,13.312,17.034,33.941,26.344,21.374,17.937,16.199,27.698,21.719,16.742,17.855,27.635,47.465,19.607,28.994,20.132,26.363,16.009,15.952,21.302,26.474,24.025,30.260,32.691,18.167,38.137,9.508,24.505,28.850,24.494,24.478,29.876,18.485,28.821,25.589,10.927,25.266,20.616,21.879,21.642,31.117,36.981,22.275,20.774,21.427,33.713,37.931,31.280,22.033,23.372,23.962,31.140,32.946,22.925,31.455,40.176,23.378,34.531,32.047,19.658,23.966,30.251,31.114,23.174,32.928,46.769,31.943,59.728,37.224,49.075,36.406,25.140,31.544,40.939,17.387,26.205,35.438,35.322,17.662,17.205,21.232,37.463,49.818,32.937,33.856,32.497,29.657,37.314,23.913,48.586,33.572,37.733,38.635,38.890,39.748,39.687,48.535,34.596,38.461,32.277,20.368,46.793,53.440,31.438,30.897,36.643,58.034,37.297,34.530,21.047,23.078,45.434,39.071,22.802,47.308,56.433,59.772,57.796,37.096,34.594,23.732,40.611,41.311,61.021,44.205,45.050,47.489,47.285,31.639,36.601,49.377,55.779,40.821,47.035,42.718,43.345,44.019,53.130,59.154,53.631
way/667746336,21.626,47.612,34.560,30.753,28.855,28.228,32.644,29.761,31.483,27.873,23.002,19.312,30.273,30.879,34.132,44.867,49.623,32.473,25.342,30.116,43.828,32.130,30.272,34.544,40.267,35.167,30.905,21.007,39.048,19.492,34.128,34.789,24.296,3.175,21.458,3.744,32.464,36.078,3.649,40.585,0.000,19.984,31.708,27.143,23.387,5.161,11.432,18.090,22.591,29.263,10.389,19.107,26.845,26.704,11.493,12.241,22.425,12.675,19.883,15.305,28.033,36.344,19.532,14.082,17.332,10.860,10.559,21.250,11.312,42.996,17.181,13.907,16.336,15.714,11.578,25.419,14.088,16.608,44.185,16.285,20.570,16.710,17.556,15.396,12.900,17.731,21.649,19.311,14.312,13.514,16.548,19.918,18.361,18.350,16.407,14.648,20.258,16.723,13.636,19.344,16.234,17.315,30.326,19.255,24.783,16.382,21.058,18.195,14.690,17.215,30.103,18.926,16.995,15.925,21.657,22.200,17.319,43.162,21.283,20.710,20.594,42.550,41.653,33.024,19.166,17.738,22.580,19.128,21.812,27.714,19.017,29.398,23.430,22.108,19.435,20.338,20.592,21.451,21.390,23.378,22.580,20.164,23.362,39.860,22.279,28.283,23.863,25.881,21.915,32.877,24.893,25.766,52.947,38.581,27.136,24.343,40.246,27.198,31.276,34.616,32.639,25.528,27.848,55.632,28.672,29.372,28.942,30.313,31.197,37.584,37.380,48.136,54.424,36.545,39.005,66.583,41.044,59.215,59.843,60.516,47.139,46.322,64.287
node/10726315310,5.173,39.762,26.711,22.904,21.005,20.378,20.381,17.407,19.220,15.611,15.152,11.555,16.828,16.853,18.374,26.125,30.881,19.269,11.311,14.465,25.087,20.545,18.686,18.323,21.526,19.286,13.156,5.640,20.310,3.296,16.800,17.308,10.771,21.110,4.276,20.527,15.576,16.988,22.480,21.846,18.291,0.000,14.820,10.255,7.179,14.675,8.045,2.280,5.566,10.396,9.400,5.172,10.637,10.496,9.337,25.122,7.446,7.324,7.000,5.934,11.825,19.456,5.444,5.979,6.200,11.961,14.392,9.103,18.379,21.795,8.439,8.354,8.055,8.039,11.577,11.890,8.325,9.150,23.696,8.827,9.145,9.786,9.632,10.621,18.682,10.805,10.224,9.957,15.415,19.632,10.785,10.564,11.902,10.373,10.644,12.959,11.455,10.960,21.877,11.909,16.232,11.552,18.901,13.491,13.358,10.619,11.704,12.432,29.361,11.448,41.429,18.925,31.667,18.107,15.889,13.479,22.640,26.274,15.515,14.942,14.826,25.662,24.764,24.582,19.165,27.109,16.812,13.360,16.044,16.289,19.015,17.973,30.288,16.341,19.434,20.337,20.591,21.450,21.388,30.236,16.812,20.162,17.595,27.544,28.494,35.141,18.096,20.113,16.148,39.735,19.126,19.998,30.127,27.156,27.135,18.575,31.882,29.009,38.134,41.473,39.497,19.761,22.080,32.812,22.905,23.605,35.987,26.499,27.344,29.783,29.579,36.711,45.681,31.671,38.072,57.840,35.069,47.790,48.418,49.091,41.164,41.448,58.313
node/4912455161,13.097,49.076,36.025,32.218,30.319,30.199,25.942,22.968,24.781,21.172,22.187,22.705,14.197,13.050,12.418,13.128,17.884,13.607,14.835,14.715,12.090,10.376,11.949,8.486,8.529,9.296,10.041,15.002,7.312,14.335,4.636,4.702,10.266,32.760,12.457,32.177,3.412,3.990,34.129,8.849,29.940,15.448,0.000,6.662,10.385,27.292,19.695,14.725,11.288,9.550,21.049,15.070,10.093,11.205,20.986,38.371,12.958,22.345,13.483,19.714,9.360,14.185,14.652,19.825,17.376,23.611,26.042,11.518,31.488,9.240,17.856,22.201,17.845,17.829,23.227,11.835,22.172,18.940,10.429,18.617,13.967,15.230,14.993,24.468,30.332,15.626,14.125,14.778,27.064,31.282,24.631,15.384,16.722,17.313,24.491,26.297,16.276,24.806,33.527,16.729,27.882,25.398,16.881,17.317,17.259,24.465,16.525,26.279,40.120,25.294,53.078,30.575,42.426,29.757,18.491,18.299,34.290,15.532,19.556,28.789,28.673,15.807,15.350,19.312,30.814,43.169,19.555,27.207,29.890,20.219,30.665,21.993,41.937,30.187,31.084,31.986,32.240,33.099,33.038,41.886,30.659,31.812,30.357,18.513,40.144,46.791,29.519,28.977,29.994,51.385,32.972,33.844,19.191,21.223,38.785,32.421,20.947,40.659,49.784,53.123,51.147,35.176,32.675,21.877,36.751,37.451,54.372,41.961,42.845,44.018,45.079,29.784,34.746,47.172,53.573,46.905,45.116,40.863,41.490,42.163,51.211,56.949,51.776
node/6723530125,6.733,45.220,32.169,28.362,26.463,25.836,23.134,20.160,21.973,18.364,20.610,17.012,13.164,12.911,13.813,17.626,22.382,12.153,12.863,12.148,16.588,11.811,9.953,12.983,13.027,13.794,5.516,9.309,11.810,8.642,8.301,8.809,3.541,27.067,6.093,26.484,7.076,8.488,28.436,13.347,24.247,9.755,6.321,0.000,4.692,21.599,14.002,9.032,5.595,3.860,15.356,9.377,4.556,5.842,15.293,32.678,6.771,16.652,7.297,14.021,5.725,10.939,8.466,14.132,11.683,17.918,20.349,7.920,25.795,13.279,12.163,16.508,12.152,12.136,17.534,8.829,16.479,13.247,15.180,12.924,13.569,14.210,14.057,18.775,24.639,14.370,14.648,14.382,21.371,25.589,18.938,14.988,14.716,14.470,18.798,20.604,15.880,19.113,27.834,16.334,22.189,19.705,16.390,15.722,17.783,18.772,16.129,20.586,34.427,19.601,47.386,24.882,36.733,24.064,17.439,17.904,28.597,17.757,17.304,23.096,22.980,17.145,16.248,16.066,25.121,37.476,24.965,21.514,24.197,24.491,24.972,18.747,36.244,24.494,25.391,26.293,26.547,27.406,27.345,36.193,24.965,26.119,27.111,19.028,34.451,41.098,26.273,25.731,24.301,45.692,27.279,28.151,21.610,23.642,33.092,26.728,23.366,34.966,44.091,47.430,45.454,27.914,30.234,24.296,31.058,31.758,48.679,36.268,37.152,38.325,39.386,32.203,37.165,41.479,47.880,49.324,41.869,43.282,43.909,44.583,47.964,51.255,54.195
way/1163945142,6.527,44.522,31.471,27.664,25.765,25.139,22.833,19.858,21.672,18.063,19.134,16.315,12.238,11.984,16.137,20.832,25.587,14.478,11.545,11.222,19.793,14.136,12.277,13.176,16.232,17.000,7.840,7.253,15.016,7.944,11.507,12.014,5.455,24.512,5.887,23.929,10.282,11.694,25.882,16.553,21.693,7.200,9.526,4.961,0.000,18.077,11.447,6.477,1.787,4.653,12.802,4.348,3.868,3.572,12.739,28.524,4.705,14.097,4.258,11.467,5.056,8.053,5.428,11.578,6.653,15.364,17.794,5.649,21.782,16.501,7.133,13.953,7.122,7.106,14.979,7.976,13.924,8.217,18.402,7.894,8.539,8.579,8.426,16.220,22.084,9.340,9.618,8.751,18.817,23.034,9.948,9.357,9.686,9.440,16.243,18.049,10.249,16.559,25.279,10.703,19.634,17.151,12.062,10.692,12.753,16.218,10.498,18.031,32.763,17.047,44.831,22.327,35.069,21.509,12.409,12.273,26.042,20.980,12.274,12.206,20.425,20.368,19.470,19.288,22.567,30.511,13.553,18.959,13.025,15.684,22.417,21.969,33.690,21.940,22.836,23.739,23.993,24.852,24.791,33.638,22.411,23.565,23.194,22.250,31.896,38.543,20.425,19.884,21.747,43.137,24.725,25.597,24.833,26.865,30.537,24.174,26.588,32.411,41.536,44.876,42.899,25.360,27.679,27.518,28.504,29.203,39.389,33.714,34.597,35.770,36.832,35.425,40.388,38.925,45.326,52.546,40.668,46.504,47.132,47.805,46.763,48.701,57.417
way/753703519,16.459,47.039,33.987,30.180,28.282,27.655,30.576,27.602,29.415,25.806,22.429,18.831,27.023,27.048,28.569,37.847,42.603,29.464,21.322,24.895,36.808,31.393,29.534,29.919,33.247,34.015,21.317,15.840,32.031,14.325,28.522,29.029,19.129,11.736,16.291,11.153,27.297,28.709,13.105,33.568,8.907,13.803,26.541,21.976,17.206,0.000,6.954,12.795,16.410,24.096,6.951,15.668,22.889,22.748,8.055,15.233,18.396,9.236,16.445,11.867,24.077,31.177,16.093,10.644,13.893,7.421,7.526,17.811,8.350,33.516,13.743,10.469,12.898,12.276,8.140,21.981,10.650,13.170,35.417,12.847,17.131,13.272,14.118,11.958,9.938,14.293,18.210,15.873,10.874,10.801,13.110,16.480,14.923,14.912,12.969,11.210,16.820,13.285,15.346,15.906,12.795,13.877,26.888,15.816,21.345,12.944,17.620,14.757,16.982,13.777,36.863,15.488,19.288,12.487,18.218,18.762,19.611,37.995,17.845,17.272,17.156,37.383,36.486,36.304,15.728,20.031,19.141,15.690,18.373,24.276,15.578,25.959,25.722,18.670,15.997,16.900,17.154,18.013,17.951,25.671,19.142,16.725,19.924,36.422,24.571,30.576,20.425,22.443,18.477,35.170,21.455,22.328,41.848,35.142,23.698,20.904,36.808,29.490,33.569,36.908,34.931,22.090,24.410,44.534,25.234,25.934,31.234,26.874,27.758,28.931,29.993,44.698,50.986,32.085,41.297,63.145,37.605,55.777,56.404,57.078,43.700,41.862,60.849
way/283638701,14.826,45.406,32.355,28.548,26.649,26.023,28.944,25.969,27.783,24.174,20.797,17.199,25.391,25.416,26.937,31.194,35.950,27.831,19.689,23.263,30.156,25.614,23.755,23.392,26.595,24.355,19.684,14.208,25.378,12.693,21.869,22.377,17.497,12.258,14.659,11.674,20.645,22.056,13.627,26.915,9.429,8.846,19.889,15.324,12.248,5.831,0.000,7.838,11.452,15.465,3.416,11.310,15.706,15.565,4.552,16.944,13.439,5.511,12.992,6.846,16.894,24.524,10.029,6.966,9.589,6.402,7.815,15.095,10.060,26.864,9.885,9.342,9.314,8.689,7.158,17.792,9.313,9.800,28.765,9.477,12.943,9.902,11.690,11.609,11.649,10.922,14.022,12.015,9.855,12.512,11.772,12.622,11.268,11.023,11.632,10.228,13.513,11.947,17.057,12.321,9.824,12.539,22.699,12.275,17.156,11.606,13.762,13.420,18.693,12.435,38.574,14.375,20.998,11.468,16.877,17.420,18.090,31.343,16.503,15.930,15.814,30.730,29.833,29.651,14.615,21.741,17.799,14.348,17.031,20.087,14.465,21.771,27.433,17.328,14.884,15.787,16.041,16.900,16.838,27.381,17.799,15.612,18.582,32.233,26.282,32.286,19.083,21.101,17.135,36.880,20.113,20.985,35.196,30.954,22.585,19.562,32.619,31.201,35.279,38.619,36.642,20.748,23.068,37.881,23.892,24.592,32.945,25.761,26.645,27.818,28.880,40.509,46.797,30.972,37.373,58.956,36.492,51.588,52.216,52.889,42.587,40.749,59.736
node/4374935729,8.320,42.519,29.467,25.660,23.762,23.135,23.535,20.560,22.373,18.764,17.909,14.311,19.982,16.447,21.742,25.272,30.028,20.034,14.464,15.684,24.234,19.692,17.833,17.470,20.673,18.432,12.303,9.708,19.456,5.324,15.947,16.454,9.918,20.257,7.423,19.674,14.722,16.134,21.626,20.993,17.437,2.102,13.967,9.401,6.326,13.821,7.191,0.000,3.624,9.543,8.546,3.253,6.600,6.311,8.483,23.707,5.527,5.780,5.081,4.390,7.788,18.602,3.900,4.434,4.655,11.108,13.539,7.184,16.965,20.942,6.894,6.810,6.511,6.495,10.724,9.971,6.780,7.606,22.843,7.283,7.600,8.241,8.088,9.077,17.829,9.261,8.679,8.413,12.880,18.778,9.240,9.019,10.358,8.828,9.100,11.415,9.911,9.415,21.024,10.364,15.379,10.007,17.357,11.947,11.814,9.074,10.160,10.888,28.507,9.903,40.575,18.072,30.813,13.036,14.345,11.934,21.787,25.420,13.971,13.398,13.282,24.808,23.911,23.729,18.311,26.256,15.267,11.816,14.499,14.745,18.162,16.428,29.434,14.796,18.581,19.483,19.737,14.384,20.535,29.383,15.268,19.309,16.050,26.890,27.641,34.288,16.551,18.569,14.603,38.882,17.581,18.453,29.273,25.611,26.282,17.030,27.277,28.155,37.281,40.620,38.644,18.216,20.536,31.959,21.360,22.060,35.133,24.954,25.800,28.238,28.034,35.167,41.455,30.127,36.528,53.614,33.524,46.246,46.873,47.547,39.619,39.903,56.768
node/5602005239,6.672,45.981,32.929,29.123,27.224,26.597,21.886,18.912,20.725,17.116,18.187,17.773,18.333,13.094,17.247,21.941,26.697,15.587,12.816,12.331,20.903,15.245,13.386,15.973,17.342,18.109,8.950,8.060,16.125,7.549,12.616,13.123,6.565,23.719,5.775,23.136,11.391,12.803,25.089,17.662,20.900,5.145,10.636,6.070,1.788,17.284,10.654,3.455,0.000,4.659,12.009,3.310,3.481,3.192,11.946,27.731,3.531,13.304,3.084,6.586,4.668,7.665,4.254,7.154,5.573,14.570,17.001,5.187,20.988,17.610,6.053,7.803,6.042,6.026,14.186,7.588,9.500,7.137,19.512,6.814,7.459,8.100,7.947,9.023,21.291,8.260,8.538,8.272,18.023,22.241,8.868,8.878,8.606,8.360,11.819,14.134,9.770,12.134,24.486,10.223,18.841,12.726,11.674,9.612,11.673,11.794,10.019,13.607,31.970,12.622,44.038,21.534,34.276,20.716,11.329,11.793,25.249,22.089,11.194,11.126,16.001,21.477,20.580,20.398,21.774,29.718,12.473,14.535,11.945,14.604,21.624,16.287,32.897,12.698,22.043,22.945,23.200,24.059,23.997,32.845,17.987,22.771,18.769,23.360,31.103,37.750,19.345,18.804,17.322,42.344,20.300,21.173,25.942,27.974,29.744,19.750,27.698,31.618,40.743,44.082,42.106,20.935,23.255,28.628,24.079,24.779,38.596,27.674,28.519,30.957,30.753,36.535,41.497,32.846,39.247,53.656,36.244,47.614,48.241,48.914,42.339,42.623,58.527
way/1094224072,8.600,47.556,34.505,30.698,28.800,28.173,25.471,22.496,24.310,20.701,22.947,19.349,19.844,18.697,18.066,18.775,23.531,17.166,13.618,13.295,17.737,16.023,14.965,14.133,14.176,14.943,12.272,11.646,12.960,10.979,9.450,9.958,6.576,27.857,7.960,27.274,8.226,9.637,29.227,14.496,25.038,10.545,7.470,3.855,3.815,21.422,14.792,9.822,4.369,0.000,16.147,6.971,2.234,3.365,16.084,31.869,5.038,17.442,5.563,14.811,4.332,6.601,6.733,14.923,8.671,18.709,21.139,5.098,28.131,13.400,8.537,17.298,9.121,9.729,18.324,6.808,17.269,10.840,15.301,10.517,8.534,9.884,9.731,19.565,25.429,10.598,9.097,9.750,22.162,26.379,19.729,10.356,11.694,12.285,19.588,21.394,11.248,19.903,28.624,11.701,22.979,20.495,10.610,12.289,12.231,19.563,11.497,21.376,36.763,20.392,48.176,25.672,39.069,24.854,13.463,13.271,29.387,17.879,14.528,14.829,23.770,17.266,16.369,16.187,25.912,33.856,14.527,22.304,15.627,15.191,25.762,18.868,37.035,25.285,26.181,27.084,27.338,28.197,28.135,36.983,25.756,26.909,27.232,19.149,35.241,41.888,26.394,25.852,25.091,46.482,28.070,28.942,21.732,23.764,33.882,27.519,23.487,35.756,44.881,48.220,46.244,32.051,29.550,24.417,31.848,32.548,42.734,37.058,37.942,39.115,40.176,32.324,37.286,42.269,48.670,49.445,41.990,43.403,44.030,44.704,48.086,52.046,54.316
way/674299894,17.388,46.570,33.519,29.712,27.813,27.186,30.108,27.133,28.946,25.337,21.960,18.362,26.555,23.111,28.407,31.937,36.693,26.699,24.835,22.349,30.898,26.357,24.498,24.134,27.337,25.097,18.968,16.769,26.121,15.254,22.612,23.119,16.582,12.432,14.088,11.848,21.387,22.799,13.801,27.658,9.612,9.588,20.631,16.066,12.991,5.996,2.726,8.581,12.195,16.208,0.000,12.053,16.449,16.308,1.748,17.767,14.181,3.106,13.735,7.575,17.637,25.267,11.867,7.181,10.436,3.768,5.181,15.838,10.374,27.606,10.286,7.012,9.441,8.819,4.223,18.620,7.193,9.713,29.508,9.390,13.771,9.815,10.661,8.501,11.328,10.836,14.850,12.416,7.221,12.277,9.891,13.023,11.704,11.693,9.512,7.293,13.601,9.828,14.523,12.687,8.878,10.389,23.527,12.597,17.984,9.487,14.163,8.737,19.006,10.320,34.075,11.571,21.312,8.834,14.761,15.305,15.286,32.085,14.388,13.815,13.699,31.473,30.576,30.394,11.810,22.055,15.684,12.233,14.916,20.915,11.661,22.599,22.933,15.213,12.080,12.982,13.236,14.095,14.034,22.882,15.684,12.808,16.467,33.061,21.140,27.787,16.968,18.986,15.020,32.381,17.592,18.870,35.938,31.782,19.781,17.447,33.447,21.654,30.780,34.119,32.143,18.633,20.953,38.624,22.028,22.727,28.632,22.957,23.841,25.014,26.075,41.337,47.625,28.168,34.569,59.784,33.688,52.416,53.044,53.717,39.783,37.944,56.932
node/3777486881,7.922,44.795,31.744,27.937,26.038,25.412,23.136,20.161,21.975,18.366,19.437,16.588,19.583,19.608,21.129,25.025,29.781,19.787,14.066,15.437,23.987,19.445,17.586,17.223,20.426,18.186,12.056,9.310,19.210,8.799,15.700,16.208,9.671,20.996,7.025,20.413,14.476,15.887,22.366,20.746,18.177,5.212,13.720,9.155,4.144,14.561,8.567,2.939,3.230,6.990,10.866,0.000,5.342,4.086,9.119,23.867,2.877,5.940,2.431,3.510,5.808,9.058,1.921,4.595,3.047,11.844,13.441,4.534,17.125,20.695,3.947,6.970,3.916,3.900,10.517,7.321,6.941,5.011,22.596,4.688,5.234,5.437,5.284,9.237,17.434,6.133,6.312,5.609,13.040,18.384,9.400,6.216,6.479,6.233,9.260,11.575,7.107,9.575,20.629,7.561,14.984,10.167,14.990,7.485,9.447,9.235,7.356,11.048,25.747,10.063,40.711,17.677,28.052,13.196,9.323,9.131,21.922,25.174,9.067,13.558,13.442,24.561,23.664,23.482,17.916,26.391,15.428,11.976,14.660,12.378,17.767,14.062,29.570,14.957,18.186,19.088,19.343,14.544,20.140,29.518,15.428,18.914,16.210,24.524,27.776,34.423,16.711,16.578,14.763,39.017,17.742,18.614,29.026,23.245,25.887,17.191,24.910,27.761,37.416,40.755,38.779,18.376,20.696,31.712,21.520,22.220,35.269,25.115,25.960,28.398,28.194,32.800,39.088,30.287,36.688,51.247,33.685,43.879,44.507,45.180,39.780,40.064,56.928
node/622204540,8.991,48.331,35.280,31.473,29.575,28.948,26.568,23.594,25.407,21.798,22.869,20.124,14.702,14.448,19.755,20.464,25.220,20.942,14.009,13.686,19.426,17.712,15.600,15.822,15.865,16.632,10.286,9.717,14.649,11.754,11.139,11.647,7.919,28.248,8.351,27.665,9.915,11.326,29.617,16.185,25.428,8.837,9.159,4.630,3.954,21.812,15.182,7.147,3.793,2.385,16.537,5.974,0.000,1.583,16.474,32.259,4.034,12.275,4.567,9.293,1.514,4.511,5.736,10.930,7.674,19.099,21.530,3.315,25.517,12.727,7.540,10.280,8.124,8.733,18.715,4.724,13.276,9.843,14.629,9.521,6.804,8.067,7.831,11.500,25.820,8.440,6.940,7.592,22.552,26.769,11.526,8.199,9.537,10.128,15.595,17.910,9.090,15.911,29.015,9.544,23.370,11.965,8.520,10.132,10.074,15.570,9.339,17.383,36.498,16.399,48.566,26.063,38.804,25.245,11.306,11.114,29.777,15.243,12.371,12.846,13.541,14.631,13.734,10.702,26.302,34.247,12.370,18.311,13.470,13.034,26.153,12.471,37.425,14.418,26.572,27.474,27.728,28.587,28.526,37.374,15.485,27.300,15.793,16.514,35.632,42.279,17.776,17.234,21.099,46.873,24.077,20.867,19.096,21.128,34.273,23.526,20.852,36.146,45.272,48.611,46.635,24.067,22.361,21.782,27.856,28.555,43.124,31.450,32.295,34.734,34.530,29.689,34.651,36.622,43.023,46.810,34.006,40.767,41.395,42.068,40.101,46.399,51.681
way/473868951,8.627,47.676,34.625,30.818,28.920,28.293,25.665,22.690,24.504,20.895,21.966,19.469,14.338,14.085,19.145,22.532,27.288,17.437,13.645,13.322,21.494,17.095,15.236,14.873,17.933,18.700,9.922,9.353,16.716,11.327,13.207,13.715,7.556,27.884,7.987,27.301,11.982,13.394,29.253,18.253,25.064,8.955,11.227,6.662,3.386,21.449,14.819,7.265,3.232,3.641,16.173,4.469,1.256,0.000,16.110,28.698,2.152,10.770,3.062,7.787,1.660,5.458,4.231,9.425,6.169,18.735,21.166,2.658,21.955,13.674,6.035,8.775,6.619,7.228,18.351,4.067,11.771,8.338,15.576,8.016,5.649,7.382,7.229,9.995,25.456,7.696,6.217,6.848,17.871,26.406,9.996,7.454,8.793,9.383,14.090,16.405,8.346,14.406,28.651,8.799,23.006,14.998,9.466,9.387,9.351,14.065,8.595,15.878,36.135,14.894,48.203,25.699,38.440,18.026,10.561,10.369,29.414,16.190,11.626,12.328,18.272,15.578,14.681,11.649,25.938,33.883,11.625,16.806,12.725,12.377,25.789,13.418,37.061,13.900,26.208,27.110,27.365,19.375,28.162,37.010,20.258,26.936,15.136,17.461,35.268,41.915,17.118,16.577,19.594,46.509,22.572,23.444,20.043,22.075,33.909,22.021,21.798,35.783,44.908,48.247,46.271,23.207,21.704,22.729,26.351,27.050,42.760,29.945,30.790,33.229,33.025,30.635,35.598,35.117,41.518,47.756,33.349,41.714,42.342,43.015,39.444,44.894,52.627
node/3123215557,14.302,45.886,32.835,29.028,27.129,26.503,29.424,26.449,28.263,24.654,21.277,17.679,25.871,22.428,27.723,31.253,36.009,26.015,24.152,21.665,30.215,25.673,23.814,23.451,26.654,24.413,18.284,15.482,25.437,13.967,21.928,22.436,15.899,13.476,13.405,12.893,20.703,22.115,14.845,26.974,10.656,8.904,19.948,15.382,12.307,7.040,3.095,7.897,11.511,15.524,1.414,11.369,15.765,15.624,0.000,17.487,13.498,2.422,13.051,6.187,16.953,24.583,11.183,5.984,11.528,4.327,6.758,15.154,10.745,26.923,9.089,5.815,8.244,7.622,3.943,17.936,5.996,8.516,28.824,8.193,13.087,8.618,9.464,7.304,11.048,9.639,14.166,13.899,7.780,11.997,9.712,14.506,11.525,11.514,8.315,7.012,13.422,8.631,14.243,12.508,8.598,9.223,22.843,12.418,17.300,8.290,15.646,8.457,18.153,9.123,33.794,11.291,20.459,10.473,13.565,14.108,15.005,31.401,13.191,12.618,12.502,30.789,29.892,29.710,11.530,19.475,14.488,11.036,13.720,20.231,11.381,21.915,22.653,14.016,11.800,12.702,12.956,13.815,13.754,22.602,14.488,12.528,15.270,32.377,20.860,27.507,15.771,17.789,13.823,32.101,17.312,17.674,35.254,31.098,19.500,16.251,32.763,21.374,30.500,33.839,31.863,17.436,19.756,37.940,21.747,22.447,28.352,22.677,23.561,24.734,25.795,40.653,46.941,27.888,34.289,59.100,33.408,51.732,52.360,53.033,39.503,37.664,56.652
way/304004266,27.748,54.599,41.548,37.741,35.842,35.215,39.631,36.748,38.470,34.861,29.989,26.299,37.261,37.867,41.120,49.136,53.892,39.460,32.329,37.104,48.097,39.118,37.259,41.531,44.536,42.155,37.892,27.129,43.320,25.614,41.116,40.318,30.418,15.280,27.580,14.697,38.586,39.998,11.249,44.857,12.451,25.119,37.830,33.265,28.214,12.239,18.235,23.281,27.418,35.385,17.674,24.297,31.672,28.824,17.205,0.000,27.616,18.564,26.078,20.496,30.546,42.466,24.736,19.271,23.363,14.005,14.678,29.188,10.608,44.805,23.659,18.970,21.562,20.941,14.709,31.490,18.642,20.298,46.706,21.389,26.640,21.814,27.128,18.296,12.196,20.578,27.719,21.033,14.719,8.953,18.459,22.323,20.273,20.262,18.119,15.881,22.169,18.815,9.075,21.256,14.688,18.957,30.680,21.166,24.212,18.475,22.738,17.552,12.270,19.315,20.418,19.667,10.961,16.331,22.257,22.800,14.899,49.284,21.883,22.809,22.702,48.672,47.775,32.920,19.907,12.564,24.688,21.227,23.920,26.930,19.758,29.294,14.036,24.217,20.177,21.079,21.333,22.192,22.131,14.940,24.688,20.905,25.471,39.756,19.859,16.423,25.972,27.989,24.024,20.633,25.688,27.874,41.723,38.477,27.877,26.451,40.142,24.778,20.074,23.413,21.437,27.637,29.956,41.786,30.780,31.480,25.086,31.054,31.938,35.165,34.961,48.032,54.320,34.126,36.585,66.479,41.785,59.111,59.739,60.412,47.880,43.903,65.028
node/2304484464,8.643,47.952,34.901,31.094,29.195,28.568,23.857,20.883,22.696,19.087,20.158,19.744,20.304,20.329,21.850,23.293,28.049,20.509,14.787,14.500,22.254,20.166,18.308,17.944,18.693,18.907,11.119,10.031,17.477,9.520,13.968,14.475,8.734,25.690,7.746,25.107,12.743,14.155,27.060,19.014,22.871,7.148,11.987,7.422,3.957,19.255,12.625,5.457,3.013,5.102,13.980,2.661,2.918,1.663,13.917,26.890,0.000,8.963,1.254,5.980,3.501,6.751,2.423,7.617,4.362,16.542,18.972,2.227,20.148,14.967,4.228,6.967,4.811,5.420,16.157,5.014,9.963,6.531,16.869,6.208,4.471,5.575,5.421,8.187,20.457,6.518,5.040,5.670,16.063,21.406,8.188,6.277,7.615,7.754,12.283,14.598,7.168,12.598,23.651,7.622,18.007,13.190,11.129,8.210,8.174,12.257,7.417,14.071,33.941,13.086,43.733,20.700,36.247,16.219,9.384,9.192,24.945,17.853,10.449,10.520,16.465,17.240,16.343,13.312,20.939,29.414,10.448,14.999,11.339,12.076,20.790,12.789,32.592,12.092,21.209,22.111,22.365,17.567,23.163,32.541,18.451,21.937,14.835,23.251,30.799,37.446,16.817,16.276,17.786,42.040,20.764,21.637,21.706,21.972,28.910,20.213,23.637,30.783,40.439,43.778,41.801,21.399,23.719,24.391,24.543,25.243,38.291,28.137,28.983,31.421,31.217,31.527,37.815,33.310,39.711,49.974,33.048,42.606,43.233,43.907,39.143,43.086,53.519
node/1080996458,16.259,47.843,34.792,30.985,29.086,28.459,31.381,28.406,30.220,26.610,23.233,19.636,27.828,24.385,29.680,33.210,37.966,27.972,26.109,23.622,32.172,27.630,25.771,25.408,28.611,26.370,20.241,17.439,27.394,15.924,23.885,24.392,17.855,15.433,15.361,14.850,22.660,24.072,16.802,28.931,12.613,7.421,21.905,17.339,14.264,8.997,5.341,5.583,13.468,17.481,3.370,6.600,17.722,11.127,1.957,19.444,9.918,0.000,8.380,2.847,12.848,26.540,7.039,1.581,5.590,5.761,8.191,11.490,12.702,28.880,5.351,4.230,4.506,3.885,3.999,13.792,3.616,4.778,30.781,4.456,8.942,4.880,5.726,5.719,13.005,5.901,10.021,7.481,8.106,13.954,6.076,8.088,6.247,6.001,5.935,7.032,8.979,6.251,16.200,7.300,10.555,6.843,18.699,7.253,13.156,5.910,9.228,7.723,20.110,6.743,35.751,13.248,22.416,12.430,11.185,11.728,16.962,27.974,10.811,10.238,10.122,27.362,26.464,21.396,13.487,21.432,12.107,8.656,11.339,16.087,13.338,17.770,24.610,11.636,13.757,14.659,14.913,15.772,15.711,24.559,12.108,14.485,12.890,28.232,22.817,29.463,13.391,15.409,11.443,34.057,14.421,15.294,30.199,26.953,21.457,13.870,28.619,23.331,32.456,35.796,33.819,15.056,17.376,30.263,18.200,18.900,30.309,21.794,22.640,25.078,24.874,36.509,42.797,26.967,33.368,54.956,30.364,47.588,48.215,48.889,36.459,36.743,53.608
node/4769471534,8.632,46.564,33.513,29.706,27.807,27.180,23.846,20.872,22.685,19.076,20.148,18.356,20.294,20.318,21.839,23.986,28.742,20.498,14.776,15.060,22.948,20.156,18.297,17.933,19.387,18.896,11.679,10.020,18.171,9.509,14.661,15.169,9.294,21.800,7.735,21.217,13.437,14.848,23.169,19.707,18.980,6.965,12.681,8.116,4.517,15.364,10.336,5.127,3.573,5.795,12.635,2.650,4.147,2.891,9.922,25.636,1.683,7.709,0.000,5.260,4.613,7.863,1.169,6.363,3.108,13.613,15.210,3.339,18.894,16.080,2.974,5.713,3.558,4.317,12.286,6.126,8.710,5.428,17.981,5.105,3.677,4.321,4.168,6.933,19.203,5.341,4.756,4.493,14.809,20.152,6.934,5.099,6.438,7.028,11.029,13.344,5.991,11.344,22.398,6.444,16.753,11.936,13.434,7.032,7.891,11.003,6.240,12.817,27.515,11.832,42.479,19.445,29.821,14.965,8.206,8.014,23.691,18.608,9.271,9.417,15.211,17.995,17.098,16.131,19.685,28.160,9.270,13.745,10.370,10.822,19.536,12.505,31.338,16.725,19.955,20.857,21.111,16.313,21.909,31.287,17.197,20.683,13.581,22.967,29.545,36.192,15.563,15.022,16.532,40.786,19.510,20.383,24.934,21.688,27.655,18.959,23.354,29.529,39.185,42.524,40.547,20.145,22.465,24.998,23.289,23.989,37.037,26.883,27.729,30.167,29.963,31.244,37.532,32.056,38.457,49.690,31.794,42.322,42.950,43.623,37.889,41.832,53.236
node/10937770886,11.181,45.183,32.132,28.325,26.427,25.800,26.395,23.421,25.234,21.625,20.574,16.976,22.842,19.307,24.602,28.133,32.888,22.894,17.325,18.544,27.094,22.552,20.693,20.330,23.533,21.293,15.163,12.569,22.317,8.872,18.807,19.315,12.778,17.693,10.284,17.110,17.583,18.995,19.063,23.854,14.874,5.216,16.827,12.262,9.187,11.258,6.125,3.377,6.738,12.404,6.228,4.394,10.176,8.921,4.815,20.565,7.712,2.637,6.174,0.000,10.643,13.893,4.833,1.292,3.553,8.541,10.138,9.284,13.822,23.802,3.849,3.667,3.278,2.652,7.214,11.586,3.638,3.763,25.703,3.441,6.737,3.865,7.224,3.970,14.131,4.886,7.816,7.549,9.738,15.081,6.098,8.156,5.232,4.986,5.957,8.272,9.047,6.273,17.326,6.285,11.681,6.865,16.493,6.238,10.950,5.932,9.296,7.745,22.444,6.761,37.408,14.374,24.750,9.893,11.202,8.408,18.619,25.768,10.828,10.255,10.139,25.156,24.259,19.191,14.614,23.088,12.125,8.673,11.357,13.881,14.464,15.565,26.267,11.654,14.883,15.786,16.040,11.242,16.837,26.215,12.125,15.611,12.908,26.027,24.473,31.120,13.409,15.426,11.461,35.714,14.439,15.311,27.994,24.748,22.584,13.888,26.413,24.458,34.113,37.452,35.476,15.074,17.393,28.057,18.218,18.918,31.966,21.812,22.657,25.096,24.892,34.303,40.591,26.984,33.385,52.750,30.382,45.382,46.010,46.683,36.477,36.761,53.626
node/2636758535,9.687,48.737,35.685,31.878,29.980,29.353,27.265,24.290,26.103,22.494,23.566,20.529,21.226,20.080,19.448,20.158,24.914,20.636,21.864,18.528,19.119,17.405,16.332,15.515,15.558,16.326,13.638,10.413,14.342,12.159,10.833,11.340,8.616,28.944,9.047,28.361,9.608,11.020,30.314,15.879,26.125,9.533,8.852,7.940,4.651,22.509,15.879,7.843,4.489,3.567,17.233,5.988,1.166,1.741,17.170,30.217,3.327,12.289,4.581,9.306,0.000,4.204,5.750,10.944,7.688,19.795,22.226,2.711,23.474,12.421,6.866,10.294,8.138,8.747,19.411,4.120,13.290,9.857,14.322,8.173,6.199,7.463,7.226,11.514,26.516,7.836,6.335,6.988,19.390,27.466,10.921,7.594,8.933,9.524,15.609,17.924,8.486,15.925,29.711,8.939,24.066,11.360,8.213,9.527,9.470,15.584,8.735,17.397,37.195,16.413,49.263,26.759,39.501,19.545,10.701,10.509,30.474,14.937,11.766,12.242,12.936,14.324,13.427,10.396,26.998,34.943,11.765,18.325,12.865,12.429,26.849,12.164,38.121,13.814,27.268,28.170,28.425,20.894,29.222,38.070,14.880,27.996,15.189,16.207,36.328,42.975,17.171,16.630,21.113,47.569,24.091,20.262,18.790,20.822,34.969,23.540,20.545,36.843,45.968,49.307,47.331,23.462,21.757,21.475,27.870,28.570,43.821,31.464,32.309,34.748,34.544,29.382,34.344,36.636,43.037,46.503,33.401,40.461,41.088,41.762,39.496,46.413,51.374
node/1600767375,12.603,53.730,40.679,36.872,34.973,34.346,31.645,28.670,30.483,26.874,29.120,25.523,22.766,21.619,20.988,21.697,26.453,22.175,23.404,20.067,20.659,18.945,17.872,17.055,17.098,17.865,15.178,17.820,15.881,17.152,12.372,12.880,11.531,31.860,11.963,31.276,11.147,12.559,33.229,17.518,29.040,12.449,10.392,9.480,7.566,25.424,18.794,10.758,7.404,6.362,20.149,9.599,4.095,5.208,20.086,35.871,6.793,15.900,8.192,12.918,4.003,0.000,9.361,14.555,11.299,22.711,25.141,6.177,34.305,10.419,10.476,13.523,11.367,12.358,22.326,6.819,16.901,12.108,12.320,10.924,8.950,10.213,9.977,14.812,29.431,10.609,9.108,9.761,26.164,30.381,13.694,10.367,11.706,12.297,14.569,21.535,16.138,19.536,32.626,11.713,26.982,14.133,8.226,12.300,15.751,19.195,16.279,21.009,42.937,20.024,52.178,29.674,45.243,28.857,18.289,18.097,33.389,14.950,19.354,20.140,20.798,14.338,13.441,10.409,29.914,37.858,19.353,21.936,20.453,18.602,29.765,12.178,41.037,22.195,30.183,31.086,31.340,27.798,32.138,40.986,23.470,30.912,20.900,16.221,39.243,45.890,21.038,20.497,25.298,50.484,26.897,24.129,18.803,20.835,37.884,28.228,20.558,39.758,48.883,52.223,50.246,26.696,24.194,21.488,30.210,30.910,46.736,33.805,34.650,37.089,36.885,29.395,34.358,38.977,45.378,46.516,36.635,40.474,41.102,41.775,42.730,48.754,51.387
node/2606420203,8.693,46.100,33.048,29.242,27.343,26.716,23.907,20.932,22.746,19.137,21.490,17.892,20.354,20.379,21.900,25.796,30.552,20.558,14.837,16.208,24.758,20.216,18.357,17.994,21.197,18.957,12.827,10.081,19.980,9.569,16.471,16.979,10.442,21.335,7.796,20.752,15.246,16.659,22.705,21.517,18.516,5.220,14.491,9.926,4.946,14.900,9.872,3.520,4.032,6.980,12.170,2.299,5.331,4.076,9.458,25.172,2.867,7.244,1.185,4.090,5.798,9.047,0.000,5.899,2.643,13.149,14.745,3.915,18.430,21.466,2.510,5.249,3.093,3.853,11.821,8.062,8.245,4.964,23.367,4.641,3.213,3.856,3.703,6.469,18.738,4.876,4.292,4.028,14.345,19.688,6.470,4.635,5.973,6.564,10.564,12.879,5.526,10.880,21.933,5.980,16.288,11.472,12.969,6.568,7.426,10.539,5.775,12.352,27.051,11.368,42.015,18.981,29.357,14.500,7.742,7.550,23.226,22.244,8.806,8.953,14.746,21.632,20.735,15.667,19.221,27.695,8.806,13.280,9.906,10.357,19.071,12.041,30.874,16.261,19.490,20.393,20.647,15.849,21.445,30.823,16.732,20.218,13.117,22.503,29.080,35.727,15.099,14.558,16.068,40.321,19.046,19.918,24.470,21.224,27.191,18.495,22.889,29.065,38.720,42.059,40.083,19.681,22.000,24.533,22.825,23.525,36.573,26.419,27.265,29.703,29.499,30.779,37.067,31.591,37.992,49.226,31.329,41.858,42.486,43.159,37.424,41.368,52.771
node/3254987866,12.229,45.546,32.495,28.688,26.789,26.162,29.084,26.109,27.922,24.313,20.936,17.338,25.531,25.555,25.651,29.181,33.937,23.943,19.829,19.593,28.143,23.601,21.742,21.378,24.582,22.341,16.212,14.903,23.365,13.388,19.856,20.363,13.826,16.514,11.332,15.931,18.631,20.043,17.884,24.902,13.695,6.264,17.876,13.310,10.235,10.079,7.224,4.426,7.786,13.452,4.692,5.442,11.225,9.969,3.279,19.386,8.761,1.336,7.222,1.641,11.691,14.941,5.881,0.000,4.236,7.362,8.959,10.332,12.643,24.851,4.194,2.488,3.349,2.727,6.035,12.634,2.459,3.621,26.752,3.298,7.785,3.723,4.569,4.755,12.952,4.744,8.864,6.324,8.559,13.902,4.919,6.931,5.090,4.844,4.778,7.093,7.822,5.093,16.147,6.142,10.502,5.686,17.542,6.096,11.998,4.753,8.071,6.566,21.265,5.586,36.233,13.195,23.570,8.714,10.027,10.571,17.444,26.817,9.654,9.081,8.964,26.204,25.307,20.239,13.435,21.913,10.950,7.498,10.182,14.930,13.285,16.613,25.092,10.479,13.704,14.607,14.861,10.067,15.658,25.041,10.950,14.432,11.733,27.075,23.299,29.945,12.234,14.252,10.286,34.539,13.264,14.136,29.042,25.796,21.405,12.713,27.462,23.279,32.938,36.278,34.301,13.899,16.218,29.106,17.043,17.743,30.791,20.637,21.483,23.921,23.717,35.352,41.639,25.809,32.211,53.798,29.207,46.431,47.058,47.731,35.302,35.586,52.451
node/3895220847,9.545,45.988,32.937,29.130,27.231,26.604,24.759,21.785,23.598,19.989,21.378,17.780,21.206,21.231,22.752,26.649,31.404,21.410,15.689,17.060,25.610,21.068,19.209,18.846,22.049,19.809,13.679,10.933,20.833,10.422,17.323,17.831,11.294,19.790,8.648,19.207,16.099,17.511,21.160,22.370,16.971,6.389,15.343,10.778,5.798,13.355,9.760,4.551,4.885,8.215,9.474,3.125,6.566,5.311,7.901,25.060,4.102,5.171,2.419,3.196,7.032,10.139,2.067,5.787,0.000,13.037,14.633,4.999,18.318,22.318,0.931,3.526,1.371,1.883,11.710,6.386,8.133,2.994,22.233,2.671,2.837,2.889,2.736,4.746,18.627,3.909,3.479,3.061,14.233,19.576,4.747,3.667,5.006,4.217,5.618,12.768,4.559,10.768,21.822,5.013,16.177,6.037,12.157,5.601,6.614,10.427,4.808,12.241,26.939,11.256,41.903,18.869,29.245,14.389,6.775,6.582,23.114,21.432,7.051,6.984,7.476,20.820,19.922,14.855,19.109,27.584,7.839,13.169,7.802,9.000,18.960,11.229,30.762,8.556,19.378,20.281,20.535,15.737,21.333,30.711,9.622,20.107,9.824,21.691,28.969,35.616,15.100,14.559,15.956,40.209,18.934,19.806,23.657,20.412,27.079,18.383,22.077,28.953,38.609,41.948,39.971,19.569,21.889,23.721,22.713,23.413,36.461,26.307,27.153,29.591,29.387,29.967,36.255,31.480,37.881,48.414,31.331,41.046,41.673,42.347,37.426,41.256,51.959
node/11210080138,18.169,49.754,36.703,32.896,30.997,30.370,33.292,30.317,32.131,28.521,25.145,21.547,29.739,26.296,31.591,35.121,39.877,29.883,28.020,25.533,34.083,29.541,27.682,27.319,30.522,28.281,22.152,22.227,29.305,20.712,25.796,26.303,19.767,14.782,17.273,14.199,24.571,25.983,16.151,30.842,11.962,12.772,23.816,19.250,16.175,8.346,6.774,11.765,15.379,19.392,4.668,13.273,19.633,19.492,5.167,13.780,17.366,6.525,15.053,9.471,20.821,28.451,13.711,8.246,11.283,0.000,1.936,18.163,7.037,30.791,11.132,7.858,10.287,9.665,2.579,20.465,5.223,9.273,32.692,10.237,15.615,10.661,11.507,7.271,7.738,9.553,16.694,10.008,3.831,8.688,7.434,11.298,9.248,9.237,7.093,4.993,11.144,7.790,10.933,10.231,3.800,7.932,19.655,10.141,13.187,7.450,11.713,6.664,14.843,8.290,30.485,7.981,17.149,5.443,11.232,11.775,11.696,35.269,10.858,11.784,11.677,34.657,33.760,31.823,8.221,16.165,13.663,10.203,12.895,15.905,8.072,18.269,19.344,13.192,8.490,9.393,9.647,10.506,10.445,19.292,13.663,9.219,14.446,28.731,17.550,24.197,14.947,17.688,13.992,28.791,14.002,17.572,30.698,27.452,16.191,16.253,29.117,18.065,27.190,30.529,28.553,17.438,19.655,30.761,18.438,19.138,25.043,19.367,20.252,21.424,22.486,37.008,43.295,24.578,30.980,55.454,30.099,48.086,48.714,49.387,36.194,34.355,53.342
way/1131163538,19.855,50.435,37.384,33.577,31.678,31.051,33.973,30.998,32.811,29.202,25.825,22.227,30.420,30.444,31.965,36.813,41.569,32.860,24.718,27.225,35.775,31.233,29.374,29.011,32.214,29.974,23.844,19.237,30.998,17.721,27.488,27.996,21.459,15.328,19.688,14.745,26.264,27.675,16.697,32.534,11.386,14.465,25.508,20.943,17.867,6.907,7.320,13.457,17.072,21.084,5.214,16.929,21.325,21.184,6.859,14.891,19.058,8.217,15.527,10.948,22.513,30.143,15.175,9.725,12.975,2.699,0.000,16.893,5.242,32.483,12.825,9.551,11.979,11.358,4.271,21.062,6.915,11.477,34.384,11.929,16.213,12.354,13.200,9.475,6.073,11.757,17.292,12.212,4.942,7.023,9.639,13.502,11.452,11.441,9.298,6.104,13.348,9.995,8.523,12.435,6.509,10.136,25.970,12.345,15.391,9.654,13.917,7.775,16.066,10.494,31.407,5.493,18.372,6.554,13.436,13.979,12.618,36.962,13.062,13.989,13.881,36.349,35.452,33.046,9.444,17.087,15.867,12.407,15.099,24.664,8.993,27.028,20.265,18.072,9.412,10.616,10.870,11.729,11.366,20.214,15.867,10.140,18.570,40.211,18.472,25.119,18.688,18.911,15.215,29.713,15.225,18.795,42.178,38.932,17.113,17.476,40.597,18.987,28.112,31.451,29.475,18.661,20.878,42.241,19.661,20.361,25.964,20.590,21.474,22.647,23.709,48.487,54.775,25.802,32.203,66.934,31.322,59.566,60.194,60.867,37.417,35.578,54.565
node/2304484684,10.733,50.042,36.991,33.184,31.285,30.659,25.948,22.973,24.786,21.177,22.249,21.835,22.395,16.139,21.340,22.049,26.805,19.492,16.878,15.376,21.011,19.297,17.291,17.407,17.450,18.217,11.976,12.121,16.234,11.610,12.724,13.232,9.610,25.448,9.837,24.865,11.500,12.912,26.817,17.770,22.628,9.238,10.744,8.716,6.048,19.012,14.715,8.767,5.103,5.260,16.070,4.752,2.874,2.957,16.007,29.276,2.090,11.348,3.344,7.651,2.658,5.659,4.886,10.003,5.355,17.253,18.849,0.000,22.534,13.875,4.702,7.749,5.593,6.339,15.925,3.608,12.349,7.449,15.776,5.150,3.176,4.439,4.203,8.969,22.842,5.083,3.604,4.235,18.449,23.792,8.169,4.842,6.180,6.771,9.043,16.983,5.733,14.984,26.037,6.187,20.393,8.608,9.679,6.775,6.739,14.643,5.982,16.456,31.155,15.472,46.119,23.085,33.461,18.604,7.949,7.757,27.330,16.403,9.014,9.489,10.184,15.791,14.894,11.862,23.325,31.799,9.013,17.384,10.113,10.264,23.175,11.354,34.978,11.061,23.594,24.497,24.751,19.953,25.549,34.927,12.128,24.323,13.023,21.816,33.184,39.831,15.005,14.464,20.172,44.425,20.864,18.097,23.782,20.537,31.295,22.599,22.202,33.169,42.825,46.164,44.187,21.296,19.591,23.846,24.811,25.511,40.677,28.405,29.251,31.689,31.485,30.092,36.380,33.578,39.979,48.539,31.235,41.171,41.798,42.472,37.331,43.354,52.084
node/10011137809,20.884,51.464,38.412,34.605,32.707,32.080,35.001,32.027,33.840,30.231,26.854,23.256,31.448,31.473,32.994,42.272,47.028,33.889,25.747,29.320,41.233,34.595,32.736,34.344,37.672,38.440,25.742,20.265,36.456,18.750,32.947,33.454,23.554,14.791,20.716,14.208,31.722,33.134,16.160,37.993,11.962,18.385,30.966,26.401,24.718,8.025,11.371,16.547,20.684,28.521,10.471,17.563,27.314,27.173,10.471,9.288,20.882,11.830,19.343,13.761,28.502,35.602,18.002,12.537,16.629,7.271,4.500,22.453,0.000,37.941,16.925,13.989,14.828,14.207,7.975,24.755,11.908,13.564,39.843,14.655,19.906,15.079,20.393,11.562,2.858,13.844,20.985,14.299,7.985,3.721,11.725,15.589,13.538,13.527,11.384,9.147,15.435,12.081,5.356,14.521,7.953,12.223,23.945,14.431,17.477,11.740,16.004,10.818,9.915,12.581,29.797,7.849,12.221,9.597,15.523,16.066,12.544,42.420,15.149,16.075,15.968,41.808,40.910,26.186,13.173,12.964,17.954,14.493,17.186,20.196,13.023,22.560,18.655,17.482,13.442,14.345,14.599,15.458,15.396,18.604,17.954,14.170,18.736,33.022,17.504,23.509,19.237,21.255,17.289,28.103,18.954,21.140,34.989,31.743,21.143,19.717,33.408,22.423,26.502,29.841,27.865,20.902,23.222,35.052,24.046,24.746,24.167,24.319,25.203,26.376,27.438,41.298,47.586,31.771,34.230,59.745,35.050,52.377,53.005,53.678,41.145,41.548,58.294
way/326955764,19.369,54.245,41.194,37.387,35.489,35.369,31.112,28.137,29.951,26.341,27.356,26.546,19.748,18.602,17.970,18.170,22.926,19.158,20.005,19.884,17.132,15.927,17.119,14.037,13.571,13.497,18.357,21.275,12.351,20.608,13.638,11.363,16.202,39.033,18.730,38.450,14.386,10.617,40.402,10.234,36.213,21.721,12.073,12.935,16.658,33.565,25.968,20.998,17.561,15.246,27.322,21.343,12.980,14.092,27.259,44.644,15.678,28.618,17.076,25.987,12.887,10.030,21.681,26.098,23.649,29.884,32.315,15.062,37.761,0.000,21.390,28.474,22.281,24.102,29.500,15.703,28.445,22.187,2.126,21.804,19.964,21.094,20.706,23.046,36.605,20.434,18.730,19.586,33.337,37.554,21.927,19.106,19.939,20.530,22.802,32.569,18.454,31.079,39.800,19.945,34.155,22.366,10.543,20.534,18.067,30.738,18.595,32.552,46.393,31.567,59.351,36.848,48.699,36.049,20.605,20.413,40.562,8.093,21.670,22.456,23.115,8.368,7.911,11.294,34.348,49.442,21.669,25.896,22.559,19.719,36.938,13.975,48.210,23.634,37.357,30.131,33.098,28.260,39.311,48.159,24.658,33.092,22.339,11.074,46.417,53.064,21.500,20.959,25.761,57.658,27.359,24.592,11.752,13.784,45.058,28.690,13.507,47.846,56.057,59.396,57.420,27.158,24.657,14.438,30.673,31.373,51.290,34.267,35.113,37.551,37.347,22.345,27.307,39.440,45.841,39.465,37.097,33.423,34.051,34.724,43.192,49.216,44.337
node/12196594520,10.005,46.448,33.396,29.589,27.691,27.064,25.219,22.244,24.058,20.448,21.838,18.240,21.666,21.691,23.212,27.108,31.864,21.870,16.149,17.520,26.070,21.528,19.669,19.306,22.509,20.269,14.139,11.393,21.292,10.881,17.783,18.291,11.754,19.662,9.108,19.079,16.558,17.970,21.032,22.829,16.843,6.849,15.803,11.238,6.258,13.227,10.219,5.010,5.344,8.230,9.346,3.585,6.582,5.326,7.773,22.801,4.118,5.043,2.435,3.301,7.102,9.585,2.083,3.833,1.001,10.778,12.742,4.444,16.059,21.359,0.000,3.398,1.243,1.988,8.639,5.831,5.875,3.099,21.678,2.776,2.282,2.334,2.181,4.619,16.368,3.354,2.925,2.506,11.974,17.318,4.619,3.112,4.451,4.322,5.490,8.626,4.004,8.509,19.563,4.457,13.918,5.909,11.602,5.045,6.059,6.724,4.253,9.982,26.236,9.002,39.649,16.611,28.542,12.130,6.220,6.027,20.860,20.877,7.284,7.088,7.489,20.265,19.367,14.300,16.851,25.329,7.284,10.914,7.907,8.445,16.701,10.674,28.508,8.660,17.120,18.022,18.277,13.483,19.074,28.456,9.727,17.848,9.655,21.136,26.714,33.361,13.641,13.100,13.702,37.955,16.680,17.552,23.102,19.857,24.821,16.129,21.522,26.695,36.354,39.694,37.717,17.315,18.227,23.166,20.459,21.159,34.207,24.053,24.898,27.337,27.133,29.412,35.700,29.225,35.627,47.859,29.872,40.491,41.118,41.792,35.967,39.002,51.404
node/2529991306,12.133,46.649,33.598,29.791,27.892,27.265,27.347,24.372,26.186,22.576,22.040,18.442,23.794,23.819,26.754,30.284,35.040,25.046,20.932,20.696,29.246,24.704,22.845,22.482,25.685,23.445,17.315,13.521,24.468,14.491,20.959,21.467,14.930,16.400,11.236,15.817,19.734,21.146,17.769,26.005,13.580,7.367,18.979,14.413,8.386,9.964,7.766,5.529,7.472,14.555,6.084,5.440,9.584,8.328,4.511,19.539,7.120,2.968,5.178,2.206,10.050,12.570,4.678,1.527,3.512,7.516,9.479,7.430,12.797,25.954,3.361,0.000,2.516,1.895,5.377,8.816,2.612,2.788,27.855,2.466,5.268,2.890,3.736,2.032,13.105,3.911,5.910,5.492,8.712,14.055,2.594,6.098,4.257,4.011,2.895,5.494,6.989,5.247,16.300,5.310,10.656,3.567,14.588,5.053,9.045,4.906,7.239,6.720,22.974,5.739,36.387,13.348,25.280,8.867,6.674,7.217,17.598,23.863,6.300,6.076,5.845,23.250,22.353,17.285,13.588,22.067,7.636,7.652,10.336,11.431,13.439,13.659,25.245,10.633,13.858,14.760,15.014,10.220,15.812,25.194,11.104,14.586,11.886,24.121,23.452,30.099,12.387,14.405,10.440,34.693,13.418,14.290,26.088,22.842,21.558,12.867,24.508,23.432,33.092,36.431,34.455,14.052,16.372,26.152,17.196,17.896,30.945,20.791,21.636,24.074,23.870,32.398,38.686,25.963,32.364,50.844,29.361,43.477,44.104,44.778,35.456,35.740,52.604
node/2078116017,10.242,46.693,33.642,29.835,27.936,27.310,25.456,22.481,24.294,20.685,22.084,18.486,21.903,21.927,23.448,27.345,32.101,22.107,16.385,17.757,26.307,21.765,19.906,19.543,22.746,20.505,14.376,11.629,21.529,11.118,18.020,18.527,11.990,19.044,9.345,18.461,16.795,18.207,20.414,23.066,16.225,7.095,16.040,11.474,6.495,12.609,8.636,5.256,5.581,9.341,8.728,3.821,7.692,6.437,7.155,22.183,5.228,4.425,3.547,2.536,8.159,11.409,2.787,3.215,1.621,10.160,12.124,5.798,15.441,23.015,1.730,2.780,0.000,1.100,8.021,7.185,5.257,2.211,24.916,1.888,3.636,2.312,3.535,4.000,15.750,3.333,4.278,3.860,11.357,16.700,4.001,4.466,3.679,3.433,4.872,8.008,5.358,7.891,18.945,4.732,13.300,5.291,12.956,4.686,7.413,6.106,5.607,9.364,25.619,8.384,39.031,15.993,27.924,11.512,6.402,6.856,20.242,22.231,6.267,6.200,6.872,21.619,20.721,15.653,16.233,24.712,7.547,10.296,7.019,11.773,16.083,12.027,27.890,7.772,16.502,17.404,17.659,12.865,18.456,27.838,8.838,17.230,9.041,22.489,26.096,32.743,10.037,15.973,13.084,37.337,16.062,16.934,24.456,21.211,24.203,15.511,22.876,26.077,35.736,39.076,37.099,16.697,19.016,24.520,19.841,20.541,33.589,23.435,24.281,26.719,26.515,30.766,37.054,28.608,35.009,49.213,32.005,41.845,42.472,43.146,38.100,38.384,52.758
node/5586709673,11.400,47.638,34.587,30.780,28.881,28.254,26.614,23.640,25.453,21.844,23.028,19.430,23.061,23.086,24.607,28.504,33.260,23.266,17.544,18.916,27.465,22.924,21.065,20.701,23.904,21.664,15.535,12.788,22.688,12.277,19.179,19.686,13.149,18.344,10.503,17.761,17.954,19.366,19.714,24.225,15.525,7.948,17.198,12.633,7.653,11.909,8.832,6.110,6.740,10.500,8.028,4.980,8.851,7.596,6.456,21.484,6.387,3.725,4.446,2.732,9.318,11.838,3.946,2.515,2.780,9.460,11.424,6.697,14.741,24.173,2.629,2.081,1.784,0.000,7.321,8.084,4.557,2.056,26.075,1.733,4.535,2.158,3.004,3.301,15.050,3.179,5.178,4.759,10.657,16.000,3.301,5.366,3.525,3.279,4.172,7.308,6.257,7.191,18.245,4.577,12.600,4.591,13.855,4.531,8.312,5.407,6.506,8.664,24.919,7.684,38.331,15.293,27.224,10.812,6.247,6.701,19.542,23.130,6.113,6.045,6.172,22.518,21.621,16.553,15.533,24.012,7.392,9.597,6.864,10.698,15.383,12.927,27.190,7.617,15.802,16.705,16.959,12.165,17.756,27.139,8.684,16.530,8.886,23.389,25.397,32.044,9.882,10.980,12.384,36.638,15.362,16.234,25.356,22.110,23.503,14.811,23.775,25.377,35.037,38.376,36.399,15.997,18.317,25.419,19.141,19.841,32.889,22.735,23.581,26.019,25.815,31.665,37.953,27.908,34.309,50.112,31.305,42.744,43.372,44.045,37.400,37.684,54.549
node/2939048403,16.858,48.443,35.391,31.585,29.686,29.059,31.980,29.006,30.819,27.210,23.833,20.235,28.427,24.984,30.279,33.809,38.565,28.571,26.708,24.221,32.771,28.229,26.370,26.007,29.210,26.970,20.840,18.039,27.994,16.523,24.484,24.992,18.455,14.929,15.961,14.346,23.260,24.672,16.299,29.531,12.110,11.461,22.504,17.939,14.864,8.494,6.005,10.453,14.068,18.081,4.324,10.008,18.322,18.180,2.856,15.404,16.054,3.638,10.784,6.206,19.509,27.140,10.433,4.983,8.238,2.002,4.433,14.018,8.662,29.479,8.088,4.814,7.242,6.621,0.000,16.320,2.644,7.561,31.380,7.192,11.471,7.617,8.463,5.559,8.905,7.841,12.550,8.296,4.144,9.855,5.723,9.586,7.536,7.525,5.382,3.070,9.432,6.078,12.100,8.519,4.113,6.220,21.227,8.429,11.475,5.738,10.001,4.514,16.011,6.578,31.652,9.149,18.317,5.757,9.520,10.063,12.863,33.958,9.146,10.073,9.965,33.346,32.448,20.183,9.388,17.332,11.951,8.491,11.183,14.193,9.239,16.557,20.511,11.480,9.658,10.560,10.814,11.673,11.612,20.460,11.951,10.386,12.734,27.019,18.718,25.364,13.235,15.252,11.287,29.959,14.265,15.137,28.986,25.740,17.358,13.714,27.405,19.232,28.358,31.697,29.720,14.900,17.219,29.050,18.044,18.744,26.210,20.535,21.419,22.592,23.653,35.296,41.584,25.746,32.147,53.742,30.208,46.375,47.002,47.675,36.303,35.522,53.452
way/223128134,12.948,51.666,38.614,34.808,32.909,32.282,28.162,25.187,27.001,23.392,24.463,23.458,22.831,21.685,21.053,21.763,26.519,22.241,23.469,20.133,20.724,19.010,17.937,17.120,17.163,17.931,15.243,14.336,15.947,13.824,12.438,12.945,11.159,26.910,12.051,26.327,11.213,12.625,28.279,17.484,24.090,12.067,10.457,9.545,7.194,20.474,15.438,10.229,7.317,6.427,17.736,6.966,3.710,3.759,15.033,30.738,4.305,12.810,5.559,9.113,3.493,5.372,6.348,11.465,6.817,18.715,20.311,1.838,23.996,13.588,6.164,9.211,7.055,7.801,17.387,0.000,13.811,7.796,15.490,6.612,4.638,5.902,5.665,10.501,24.304,6.297,4.796,5.449,19.911,25.254,9.383,6.056,7.394,7.985,10.257,18.445,6.947,16.446,27.499,7.401,21.855,9.822,9.393,7.989,7.931,11.492,7.196,17.919,32.617,16.934,42.377,20.079,34.923,16.143,9.163,8.971,23.588,16.116,10.227,10.703,11.398,15.504,14.607,11.575,17.157,28.057,10.227,13.614,11.327,10.891,24.637,12.546,31.235,12.275,25.056,24.263,23.112,16.064,27.011,31.184,13.341,25.785,13.650,17.387,29.442,36.089,15.632,15.091,19.893,40.683,21.491,18.724,19.969,21.729,32.757,21.026,23.394,34.631,39.082,42.421,40.445,21.924,20.218,22.655,25.438,26.138,36.935,29.033,29.878,32.316,32.112,31.284,37.572,34.205,40.606,49.731,31.863,42.363,42.990,43.664,37.958,43.982,53.276
node/2951316219,14.946,48.262,35.211,31.404,29.506,28.878,31.800,28.825,30.639,27.030,23.653,20.055,28.247,28.272,28.367,31.897,36.653,26.659,22.545,22.309,30.859,26.317,24.458,24.095,27.298,25.058,18.928,17.619,26.081,16.104,22.572,23.080,16.543,16.326,14.049,15.743,21.347,22.759,17.696,27.618,13.507,8.980,20.592,16.026,12.951,9.891,7.692,7.142,10.502,16.168,6.010,8.159,13.941,12.685,4.449,17.440,11.477,3.624,9.938,4.357,14.407,17.657,8.598,3.132,5.579,5.417,7.014,13.049,10.698,27.567,5.429,2.216,4.583,3.962,2.934,15.351,0.000,4.856,29.468,4.533,10.501,4.958,5.804,2.726,11.007,6.580,11.580,7.036,6.613,11.957,4.462,8.165,6.275,6.264,4.321,4.592,8.172,4.637,14.202,7.258,8.557,5.229,20.258,6.149,14.715,4.296,10.589,6.109,19.320,5.129,33.754,11.250,21.625,8.257,9.571,10.114,14.965,29.533,9.197,8.624,8.508,28.921,28.023,23.986,11.489,19.434,10.493,7.042,9.726,17.646,11.340,19.329,22.612,10.022,11.759,12.661,12.916,9.610,13.713,22.561,10.494,12.487,11.276,29.791,20.819,27.466,11.777,13.795,9.829,32.060,12.807,13.680,31.758,28.512,19.460,12.257,30.178,21.334,30.459,33.798,31.822,13.442,15.762,31.822,16.586,17.286,28.311,20.180,21.026,23.464,23.260,38.068,44.356,25.353,31.754,56.514,28.750,49.147,49.774,50.448,34.845,35.129,51.994
way/681503955,10.849,47.301,34.249,30.443,28.544,27.917,26.063,23.088,24.902,21.293,22.691,19.093,22.510,22.535,24.056,27.952,32.708,22.714,16.993,18.364,26.914,22.372,20.513,20.150,23.353,21.113,14.983,12.237,22.137,11.726,18.627,19.135,12.598,18.651,9.952,18.068,17.403,18.814,20.020,23.673,15.832,7.702,16.647,12.082,7.102,12.216,9.139,5.864,6.189,9.949,8.335,4.429,8.300,7.044,6.762,21.790,5.836,4.032,3.930,3.039,8.766,12.016,3.394,2.822,2.228,9.767,11.731,6.182,15.048,23.622,2.113,2.387,1.232,0.611,7.628,7.569,4.864,0.000,25.523,1.091,4.020,1.515,2.361,3.607,15.357,2.844,4.662,4.244,10.963,16.306,3.452,4.850,3.190,2.944,4.323,7.614,5.742,7.498,18.552,4.243,12.907,4.742,13.340,4.196,7.797,5.558,5.990,8.971,25.225,7.991,38.638,15.600,27.531,11.119,5.913,6.367,19.849,22.615,5.778,5.711,6.204,22.002,21.105,16.037,15.839,24.318,7.058,9.903,6.530,10.183,15.690,12.411,27.497,7.283,16.109,17.011,17.265,12.472,18.063,27.445,8.349,16.837,8.552,22.873,25.703,32.350,9.547,16.581,12.691,36.944,15.669,10.810,24.840,21.594,23.810,15.118,23.260,25.683,35.343,38.682,36.706,16.304,13.713,24.904,19.448,20.147,33.196,23.042,23.887,26.326,26.122,31.150,37.438,28.214,34.615,49.596,26.701,42.229,42.856,43.529,32.796,37.991,49.945
way/568771392,23.734,54.263,41.212,37.405,35.506,35.387,31.129,28.155,29.968,26.359,27.374,26.564,19.766,18.620,17.988,18.188,22.944,19.176,20.022,19.902,17.149,15.945,17.137,14.055,13.588,13.515,18.375,23.087,12.369,22.419,13.656,11.381,20.916,46.229,20.541,45.646,14.403,10.635,47.599,10.377,43.390,23.532,12.091,14.747,18.470,35.376,27.779,22.809,19.372,17.058,29.134,23.154,14.791,15.904,29.070,51.458,17.489,30.429,18.888,27.798,14.698,11.841,22.098,27.910,22.460,31.695,34.126,16.873,39.572,2.164,21.807,24.854,22.698,23.443,31.311,17.515,30.256,22.604,0.000,22.221,20.380,21.511,21.123,23.462,38.416,20.851,19.146,20.003,35.148,39.366,22.344,19.523,20.355,20.946,23.219,34.381,18.871,25.026,41.611,20.362,35.966,22.783,10.959,20.950,18.484,24.453,19.012,26.499,48.204,25.004,61.163,38.659,50.510,36.465,21.022,20.830,42.374,7.332,22.086,22.873,23.531,7.607,7.150,11.710,34.764,51.253,22.086,26.313,22.976,20.136,38.749,14.391,50.021,24.050,39.168,30.547,33.515,28.677,34.079,49.970,25.075,33.508,22.755,10.313,48.228,54.875,21.917,21.375,26.177,59.469,27.775,25.008,10.992,13.023,40.328,29.107,12.747,48.263,57.868,61.207,59.231,27.574,25.073,13.677,31.089,31.789,51.707,34.684,35.529,37.967,37.763,21.584,26.546,39.856,46.257,38.705,37.514,32.663,33.290,33.964,43.609,49.633,43.576
node/4678874493,12.592,48.892,35.840,32.034,30.135,29.508,27.806,24.831,26.645,23.036,24.282,20.684,24.253,24.278,25.799,29.695,34.451,24.457,18.736,20.107,28.657,24.115,22.256,21.893,25.096,22.856,16.726,13.980,23.880,13.469,20.370,20.878,14.341,19.601,11.695,19.018,19.146,20.558,20.971,25.416,16.782,9.293,18.390,13.825,8.845,13.166,10.089,7.455,7.932,9.650,9.286,5.272,7.265,6.669,7.713,22.741,5.620,4.982,3.937,3.989,7.048,9.531,3.586,3.772,3.242,10.717,12.681,4.391,15.998,21.305,1.572,3.338,2.082,1.561,8.578,5.777,5.814,2.672,21.625,0.000,2.178,0.425,1.271,4.558,16.307,3.429,2.871,2.581,11.914,17.257,4.403,3.187,4.526,3.895,5.273,8.565,4.079,8.449,19.502,4.533,13.857,5.693,11.549,5.121,6.005,6.508,4.328,9.921,26.176,8.941,39.588,16.550,28.482,12.069,6.295,6.103,20.799,20.823,7.359,6.661,7.154,20.211,19.314,14.246,16.790,25.269,7.359,10.854,7.480,8.846,16.640,10.620,28.447,8.233,17.059,17.962,18.216,13.422,19.013,28.396,9.300,17.787,11.606,21.082,26.654,33.300,13.588,13.046,13.641,37.895,16.619,16.679,23.049,19.803,24.760,16.068,21.468,26.634,36.294,39.633,37.656,19.879,18.174,23.113,20.398,21.098,34.146,23.992,24.838,27.276,27.072,29.359,35.647,29.165,35.566,47.805,29.818,40.438,41.065,41.738,35.913,38.941,51.351
node/7341225608,11.832,48.131,35.080,31.273,29.374,28.747,27.046,24.071,25.884,22.275,23.521,19.924,23.493,23.517,25.038,24.787,29.543,23.697,17.975,19.347,23.749,23.355,21.496,21.133,20.188,22.095,15.966,13.219,18.971,12.708,15.462,15.970,13.580,21.418,10.934,20.835,14.237,15.649,22.788,20.508,18.599,8.533,13.482,13.064,8.085,14.983,11.903,6.694,7.171,8.516,11.102,4.512,6.130,5.364,9.529,27.203,5.235,6.799,3.177,5.057,5.913,8.396,2.825,5.589,2.761,15.180,14.498,3.256,20.461,20.171,2.108,5.154,2.999,3.744,10.395,4.643,10.277,4.855,20.490,2.576,0.000,1.866,1.629,6.375,20.770,3.215,1.736,2.367,16.376,21.720,6.301,2.974,4.312,4.903,7.175,14.911,3.865,12.911,23.965,4.319,18.320,6.740,10.414,4.907,4.871,8.410,4.114,14.384,29.082,13.399,39.295,21.013,31.388,16.532,6.081,5.889,20.506,19.689,7.145,7.621,8.316,19.077,18.179,13.111,21.252,24.975,7.145,15.312,8.245,7.712,21.103,9.485,28.154,9.193,21.522,22.424,19.933,12.983,23.476,28.102,10.260,22.250,10.471,19.947,26.360,33.007,12.453,11.912,16.713,37.601,18.312,15.545,21.914,18.669,29.223,17.847,20.334,31.097,36.000,39.339,37.363,18.744,17.039,21.978,22.259,22.959,33.853,25.854,26.699,29.137,28.933,28.224,34.512,31.026,37.427,46.671,28.684,39.303,39.930,40.604,34.779,40.803,50.216
node/12425250871,11.981,48.433,35.382,31.575,29.676,29.049,27.195,24.221,26.034,22.425,23.823,20.225,23.642,23.667,25.188,29.085,33.840,23.846,18.125,19.496,28.046,23.504,21.645,21.282,24.485,22.245,16.115,13.369,23.269,12.858,19.759,20.267,13.730,19.783,11.084,19.200,18.535,19.947,21.153,24.806,16.964,8.834,17.779,13.214,8.234,13.348,10.271,6.996,7.321,11.081,9.467,5.561,9.432,8.177,7.894,21.324,6.968,5.164,5.063,4.171,9.899,13.148,4.527,3.954,3.360,9.300,10.897,7.314,14.581,24.754,3.246,3.519,2.365,1.743,7.973,8.701,5.460,1.132,26.655,2.223,5.152,0.000,3.494,3.718,14.890,1.982,5.794,2.437,10.497,15.840,3.088,3.203,2.806,2.560,3.959,7.410,4.772,5.767,18.085,3.859,12.440,4.378,14.472,3.812,5.817,5.193,4.343,7.239,23.203,7.829,36.958,15.133,25.509,9.387,5.529,5.983,18.169,23.747,5.394,5.327,5.820,23.135,22.237,14.525,15.373,22.638,6.674,9.741,6.146,8.536,15.223,10.899,25.816,6.899,15.642,16.544,16.799,10.356,17.596,25.765,7.965,16.370,8.168,21.361,24.023,30.670,9.163,10.261,12.537,35.264,15.515,10.426,23.328,20.082,23.343,14.965,21.748,25.217,33.663,37.002,35.026,16.150,13.329,23.392,19.294,19.994,31.515,22.889,23.734,26.172,25.968,29.638,35.926,28.061,34.462,48.084,26.317,40.717,41.344,42.018,32.412,37.838,49.561
node/178821228,12.331,48.631,35.580,31.773,29.874,29.247,27.545,24.571,26.384,22.775,24.021,20.423,23.992,24.017,25.538,29.435,34.191,24.196,18.475,19.846,28.396,23.854,21.995,21.632,24.835,22.595,16.465,13.719,23.619,13.208,20.110,20.617,14.080,21.639,11.434,21.056,18.885,20.297,23.008,25.156,18.819,9.032,18.129,13.564,8.584,15.204,12.403,7.194,7.671,9.389,11.323,5.011,7.004,6.408,9.750,27.703,5.359,7.020,3.677,5.278,6.787,9.270,3.325,5.810,2.981,15.680,14.719,4.130,20.961,21.044,1.312,5.375,3.220,2.470,10.616,5.516,10.776,3.581,21.364,2.224,1.917,1.514,0.000,6.595,21.270,3.168,2.610,2.320,16.876,22.219,6.254,2.926,4.265,4.856,7.128,10.602,3.818,13.411,24.464,4.272,18.820,6.692,11.288,4.860,5.745,8.363,4.067,14.883,29.582,13.899,39.248,21.512,31.888,17.031,6.034,5.842,20.459,20.563,7.098,7.574,8.268,19.950,19.053,13.985,21.752,24.928,7.098,15.812,8.198,8.585,21.603,10.359,28.107,9.146,22.021,22.924,13.883,12.935,23.976,28.055,10.213,22.750,11.345,20.821,26.313,32.960,13.327,12.786,18.599,37.554,21.577,16.418,22.788,19.542,29.722,21.026,21.208,31.596,35.953,39.292,37.316,19.618,17.913,22.852,23.133,23.833,33.806,26.727,27.573,30.011,29.807,29.098,35.386,31.900,38.301,47.544,29.557,40.177,40.804,41.477,35.652,41.676,51.090
way/261806925,14.466,47.783,34.731,30.925,29.026,28.399,31.320,28.346,30.159,26.550,23.173,19.575,27.767,27.792,27.887,31.418,36.173,26.180,22.066,21.829,30.379,25.837,23.979,23.615,26.818,24.578,18.448,17.140,25.602,15.624,22.093,22.600,16.063,17.533,13.569,16.950,20.868,22.280,18.903,27.139,14.714,8.501,20.112,15.547,12.472,11.098,8.899,6.663,9.091,15.689,7.218,6.574,11.203,9.947,5.645,18.762,8.739,4.101,6.798,3.340,11.669,14.189,6.297,2.660,5.131,6.739,8.336,9.049,12.020,27.087,4.981,1.843,4.135,3.514,5.412,10.436,2.112,3.206,28.988,4.085,6.887,4.510,5.356,0.000,12.329,3.486,7.529,3.941,7.936,13.279,1.594,5.270,3.180,2.935,1.695,4.545,5.116,3.575,15.524,4.203,9.879,2.291,13.627,4.052,7.159,2.929,5.685,5.047,20.642,5.268,35.076,12.572,22.948,7.195,5.673,6.217,16.287,22.901,5.300,5.075,4.845,22.289,21.392,15.867,12.812,20.756,6.636,7.180,6.041,9.877,12.662,12.241,23.934,6.841,13.081,13.983,14.238,9.748,15.035,23.883,10.641,13.809,11.423,22.703,22.141,28.788,11.924,13.942,9.976,33.382,12.954,13.827,24.670,21.424,20.782,12.404,23.089,22.656,31.781,35.120,33.144,13.589,15.909,24.733,16.733,17.433,29.634,20.328,21.173,23.611,23.407,30.980,37.267,25.500,31.901,49.426,28.898,42.059,42.686,43.359,34.992,35.276,52.141
node/12144695461,23.405,53.984,40.933,37.126,35.228,34.601,37.522,34.547,36.361,32.752,29.375,25.777,33.969,33.994,35.515,41.262,46.018,36.410,28.268,31.841,40.224,37.116,35.257,33.460,36.663,34.423,28.262,22.786,35.446,21.271,31.937,32.445,26.075,17.312,23.237,16.729,30.712,32.124,15.242,36.983,14.483,18.913,29.957,25.392,22.316,10.546,13.892,17.906,21.520,25.533,11.777,18.515,25.774,25.633,11.308,10.862,23.507,12.666,20.295,14.713,26.962,34.592,18.954,13.489,17.581,7.526,6.062,23.405,3.917,36.932,17.273,13.999,16.428,15.807,9.389,25.707,12.860,14.516,38.833,16.378,20.858,16.802,17.648,12.513,0.000,14.795,21.937,15.250,7.334,1.113,12.677,16.541,14.490,14.479,12.336,7.874,16.387,9.884,3.640,15.473,5.831,13.174,30.661,16.847,20.682,12.692,18.864,8.927,11.489,13.447,25.836,5.446,13.795,7.706,17.846,18.389,7.047,40.652,17.472,16.646,15.061,40.040,39.143,32.368,8.766,14.538,17.046,13.441,16.278,23.986,8.617,26.350,14.695,17.395,9.036,9.938,10.192,11.051,10.990,14.644,17.726,9.764,17.892,39.533,12.902,19.549,18.010,18.233,14.537,24.142,14.547,18.118,41.500,38.254,16.736,16.798,39.919,23.997,22.542,25.881,23.904,17.983,20.200,41.563,18.983,19.683,25.741,19.913,20.797,21.970,23.031,47.810,54.097,25.124,31.525,66.256,30.644,58.889,59.516,60.189,36.739,34.900,53.888
node/184049470,12.640,49.092,36.041,32.234,30.335,29.708,27.854,24.880,26.693,23.084,24.482,20.884,24.301,24.326,25.847,29.744,34.499,24.506,18.784,20.155,28.705,24.163,22.305,21.941,25.144,22.904,16.774,14.028,23.928,13.517,20.419,20.926,14.389,20.826,11.743,20.243,19.194,20.606,22.195,25.465,18.006,9.493,18.438,13.873,8.893,14.390,10.930,7.655,7.980,11.407,10.510,6.220,8.619,8.023,8.936,21.055,7.627,5.823,5.577,4.830,8.402,10.352,5.186,4.613,4.019,9.032,10.628,5.745,14.313,21.143,3.905,4.178,3.024,2.402,7.704,6.603,5.192,1.791,21.463,2.882,4.220,3.307,3.301,3.449,14.621,0.000,2.709,0.594,10.228,15.571,2.820,1.360,1.886,2.318,3.690,7.141,2.251,5.498,17.816,1.867,12.172,4.109,11.387,2.455,3.974,4.925,2.500,6.971,22.934,7.560,36.689,14.864,25.240,9.118,3.861,4.275,17.900,20.661,5.152,5.084,5.577,20.049,19.152,12.682,15.104,22.369,4.925,9.473,5.903,6.692,14.954,9.056,25.548,6.656,15.373,16.276,16.530,10.114,17.328,25.496,7.723,16.102,7.925,19.518,23.754,30.401,11.850,11.309,12.269,34.995,15.247,10.184,21.485,18.239,23.074,14.696,19.905,24.948,33.394,36.733,34.757,15.882,13.086,21.549,19.026,19.726,31.247,22.620,23.465,25.904,25.700,27.795,34.083,27.792,34.193,46.241,28.081,38.874,39.501,40.175,34.176,37.569,49.787
node/10827905563,12.885,49.184,36.133,32.326,30.428,29.801,28.099,25.124,26.938,23.328,24.575,20.977,24.546,24.570,26.092,24.474,29.230,24.750,19.029,20.400,23.436,24.408,22.549,19.831,19.875,20.642,17.019,14.273,18.658,13.761,15.149,15.656,14.634,24.428,11.988,23.845,13.924,15.336,25.798,20.195,21.609,9.586,13.169,14.117,9.138,17.993,12.956,7.747,8.224,9.139,15.255,5.553,6.262,6.107,12.551,28.257,5.639,10.329,4.218,6.215,6.046,8.083,3.866,8.984,3.919,16.233,17.830,3.660,21.514,19.034,3.266,6.313,4.157,4.903,14.906,4.335,11.330,3.809,19.353,3.680,2.136,2.970,2.582,6.514,21.823,2.310,0.000,1.462,17.430,22.773,5.396,2.069,3.407,3.998,6.270,10.078,2.960,8.078,25.018,3.414,19.373,5.835,9.277,4.002,3.734,7.505,3.209,9.551,23.675,8.307,38.390,16.092,25.980,12.156,5.176,4.984,19.601,18.552,6.240,6.716,7.411,17.940,17.043,11.975,13.170,24.070,6.240,9.627,7.340,6.575,16.004,8.349,27.248,8.288,16.422,19.947,18.796,12.078,17.224,27.197,9.355,17.151,9.334,18.811,25.455,32.102,11.316,10.775,15.577,36.696,17.175,14.408,20.778,17.532,24.123,16.710,19.197,25.997,35.095,38.434,36.458,17.608,15.902,20.841,21.122,21.822,32.948,24.717,25.562,28.000,27.796,27.087,33.375,29.889,36.290,45.534,27.547,38.166,38.794,39.467,33.642,39.666,49.079
node/2651530874,13.946,50.245,37.194,33.387,31.489,30.862,29.160,26.185,27.999,24.390,25.636,22.038,25.607,25.632,27.153,26.456,31.212,25.811,20.090,21.461,25.418,25.469,23.610,23.247,21.857,22.624,18.080,15.334,20.641,14.822,17.131,17.639,15.695,21.507,13.049,20.924,15.907,17.319,22.876,22.177,18.687,10.647,15.151,15.178,10.199,15.071,11.611,8.808,9.285,11.121,11.191,6.626,8.333,7.737,9.617,21.736,7.438,6.504,5.291,5.511,8.116,10.066,4.939,5.294,4.596,9.713,11.309,5.458,14.993,20.857,3.943,4.859,3.704,3.083,8.385,6.317,5.873,2.472,21.176,3.563,3.934,4.189,3.015,4.130,15.302,0.853,2.423,0.000,10.909,16.252,3.500,1.073,2.042,2.633,4.371,7.822,1.965,6.179,18.497,2.023,12.852,4.470,11.100,2.611,3.688,5.606,2.214,7.651,23.615,8.241,37.025,15.545,25.921,9.799,4.181,3.989,18.236,20.375,5.245,5.196,6.019,19.763,18.866,12.396,11.805,22.705,5.245,8.262,6.345,6.406,15.635,8.770,25.884,6.768,16.054,16.957,11.661,10.713,18.009,25.832,7.834,16.782,7.617,19.232,24.090,30.737,11.564,11.023,9.804,35.331,14.254,10.295,21.199,17.953,23.755,13.703,19.618,25.629,33.730,37.069,35.093,17.855,16.150,21.262,18.033,18.733,31.583,21.627,22.473,24.911,24.707,27.509,33.797,26.800,33.201,45.955,27.795,38.587,39.215,39.888,33.890,36.576,49.501
way/511539213,24.110,51.849,38.797,34.990,33.092,32.465,35.386,32.411,34.225,30.616,27.239,23.641,31.833,28.390,33.685,37.215,41.971,31.977,30.114,27.627,36.177,31.635,29.776,29.413,32.616,30.376,24.246,23.491,31.399,21.976,27.890,28.398,21.861,16.876,19.367,16.293,26.666,28.077,18.245,32.936,14.056,14.622,25.910,21.345,18.269,10.441,8.868,12.783,17.473,21.486,6.762,13.800,21.727,18.327,7.261,15.044,17.118,7.201,15.580,9.998,20.049,30.545,14.239,8.774,12.866,3.969,4.642,18.690,8.302,32.885,13.162,8.472,11.065,10.443,3.830,20.992,6.234,9.800,34.786,10.891,16.143,11.316,16.630,7.798,5.817,10.080,17.221,10.535,0.000,6.767,7.962,11.825,9.775,9.764,7.621,3.810,11.671,5.984,9.015,10.758,1.467,8.459,20.182,10.668,13.714,7.977,12.240,5.027,12.925,8.817,28.566,6.060,15.231,3.806,11.759,12.303,9.777,38.188,11.385,12.312,12.204,37.576,36.679,29.904,6.302,14.247,14.190,10.730,13.422,21.523,6.153,23.886,17.425,14.931,6.572,7.474,7.728,8.587,8.526,17.374,14.190,7.300,15.428,37.069,15.632,22.279,15.546,15.769,12.073,26.873,12.084,15.654,39.036,35.790,14.273,14.334,37.456,16.146,25.272,28.611,26.635,15.520,17.736,39.100,16.520,17.220,23.124,17.449,18.333,19.506,20.567,45.346,51.634,22.660,29.061,63.792,28.180,56.425,57.052,57.725,34.275,32.436,51.424
node/4666017389,24.249,54.829,41.778,37.971,36.072,35.445,38.367,35.392,37.205,33.596,30.219,26.621,34.813,34.838,36.359,43.675,48.431,37.254,29.112,32.685,42.637,37.961,36.102,35.873,39.076,36.836,29.107,23.631,37.859,22.115,34.350,34.858,26.919,20.645,24.081,20.062,33.126,34.537,12.533,39.396,17.816,21.327,32.370,27.805,24.729,11.390,14.737,20.319,23.933,27.946,14.190,20.928,28.187,28.046,13.721,8.153,25.920,15.079,22.708,17.126,29.375,37.005,21.367,15.902,19.994,8.371,6.907,25.818,4.762,39.345,19.686,16.412,18.841,18.220,10.233,28.120,15.273,16.929,41.246,18.791,23.271,19.215,20.061,14.926,1.566,17.208,24.350,17.663,8.179,0.000,15.090,18.801,17.346,16.993,15.142,8.718,18.867,10.728,2.866,17.001,6.675,15.214,30.852,16.201,20.036,14.048,18.218,9.772,6.218,12.801,25.062,5.621,8.524,8.469,17.200,17.743,6.273,40.843,16.826,15.999,15.568,40.231,39.334,32.559,8.957,9.266,17.238,13.002,16.470,24.178,8.804,26.541,13.921,17.586,9.223,10.129,10.383,11.242,8.586,13.870,17.918,8.594,18.083,39.724,12.127,18.774,18.201,18.424,14.728,23.368,14.739,18.309,41.691,38.445,16.924,16.989,40.111,19.091,21.767,25.107,23.130,18.175,20.391,41.755,19.175,19.875,19.620,20.104,20.988,22.161,23.222,48.001,54.289,25.315,30.898,66.447,30.835,59.080,59.707,60.381,36.930,35.092,54.079
node/2621636923,13.305,49.619,36.568,32.761,30.862,30.235,28.519,25.544,27.358,23.748,25.009,21.411,24.966,24.991,26.512,30.408,35.164,25.170,19.449,20.820,29.370,24.828,22.969,22.606,25.809,23.569,17.439,14.693,24.592,17.460,21.083,21.591,15.054,18.832,12.408,18.249,19.858,21.270,20.201,26.129,16.012,10.337,19.103,14.537,9.558,12.396,10.197,8.499,8.644,12.404,8.516,6.885,10.756,9.500,6.942,19.061,8.292,6.235,6.536,5.713,11.222,12.856,5.850,4.489,4.684,7.038,8.634,8.249,12.319,21.977,4.718,3.153,3.688,3.067,5.710,9.107,3.421,2.424,22.296,3.515,6.625,3.939,4.785,1.311,12.627,2.704,5.213,3.159,8.234,13.577,0.000,3.864,2.219,1.802,1.108,4.916,3.710,2.916,15.822,2.796,10.178,1.628,12.220,2.706,5.752,2.343,4.279,4.389,20.940,3.440,34.207,11.910,23.246,6.537,4.413,4.957,15.418,21.495,4.040,3.815,3.585,20.883,19.986,14.461,7.551,19.887,5.376,5.353,4.781,8.471,11.821,10.835,23.066,5.581,12.240,9.185,8.843,7.895,13.041,23.015,6.732,12.968,6.850,21.297,21.273,27.919,10.097,12.114,8.149,32.513,11.127,11.999,23.264,20.018,19.941,10.576,21.683,21.815,30.912,34.252,32.275,11.762,14.081,23.327,14.906,15.606,28.765,18.500,19.346,21.784,21.580,29.573,35.861,23.672,30.073,48.020,27.070,40.652,41.280,41.953,33.165,33.449,50.314
node/902327015,13.199,49.498,36.447,32.640,30.741,30.114,28.413,25.438,27.252,23.642,24.889,21.291,24.860,24.884,26.405,25.709,30.465,25.064,19.343,20.714,24.671,24.722,22.863,22.500,21.110,21.877,17.333,14.586,19.893,14.075,16.384,16.892,14.948,22.506,12.302,21.923,15.159,16.571,23.876,21.430,19.687,9.900,14.404,14.431,9.452,16.071,13.270,8.061,8.538,10.374,12.190,5.879,7.585,6.989,10.617,22.685,6.690,7.887,4.544,6.145,7.369,9.318,4.192,6.677,3.849,10.661,12.258,4.711,15.942,20.110,3.196,6.242,4.087,4.832,9.334,5.570,11.644,3.421,20.429,4.152,3.187,3.441,2.268,5.710,16.251,1.922,1.676,1.074,11.858,17.201,4.592,0.000,2.603,3.194,5.467,9.274,1.979,7.274,19.307,2.610,13.801,5.031,10.353,3.198,4.810,6.701,2.359,8.747,22.871,7.503,37.586,15.289,25.177,11.352,4.325,4.133,18.797,19.628,5.390,6.177,6.835,19.016,18.119,13.051,12.366,23.266,5.389,8.823,6.489,6.551,15.200,9.425,26.445,7.691,15.619,14.001,12.222,11.274,16.420,26.393,8.757,16.347,7.761,19.887,24.651,31.298,12.393,11.851,10.365,35.892,14.815,15.484,21.854,18.608,23.320,14.264,20.273,25.194,34.291,37.630,35.654,18.683,16.978,21.917,18.594,19.294,32.144,22.188,23.034,25.472,25.268,28.163,34.451,27.361,33.762,46.610,28.623,39.242,39.870,40.543,34.718,37.137,50.155
node/363997548,13.014,49.466,36.415,32.608,30.709,30.082,28.228,25.254,27.067,23.458,24.856,21.259,24.675,24.700,26.221,30.118,34.874,24.880,19.158,20.529,29.079,24.538,22.678,22.315,25.518,23.278,17.148,14.402,24.302,13.891,20.793,21.300,14.763,20.916,12.117,20.332,19.568,20.980,22.285,25.839,18.096,9.867,18.812,14.247,9.267,14.480,12.281,8.029,8.354,12.168,10.600,6.594,9.380,8.784,9.026,21.145,8.485,6.197,6.338,5.204,9.163,11.113,5.987,5.898,4.393,9.121,10.718,6.506,14.402,20.234,4.279,4.536,3.398,2.776,7.794,7.364,5.283,2.165,20.553,3.256,4.981,3.681,4.062,3.540,14.711,0.884,3.470,1.429,10.318,15.661,2.422,2.121,0.000,1.024,3.297,7.104,1.967,5.104,17.285,1.053,12.261,3.009,10.477,1.381,4.009,4.531,2.535,6.577,20.849,5.482,35.564,13.267,23.155,9.330,2.786,3.240,16.775,19.752,3.790,3.842,4.559,19.140,18.243,12.717,10.345,21.245,3.850,6.802,4.661,6.728,13.178,9.091,24.423,5.414,13.597,11.979,10.200,9.252,14.399,24.372,6.481,14.325,6.683,19.553,22.630,29.277,7.251,7.255,8.343,33.871,12.794,8.942,21.520,18.275,21.298,12.243,19.940,23.172,32.270,35.609,33.633,13.428,11.844,21.584,16.572,17.272,30.122,20.167,21.012,23.451,23.246,27.830,34.118,25.339,31.740,46.277,24.833,38.909,39.536,40.210,30.928,35.116,49.822
node/1128664813,12.793,49.245,36.194,32.387,30.488,29.861,28.008,25.033,26.846,23.237,24.636,21.038,24.454,24.479,26.000,29.897,34.653,24.659,18.937,20.309,28.858,24.317,22.458,22.094,25.297,23.057,16.928,14.181,24.081,13.670,20.572,21.079,14.542,20.178,11.896,19.595,19.347,20.759,21.548,25.618,17.359,9.647,18.591,14.026,9.046,13.743,11.544,7.808,8.133,11.893,9.862,6.373,9.677,8.989,8.289,20.407,7.780,5.949,5.875,4.956,9.460,11.409,5.339,5.161,4.173,8.384,9.981,6.803,13.665,20.531,4.058,3.798,3.177,2.555,7.057,7.661,4.545,1.944,20.850,3.035,5.278,3.460,4.359,2.803,13.974,1.449,3.767,2.272,9.580,14.924,1.685,2.417,0.773,0.000,2.559,6.367,2.264,4.367,17.169,1.350,11.524,2.440,10.774,1.189,4.306,3.794,2.832,5.840,20.280,4.891,34.995,12.698,22.586,7.988,2.594,3.048,16.207,20.049,3.640,3.573,3.990,19.437,18.539,13.014,9.776,20.676,3.658,6.233,4.392,7.024,12.609,9.388,23.854,5.145,13.028,11.410,9.631,8.683,13.830,23.803,6.211,13.756,6.414,19.850,22.061,28.708,7.409,7.063,7.774,33.302,12.225,8.672,21.817,18.571,20.729,11.674,20.237,22.603,31.701,35.040,33.064,12.860,11.575,21.881,16.003,16.703,29.553,19.598,20.443,22.882,22.677,28.127,34.415,24.770,31.171,46.574,24.563,39.206,39.833,40.507,30.658,34.547,47.807
node/4610137789,16.464,49.780,36.729,32.922,31.023,30.396,33.318,30.343,32.157,28.548,25.171,21.573,29.765,29.790,29.885,33.415,38.171,28.177,24.064,23.827,32.377,27.835,25.976,25.613,28.816,26.576,20.446,19.137,27.599,17.622,24.090,24.598,18.061,18.985,15.567,18.402,22.865,24.277,20.355,29.136,16.166,10.498,22.110,17.544,14.469,12.550,10.351,8.660,12.020,17.686,8.669,9.677,15.459,14.204,7.096,19.467,12.995,6.389,10.461,5.875,15.925,13.838,10.116,4.643,5.531,7.444,9.040,9.230,12.725,29.085,5.566,2.927,4.535,3.914,6.116,10.089,4.013,3.271,23.278,4.362,12.019,4.787,5.633,1.987,13.033,3.551,6.195,4.006,8.640,13.983,0.982,4.845,3.201,2.784,0.000,3.807,4.691,1.808,14.700,3.811,6.487,0.921,13.202,3.094,7.059,1.234,5.241,3.280,18.264,2.332,32.979,10.681,20.570,5.428,4.221,4.765,14.190,22.477,3.848,3.624,3.393,21.865,20.967,15.784,6.443,18.659,5.184,4.244,4.589,9.794,10.593,12.158,21.838,7.234,11.012,8.077,7.760,6.812,11.813,21.786,7.705,11.740,8.487,22.620,20.044,26.691,8.989,11.006,7.040,31.285,10.019,10.891,24.587,21.341,18.713,9.468,23.006,20.587,29.684,33.023,31.047,10.653,12.973,24.650,13.797,14.497,27.537,17.392,18.237,20.675,20.471,30.896,37.184,22.564,28.965,49.343,25.962,41.975,42.603,43.276,32.057,32.341,49.205
node/6121549487,17.797,51.113,38.062,34.255,32.356,31.730,34.651,31.676,33.490,29.881,26.504,22.906,31.098,31.123,31.218,34.748,39.504,29.510,25.396,25.160,33.710,29.168,27.309,26.946,30.149,27.909,21.779,20.471,28.933,18.955,25.423,25.931,19.394,20.326,16.900,19.743,24.198,25.610,21.696,30.469,17.507,11.832,23.443,18.878,15.802,13.891,9.529,9.993,13.353,19.019,7.848,11.010,16.792,15.537,6.353,17.278,14.328,7.135,12.790,7.208,17.259,20.508,11.449,5.984,10.075,5.526,6.876,15.900,10.536,30.418,8.659,5.522,7.987,7.365,3.764,18.202,4.213,6.723,32.319,7.813,13.352,8.238,13.840,4.582,8.484,7.002,14.431,7.457,5.248,9.434,4.766,8.629,6.985,6.568,3.784,0.000,8.476,1.970,11.756,7.595,3.381,4.691,16.986,6.625,11.133,3.759,9.315,1.444,15.397,3.178,30.112,7.814,17.703,3.592,8.296,8.840,11.323,26.261,7.923,6.475,6.043,25.649,24.751,22.471,4.607,15.792,9.969,3.958,9.201,13.868,7.726,16.232,18.971,8.500,8.145,6.241,7.397,6.075,8.257,18.919,8.971,7.686,9.754,26.694,17.177,23.824,10.255,12.280,8.307,28.418,11.293,12.165,28.661,25.415,15.846,10.742,27.081,17.720,26.817,30.156,28.180,11.928,14.247,28.725,15.072,15.771,24.670,17.109,17.993,19.166,20.227,34.971,41.259,22.320,28.721,53.417,27.236,46.050,46.677,47.350,33.331,32.096,50.480
node/622204591,13.669,49.969,36.917,33.111,31.212,30.585,28.883,25.909,27.722,24.113,25.359,21.761,25.330,25.355,26.876,26.180,30.936,25.534,19.813,21.184,25.141,25.192,23.333,22.970,21.580,22.348,17.803,15.057,20.364,14.546,16.855,17.362,15.418,22.306,12.772,21.724,15.630,17.042,23.676,21.901,19.487,10.370,14.874,14.902,9.922,15.871,13.741,8.532,9.009,10.844,11.991,6.349,8.056,7.460,10.417,22.536,7.161,8.358,5.014,6.615,7.839,9.789,4.663,7.148,4.319,10.512,12.109,5.182,15.793,18.671,3.666,5.927,4.557,5.303,9.185,6.040,6.674,4.073,18.991,4.622,3.657,3.912,2.739,4.931,16.102,1.913,2.146,1.096,11.709,17.052,3.813,0.797,1.825,2.415,4.688,8.495,0.000,6.495,18.528,1.831,13.652,4.252,8.915,2.419,3.208,5.922,1.734,7.968,22.092,6.724,36.807,14.510,24.398,10.573,3.701,3.509,18.018,18.189,4.766,5.134,6.211,17.577,16.680,11.917,11.588,22.488,4.765,8.045,5.865,5.927,14.421,8.291,25.666,6.706,14.840,13.222,11.443,10.495,15.642,25.615,7.772,15.568,7.137,18.753,23.873,30.520,11.085,10.543,9.586,35.114,14.037,10.233,20.720,17.474,22.541,13.486,19.139,24.415,33.513,36.852,34.875,17.376,15.671,20.783,17.815,18.515,31.365,21.410,22.255,24.693,24.489,27.029,33.317,26.582,32.983,45.476,27.315,38.108,38.736,39.409,33.410,36.359,49.021
node/3523190952,16.971,50.287,37.236,33.429,31.530,30.903,33.825,30.850,32.663,29.054,25.677,22.079,30.272,30.296,30.392,33.922,38.678,28.684,24.570,24.334,32.884,28.342,26.483,26.120,29.323,27.082,20.953,19.644,28.106,18.129,24.597,25.105,18.568,19.492,16.074,18.909,23.372,24.784,20.862,29.643,16.673,11.005,22.617,18.051,14.976,13.057,10.858,9.167,12.527,18.193,9.176,10.184,15.966,14.710,7.603,19.974,13.502,6.896,10.968,6.382,16.432,19.682,10.622,5.149,9.249,7.950,9.547,15.074,13.231,29.592,9.545,4.848,6.350,5.728,5.003,17.375,3.457,5.086,31.493,6.176,12.526,6.601,7.447,3.826,9.783,5.365,13.605,5.821,6.250,10.732,2.796,6.660,5.015,4.598,1.814,2.000,6.506,0.000,11.861,5.625,4.680,2.722,15.016,4.656,8.859,1.789,7.041,1.473,15.425,2.110,30.140,7.843,17.731,3.620,6.022,6.565,11.351,24.291,5.648,6.121,6.014,23.679,22.782,21.492,4.635,15.821,8.000,4.539,7.231,11.594,7.754,13.958,18.999,7.528,8.173,6.269,7.426,7.107,8.285,18.948,8.000,7.714,8.782,24.420,17.206,23.853,9.283,11.301,7.335,28.447,10.313,11.186,26.387,23.141,15.874,9.762,24.806,17.748,26.846,30.185,28.209,10.948,13.268,26.451,14.092,14.792,24.698,17.686,18.532,20.970,20.766,32.697,38.985,22.859,29.260,51.143,26.256,43.776,44.403,45.077,32.351,32.635,49.500
way/170505341,27.181,59.295,46.243,42.437,40.538,39.911,44.327,41.444,43.166,39.557,34.685,29.553,37.745,37.770,39.291,44.947,49.703,44.156,37.025,41.799,43.909,43.814,41.955,37.145,40.348,38.108,32.039,26.562,39.131,25.047,35.622,36.130,29.851,19.976,27.013,19.392,34.397,35.809,12.802,40.668,17.147,22.598,33.642,29.076,26.001,16.934,17.668,21.591,25.205,29.218,15.461,22.200,29.459,29.318,14.992,8.423,27.192,16.351,23.980,18.398,30.647,38.277,22.639,17.174,21.266,12.400,8.158,27.090,7.756,40.617,20.958,17.684,20.113,19.491,13.104,29.392,16.545,18.200,42.518,20.063,24.543,20.487,21.333,16.198,3.580,18.480,20.390,18.935,11.010,2.003,16.362,19.041,17.586,17.233,15.382,11.762,19.107,12.288,0.000,17.241,9.506,15.454,27.533,16.440,20.276,14.288,18.458,11.331,5.548,13.040,21.658,6.893,7.854,8.709,17.439,17.983,2.869,42.115,17.066,16.239,15.808,41.503,40.606,33.831,10.229,7.339,18.033,13.241,17.741,25.449,8.336,27.813,10.517,18.858,8.755,11.401,11.655,12.514,9.564,10.466,18.114,9.483,19.355,40.996,8.724,15.370,19.473,19.696,16.000,19.965,16.011,19.581,42.963,39.717,16.456,18.261,41.382,11.493,18.363,21.703,19.726,19.446,21.663,43.026,20.447,21.146,16.216,21.376,22.260,23.433,24.494,49.273,55.560,25.035,27.494,67.719,32.107,60.352,60.979,61.652,38.202,34.812,55.351
node/674477959,14.249,50.975,37.923,34.117,32.218,31.591,29.463,26.488,28.302,24.693,26.365,22.767,25.910,25.935,27.456,27.186,31.942,26.114,20.393,21.764,26.147,25.772,23.913,23.550,22.586,23.354,18.383,15.637,21.370,15.126,17.861,18.368,15.998,21.634,13.352,21.051,16.636,18.048,23.003,22.907,18.814,11.376,15.880,15.482,10.502,15.198,12.999,9.538,9.589,11.850,11.318,7.355,9.062,8.466,9.744,21.863,8.167,7.404,6.021,6.411,8.845,10.795,5.669,6.616,5.325,9.839,11.436,6.188,15.120,19.916,4.672,5.254,4.632,4.011,8.512,7.046,6.001,3.400,20.235,4.491,4.663,4.918,3.744,4.258,15.429,1.590,3.152,1.624,11.036,16.379,3.140,1.803,1.152,1.742,4.015,7.822,1.327,5.823,16.927,0.000,12.979,2.724,10.159,0.778,3.463,4.296,1.990,7.295,20.491,5.123,35.206,12.908,22.797,8.972,2.184,2.637,16.417,19.434,3.187,3.363,4.098,18.822,17.925,12.172,9.986,20.886,3.248,6.184,4.182,6.182,12.820,8.546,24.065,4.935,13.239,11.621,9.582,8.634,14.040,24.013,6.001,13.967,6.204,19.008,22.271,28.918,6.648,6.652,7.726,33.512,12.435,8.462,20.975,17.729,20.939,11.884,19.394,22.813,31.911,35.250,33.274,13.070,11.364,21.038,16.214,16.914,29.764,19.808,20.654,23.092,22.888,27.284,33.572,24.981,31.382,45.731,24.353,38.363,38.991,39.664,30.448,34.757,49.276
node/26289763,21.085,52.669,39.618,35.811,33.913,33.286,36.207,33.232,35.046,31.437,28.060,24.462,32.654,29.211,34.506,38.036,42.792,32.798,30.935,28.448,36.998,32.456,30.597,30.234,33.437,31.197,25.067,22.266,32.220,20.750,28.711,29.219,22.682,17.254,20.188,16.671,27.486,28.898,18.624,33.757,14.435,15.688,26.731,22.166,19.090,10.819,10.232,13.162,18.294,22.307,8.551,14.178,22.548,22.407,8.082,15.422,17.497,9.440,15.958,10.376,23.736,31.366,14.617,9.152,13.244,4.348,6.266,19.068,7.787,33.706,13.540,10.773,11.443,10.822,4.209,21.370,6.612,10.179,35.607,11.270,16.521,11.694,17.009,8.177,5.408,10.459,17.600,10.914,1.649,6.357,8.340,12.204,10.153,10.142,6.412,2.633,12.050,4.598,8.733,11.136,0.000,7.320,20.560,10.125,13.961,6.159,12.143,3.642,12.644,5.806,27.770,5.651,14.950,2.420,11.124,11.668,8.981,37.779,10.751,9.924,9.492,37.167,36.270,29.495,5.893,13.450,14.569,6.926,13.801,21.113,5.744,23.477,16.628,14.521,6.162,7.065,7.319,8.178,8.117,16.577,14.853,6.891,15.019,36.660,14.835,21.482,15.137,15.360,11.664,26.076,11.674,15.245,38.627,35.381,13.863,13.925,37.046,15.737,24.475,27.814,25.838,15.110,17.327,38.690,16.110,16.810,22.328,17.040,17.924,19.096,20.158,44.937,51.224,22.251,28.652,63.383,27.771,56.015,56.643,57.316,33.866,32.027,51.014
node/327528975,14.487,50.112,37.060,33.254,31.355,30.728,33.649,30.675,32.488,28.879,25.502,21.904,30.096,30.121,30.217,33.747,38.503,28.509,24.395,24.159,32.708,28.166,26.308,25.944,29.147,26.907,20.777,15.874,27.931,17.954,24.422,24.929,18.392,19.325,13.590,18.742,23.197,24.609,20.695,29.468,16.505,10.830,22.441,17.876,10.740,12.890,10.691,8.992,9.826,18.018,9.009,10.008,11.938,10.682,7.435,19.554,9.473,6.728,7.718,6.206,11.497,13.447,7.032,4.982,5.866,7.531,9.127,8.840,12.812,23.314,5.900,3.646,4.870,4.248,6.203,9.698,3.914,3.606,23.633,4.697,7.315,5.121,6.396,2.213,13.120,3.885,5.804,4.309,8.727,14.070,1.316,4.455,2.999,2.647,1.001,4.808,4.062,2.808,15.077,2.735,7.488,0.000,13.557,1.934,6.300,1.603,4.482,4.281,18.641,2.835,33.356,11.059,20.947,7.122,3.562,4.106,14.567,22.832,3.189,2.964,2.734,22.220,21.322,15.025,8.136,19.037,4.525,4.594,3.930,9.036,10.970,11.399,22.215,4.730,11.389,9.771,7.992,7.044,12.190,22.163,5.881,12.117,5.999,21.861,20.422,27.068,6.995,8.093,6.135,31.662,10.585,11.458,23.828,20.582,19.090,10.035,22.248,20.964,30.061,33.401,31.424,11.220,13.540,23.892,14.364,15.064,27.914,17.959,18.804,21.242,21.038,30.138,36.426,23.131,29.532,48.585,26.529,41.217,41.844,42.518,32.623,32.907,49.772
node/614939487,16.629,59.777,46.725,42.919,41.020,40.393,37.691,34.717,36.530,32.921,35.167,31.569,26.792,25.645,25.014,25.724,30.479,26.202,27.430,24.093,24.685,22.971,21.898,21.081,21.124,21.891,19.204,23.866,19.908,23.199,16.398,16.906,15.557,32.470,15.989,31.887,15.174,16.586,33.840,21.105,29.651,17.628,14.418,15.526,11.593,26.035,20.998,15.789,11.431,10.388,23.297,13.595,8.121,9.234,20.593,30.877,10.820,18.371,12.260,17.015,8.029,7.841,11.909,17.026,12.270,18.854,20.451,11.590,24.135,10.281,11.617,14.664,12.509,13.254,17.527,10.845,19.372,12.414,10.601,12.032,10.191,11.322,10.934,13.273,24.444,10.662,8.957,9.814,20.050,25.393,12.155,9.334,10.166,10.757,13.029,16.837,8.682,14.837,26.618,10.173,21.994,12.594,0.000,10.761,8.294,14.264,8.822,16.310,30.182,14.815,44.898,22.600,32.488,18.663,10.833,10.640,26.109,9.799,11.897,12.684,13.342,9.187,8.290,3.721,27.198,30.578,11.897,15.535,12.996,11.146,22.511,7.271,33.756,14.738,22.930,22.981,25.948,21.110,26.513,33.705,16.013,25.942,13.444,11.070,31.963,38.610,14.350,13.809,18.610,43.204,20.209,17.442,13.652,16.454,32.761,21.540,15.408,40.696,41.603,44.942,42.966,20.008,17.506,16.338,23.523,24.223,44.140,27.117,27.962,30.401,30.197,24.245,29.207,32.289,38.691,41.366,29.947,35.324,35.951,36.624,36.042,42.066,46.237
node/4338377884,14.112,50.564,37.513,33.706,31.807,31.180,29.326,26.352,28.165,24.556,25.954,22.357,25.773,25.798,27.319,31.216,35.971,25.977,20.256,21.627,30.177,25.635,23.776,23.413,26.616,24.376,18.247,15.500,25.400,14.989,21.890,22.398,15.861,21.519,13.215,20.936,20.666,22.078,22.888,26.937,18.699,10.965,19.910,15.345,10.365,15.084,12.885,9.127,9.452,12.651,11.203,7.692,9.863,9.267,9.629,21.748,8.968,7.290,6.821,6.297,9.646,11.596,6.658,6.502,5.491,9.725,11.321,6.989,15.006,20.717,5.377,5.139,4.496,3.874,8.397,7.847,5.886,3.263,21.036,4.354,5.464,4.779,4.545,4.144,15.315,2.390,3.953,2.425,10.921,16.337,2.760,2.603,1.502,1.419,3.262,7.069,2.128,5.070,16.148,0.801,10.035,1.946,10.960,0.000,4.264,3.525,2.651,6.542,19.712,4.345,34.428,12.130,22.018,8.194,1.858,2.312,15.639,20.235,2.894,2.827,3.320,19.623,18.726,12.973,9.208,20.108,2.922,5.406,3.646,6.983,12.041,9.347,23.286,4.399,12.460,10.842,8.804,7.856,13.262,23.235,5.465,13.188,5.668,19.809,21.493,28.140,6.322,6.327,6.947,32.734,11.657,7.926,21.776,18.530,20.161,11.106,20.195,22.035,31.133,34.472,32.496,12.292,10.828,21.839,15.436,16.136,28.985,19.030,19.875,22.314,22.110,28.085,34.373,24.202,30.603,46.532,23.817,39.164,39.791,40.465,29.912,33.979,47.061
node/11269074158,17.405,53.705,40.654,36.847,34.949,34.322,32.620,29.645,31.458,27.849,29.096,25.498,29.067,29.091,30.612,34.330,39.086,29.271,23.549,24.921,33.291,28.929,27.070,26.707,29.730,30.498,21.540,18.793,28.514,18.282,25.005,25.512,19.154,24.567,16.509,23.984,23.780,25.192,25.937,30.803,21.748,14.107,23.024,18.638,13.659,18.132,17.477,12.268,12.745,12.741,14.252,10.074,10.355,9.759,12.678,24.797,9.460,14.850,8.739,8.876,10.139,16.447,8.387,13.505,6.580,12.773,14.370,7.481,18.054,18.887,5.927,8.188,6.818,7.564,11.446,9.167,8.935,6.334,19.207,7.501,5.956,6.791,5.000,7.192,18.363,4.174,4.426,3.357,13.970,19.824,6.074,3.058,4.085,4.676,6.949,10.609,2.261,8.756,19.635,3.727,13.522,5.894,9.131,4.190,0.000,7.536,2.058,10.082,23.199,7.832,37.914,15.617,25.505,11.681,3.850,3.240,19.126,18.405,4.914,5.701,6.359,17.793,16.896,10.582,18.480,23.595,4.914,8.552,6.013,4.592,15.528,6.956,26.773,7.215,15.947,18.381,17.230,11.343,16.749,26.722,8.281,16.675,7.365,17.418,24.980,31.627,9.750,9.209,14.011,36.221,15.609,12.842,19.385,16.139,23.648,15.144,17.805,25.522,34.620,37.959,35.983,16.041,14.336,19.449,19.556,20.256,32.472,23.151,23.996,26.434,26.230,25.695,31.983,28.323,34.724,44.141,25.981,36.774,37.401,38.075,32.076,38.100,47.687
node/5109205856,17.372,50.688,37.637,33.830,31.931,31.305,34.226,31.251,33.065,29.456,26.079,22.481,30.673,30.698,30.793,34.323,39.079,29.085,24.971,24.735,33.285,28.743,26.884,26.521,29.724,27.484,21.354,20.046,28.507,18.530,24.998,25.506,18.969,19.893,16.475,19.310,23.773,25.185,21.263,30.044,17.074,11.406,23.018,18.453,15.377,13.458,11.259,9.568,12.928,18.594,9.578,10.585,16.367,15.111,8.004,20.375,13.903,7.297,11.369,6.783,16.833,14.502,11.024,5.551,9.650,8.352,9.948,9.895,13.633,29.993,6.958,5.249,5.927,5.306,7.024,10.754,4.921,4.663,23.943,5.754,12.927,6.179,7.025,3.271,13.941,4.943,6.860,5.365,8.056,14.891,2.373,5.510,4.055,3.703,1.480,3.806,5.440,1.806,14.842,4.112,6.486,1.341,13.867,3.370,7.479,0.000,5.661,3.279,18.406,1.722,33.121,10.824,20.712,5.427,4.641,5.185,14.332,23.142,4.268,3.704,3.544,22.529,21.632,16.204,6.441,18.802,5.604,3.810,5.009,10.214,10.735,12.578,21.980,5.809,11.154,8.076,7.340,6.391,11.955,21.928,7.847,11.882,8.630,23.040,20.186,26.833,9.131,11.148,7.183,31.427,10.161,11.033,25.007,21.761,18.855,9.610,23.426,20.729,29.826,33.166,31.189,10.796,13.115,25.070,13.940,14.639,27.679,17.534,18.379,20.818,20.613,31.316,37.604,22.706,29.107,49.763,26.104,42.395,43.023,43.696,32.199,32.483,49.347
node/4077525244,14.531,50.831,37.780,33.973,32.074,31.447,29.745,26.771,28.584,24.975,26.221,22.623,26.192,26.217,27.738,27.042,31.798,26.396,20.675,22.046,26.004,26.055,24.195,23.832,22.443,23.210,18.666,15.919,21.226,15.408,17.717,18.224,16.280,23.056,13.634,22.473,16.492,17.904,24.425,22.763,20.236,11.232,15.737,15.764,10.784,16.621,14.603,9.394,9.871,11.706,12.740,7.211,8.918,8.322,11.166,23.285,8.023,9.220,5.877,7.478,8.701,10.651,5.525,8.010,5.181,11.262,12.859,6.044,16.543,19.198,4.528,6.676,5.420,5.433,9.934,6.902,7.423,4.822,19.517,5.484,4.519,4.774,3.601,5.681,16.852,3.037,3.008,1.958,12.458,17.950,4.563,1.659,2.574,3.165,4.998,8.734,0.862,7.658,17.761,1.644,11.648,4.019,9.441,2.316,2.184,5.662,0.000,8.207,21.325,5.958,36.040,13.743,23.631,9.806,1.995,1.803,17.251,18.716,3.060,3.846,4.505,18.104,17.207,10.910,10.821,21.721,3.059,6.697,4.159,4.920,13.654,7.284,24.899,5.361,14.073,12.455,10.069,9.122,14.875,24.848,6.427,14.801,5.431,17.746,23.106,29.753,5.814,5.818,8.116,34.346,11.189,8.888,19.713,16.467,21.774,12.719,18.132,23.648,32.746,36.085,34.108,16.369,11.790,19.776,17.048,17.748,30.598,20.643,21.488,23.926,23.722,26.022,32.310,25.815,32.216,44.469,26.308,37.101,37.729,38.402,32.403,35.592,48.014
node/3056287062,18.621,51.937,38.886,35.079,33.180,32.553,35.475,32.500,34.313,30.704,27.328,23.730,31.922,31.947,32.042,35.572,40.328,30.334,26.220,25.984,34.534,29.992,28.133,27.770,30.973,28.733,22.603,21.294,29.756,19.779,26.247,26.755,20.218,21.142,17.724,20.559,25.022,26.434,22.512,31.293,18.323,12.655,24.267,19.701,16.626,14.707,11.579,10.817,14.177,19.843,8.718,11.834,17.616,16.360,7.223,17.754,15.152,8.546,12.618,8.032,18.082,21.332,12.272,6.799,10.899,6.680,7.353,16.724,10.690,31.242,11.195,6.498,8.000,7.378,4.634,19.026,6.170,6.736,33.143,7.827,14.176,8.251,9.097,5.451,8.310,7.015,15.255,7.471,4.777,9.260,4.446,8.310,6.665,6.248,3.464,1.773,8.156,1.650,10.389,7.275,3.207,4.372,16.666,6.306,10.813,3.439,8.995,0.000,13.953,2.858,28.668,6.370,16.259,2.148,7.672,8.215,9.879,25.941,7.298,6.155,5.723,25.329,24.432,22.152,3.162,14.348,9.649,3.638,8.882,13.549,6.282,15.912,17.527,8.180,6.700,4.797,5.953,6.812,6.813,17.475,8.652,6.241,9.434,26.375,15.733,22.380,9.935,11.961,7.987,26.974,10.973,11.845,28.341,25.096,14.401,10.422,26.761,16.275,25.373,28.712,26.736,11.608,13.928,28.405,14.752,15.452,23.226,15.664,16.549,17.721,18.783,34.651,40.939,20.875,27.276,53.098,26.405,45.730,46.358,47.031,32.500,30.652,49.649
way/1454716354,30.874,58.957,45.906,42.099,40.200,39.574,43.989,41.107,42.828,39.219,34.348,33.246,41.619,42.225,45.478,52.262,57.018,43.818,36.688,41.462,51.224,43.476,41.617,45.889,47.663,46.513,35.732,30.256,46.446,28.740,42.937,43.445,33.544,19.638,30.706,19.055,41.712,43.124,21.008,47.983,16.809,30.549,40.957,36.392,34.709,16.597,21.362,29.542,33.156,38.511,20.461,27.570,37.305,37.163,19.362,11.729,35.143,20.721,29.350,23.768,38.492,45.592,28.009,22.544,26.636,17.278,15.287,32.460,11.449,47.932,27.253,23.979,26.408,25.786,17.982,34.762,24.160,23.570,49.833,26.358,29.913,26.782,27.628,21.568,11.360,23.850,30.991,24.305,15.379,7.439,21.732,23.423,23.545,23.534,19.764,15.919,23.488,16.669,7.142,21.623,13.876,19.836,36.493,20.822,24.658,18.669,22.840,15.713,0.000,17.422,19.587,11.262,3.772,13.091,21.821,22.364,7.251,46.484,21.447,20.621,20.189,45.872,44.975,38.200,14.599,4.515,22.879,17.623,22.111,29.819,14.445,32.183,7.478,23.227,14.864,15.771,16.025,16.884,14.314,8.395,23.559,15.592,23.724,45.365,6.665,13.300,23.842,24.065,20.370,17.894,20.380,23.950,47.333,44.087,22.565,22.630,45.752,17.121,16.293,19.632,17.656,23.816,26.032,47.396,24.816,28.395,14.984,27.450,28.334,27.508,27.304,53.642,59.930,26.469,28.929,72.089,36.476,64.721,65.348,66.022,42.571,36.246,59.720
node/3014835252,17.965,51.282,38.231,34.424,32.525,31.898,34.820,31.845,33.658,30.049,26.672,23.075,31.267,31.291,31.387,34.917,39.673,29.679,25.565,25.329,33.879,29.337,27.478,27.115,30.318,28.077,21.948,20.639,29.101,19.124,25.592,26.099,19.562,20.487,17.069,19.904,24.367,25.779,21.857,30.638,17.668,12.000,23.612,19.046,15.971,14.052,11.853,10.162,13.522,19.188,10.171,11.178,16.961,15.705,8.598,20.969,14.497,7.891,11.963,7.377,17.427,20.677,11.617,6.144,10.244,8.945,10.542,16.069,14.226,30.587,10.540,5.843,9.158,8.537,7.618,18.370,5.515,5.933,32.488,7.024,13.521,7.448,14.009,5.245,14.535,6.213,14.600,6.668,7.773,14.465,3.643,6.907,5.452,5.099,2.662,3.523,6.837,2.149,14.276,5.509,6.203,2.739,15.956,4.767,8.699,1.523,6.881,2.996,17.840,0.000,32.555,10.258,20.146,4.557,5.862,6.406,13.766,27.845,4.877,3.859,3.428,27.233,26.336,19.561,5.369,18.235,5.653,2.277,5.125,11.434,10.169,13.798,21.414,5.590,10.588,6.203,5.793,4.845,11.389,21.362,6.061,11.316,6.844,24.260,19.620,26.267,7.345,9.370,5.397,30.861,8.383,9.255,26.227,22.981,18.289,7.832,24.646,20.163,29.260,32.599,30.623,9.018,11.337,26.291,12.162,12.861,27.113,15.756,16.601,19.040,18.835,32.537,38.825,20.928,27.329,50.983,24.326,43.615,44.243,44.916,30.421,30.705,47.569
way/1139030278,49.924,59.437,64.956,61.149,59.251,58.624,63.040,60.157,61.879,58.269,53.398,52.297,60.669,61.275,64.528,64.311,69.067,62.868,55.738,60.512,63.272,62.526,60.667,56.508,59.711,57.471,54.782,49.306,58.495,47.791,54.986,55.493,52.594,26.628,49.757,26.603,53.761,55.173,27.624,60.032,28.560,42.900,53.005,48.440,45.365,35.647,36.507,41.061,44.569,48.582,34.825,42.078,48.823,46.605,34.356,22.560,45.396,35.715,42.862,38.276,48.327,57.641,42.517,37.044,41.144,31.737,30.457,46.968,30.500,59.980,41.440,36.742,38.122,37.501,32.875,42.641,36.415,36.858,61.882,37.949,44.420,38.373,44.908,36.144,30.410,37.138,38.747,37.252,30.347,24.913,34.720,37.398,35.943,35.590,33.739,30.118,37.463,30.644,24.055,35.598,28.843,33.811,45.889,34.797,38.633,32.644,36.815,29.688,19.725,31.397,0.000,26.433,18.158,27.066,35.796,36.340,20.353,60.523,35.422,34.596,34.164,59.911,59.014,52.239,28.638,15.716,36.390,31.598,35.862,41.368,26.693,43.732,12.207,36.000,27.112,29.809,30.064,30.923,27.921,12.921,36.471,27.840,37.254,59.405,17.309,8.206,37.755,38.104,34.409,8.368,34.431,37.989,61.371,58.126,34.813,36.669,59.791,29.091,12.918,16.256,14.279,37.855,40.071,61.435,37.262,37.478,18.416,36.533,37.417,36.591,36.387,67.681,73.969,35.553,29.634,86.128,50.515,78.760,79.388,80.061,56.610,45.329,73.759
node/5210751039,22.762,54.347,41.295,37.489,35.590,34.963,37.884,34.910,36.723,33.114,29.737,26.139,34.331,30.888,36.183,39.714,44.469,34.475,32.612,30.125,38.675,34.133,32.274,31.911,35.114,32.874,26.744,23.943,33.898,22.427,30.388,30.896,24.359,20.834,21.865,20.250,29.164,30.576,22.203,35.435,18.014,17.365,28.408,23.843,20.767,14.398,11.910,16.357,19.972,23.985,10.228,16.966,24.226,24.084,9.759,19.747,21.958,11.118,18.746,13.165,25.414,33.044,17.405,11.940,16.032,7.167,5.431,21.857,7.710,35.383,15.725,12.451,14.880,14.258,7.871,24.158,11.311,12.967,37.284,14.829,19.309,15.254,16.100,10.964,5.330,13.247,20.388,13.702,5.776,6.280,11.128,14.992,12.941,12.930,10.787,6.316,15.738,8.326,6.800,13.873,4.273,12.086,26.862,13.072,16.908,10.920,15.090,7.369,10.311,9.672,27.256,0.000,12.617,3.050,14.071,14.615,8.467,36.853,13.697,12.871,11.262,36.241,35.344,28.569,4.967,12.936,13.247,9.873,12.479,20.188,4.842,22.551,16.115,13.596,5.261,6.139,6.393,7.252,7.215,16.063,13.927,5.989,14.093,35.734,14.321,20.968,14.211,14.434,10.738,25.562,10.749,14.319,37.701,34.455,12.962,12.999,36.120,14.836,23.961,27.300,25.324,14.184,16.401,37.765,15.184,15.884,21.814,16.114,16.998,18.171,19.232,44.011,50.298,21.325,27.726,62.457,26.845,55.090,55.717,56.391,32.940,31.101,50.089
node/1762579478,31.975,60.058,47.007,43.200,41.301,40.674,45.090,42.208,43.929,40.320,35.449,34.347,42.720,43.326,46.579,53.363,58.119,44.919,37.788,42.563,52.325,44.577,42.718,46.990,48.764,47.614,36.833,31.357,47.547,29.841,44.038,44.545,34.645,20.739,31.807,20.156,42.813,44.225,22.108,49.084,17.910,31.650,42.058,37.492,35.810,17.698,22.463,30.643,34.257,39.612,21.562,28.671,38.406,38.264,20.463,10.531,36.243,21.821,30.451,24.869,39.593,46.693,29.110,23.645,27.736,18.378,16.388,33.561,12.550,49.033,28.354,25.080,27.509,26.887,19.082,35.863,25.261,24.671,50.934,27.458,31.013,27.883,28.729,22.669,12.461,24.951,32.092,25.406,16.480,8.540,22.832,25.448,23.992,23.640,21.789,17.020,25.513,18.694,8.243,23.648,14.977,21.861,37.594,22.847,26.683,20.694,24.865,17.738,2.787,19.447,15.679,12.363,0.000,15.116,23.846,24.390,8.403,47.585,23.472,22.646,22.214,46.973,46.076,39.301,15.700,1.762,23.980,19.648,23.212,30.920,14.743,33.284,4.351,24.328,15.162,16.871,17.126,17.984,15.415,4.641,24.660,15.890,24.825,46.466,5.338,9.140,24.943,25.166,21.471,13.349,21.481,25.051,48.433,45.188,22.863,23.731,46.853,18.222,14.966,18.305,16.328,24.917,27.133,48.497,25.917,29.496,13.657,28.550,29.435,28.609,28.405,54.743,61.031,27.570,22.429,73.190,37.577,65.822,66.449,67.123,43.672,37.347,60.821
node/1452885165,24.119,55.704,42.653,38.846,36.947,36.320,39.242,36.267,38.080,34.471,31.094,27.496,35.689,32.245,37.541,41.071,45.827,35.833,33.969,31.483,40.033,35.491,33.632,33.269,36.472,34.231,28.102,25.300,35.255,23.785,31.746,32.253,25.716,19.505,23.222,18.922,30.521,31.933,20.875,36.792,16.686,16.760,29.765,25.200,22.125,13.070,13.267,14.922,21.329,25.342,11.585,15.938,25.583,20.465,11.116,17.673,19.257,12.475,16.723,12.136,22.187,34.401,16.377,10.904,15.004,6.599,9.311,20.828,10.832,35.961,15.300,10.603,11.983,11.361,6.460,16.502,10.275,10.719,36.281,11.809,18.281,12.234,18.768,10.005,8.452,10.998,12.608,11.113,4.696,8.639,8.581,11.258,9.803,9.450,7.599,3.703,11.324,4.229,8.450,9.458,3.126,7.671,19.750,8.658,12.493,6.505,10.675,3.272,12.014,5.258,26.729,4.432,14.320,0.000,9.656,10.200,7.940,34.475,9.283,8.457,8.025,33.862,32.965,26.191,2.589,12.410,10.251,5.458,9.723,17.809,4.343,20.173,15.588,11.217,4.762,3.761,4.015,4.874,4.874,15.537,10.332,4.303,11.714,33.356,13.795,20.442,11.833,12.055,8.360,25.036,8.370,11.940,35.323,32.077,12.463,10.620,33.742,14.337,23.435,26.774,24.797,11.806,14.022,35.386,12.806,13.506,21.287,13.726,14.610,15.783,16.844,41.632,47.920,18.937,25.338,60.079,24.466,52.711,53.339,54.012,30.561,28.714,47.710
node/4769476622,16.169,55.094,42.043,38.236,36.337,35.711,31.383,28.408,30.222,26.613,30.485,26.887,27.830,27.855,29.376,28.680,33.435,28.034,22.313,23.684,27.641,27.692,25.833,25.470,24.080,24.848,20.303,17.557,22.864,17.046,19.354,19.862,17.918,24.299,15.272,23.716,18.130,19.542,25.669,24.401,21.480,15.812,17.374,17.402,12.422,17.864,15.665,13.974,11.508,13.344,13.983,8.849,10.556,9.960,12.410,22.929,9.661,11.703,7.514,11.189,10.339,18.563,7.163,9.957,6.819,10.906,12.503,7.682,16.187,21.004,6.166,6.905,6.070,5.448,9.579,8.540,7.290,4.837,21.323,5.928,6.157,6.412,5.238,5.559,17.231,3.363,4.646,3.596,12.102,17.418,4.662,3.296,2.639,3.180,4.376,8.203,2.821,6.184,17.229,1.773,11.116,3.398,11.247,2.236,3.990,4.978,2.033,7.676,20.793,5.426,35.509,13.211,23.099,9.275,0.000,0.929,16.720,20.522,1.092,1.810,2.791,19.910,19.013,12.716,9.656,21.189,1.064,4.957,2.147,6.726,13.122,9.090,24.367,3.422,13.541,11.982,8.398,7.450,14.343,24.316,4.449,14.270,4.095,19.552,22.574,29.221,4.477,4.482,6.431,33.815,9.210,6.910,21.519,18.273,21.242,8.742,19.938,23.116,32.214,35.553,33.577,10.952,9.812,21.582,13.228,13.928,30.067,16.822,17.668,20.106,19.902,27.828,34.116,21.994,28.395,46.275,22.800,38.907,39.535,40.208,28.895,31.771,46.044
node/1992854977,16.265,52.565,39.513,35.706,33.808,33.181,31.479,28.504,30.318,26.709,27.955,24.357,27.926,27.951,29.472,28.776,33.531,28.130,22.409,23.780,27.737,27.788,25.929,25.566,24.176,24.943,20.399,17.653,22.960,17.141,19.450,19.958,18.014,25.014,15.368,24.431,18.226,19.638,26.384,31.427,22.195,12.966,17.470,17.498,12.518,18.579,16.380,11.127,11.604,13.440,14.698,8.945,10.652,10.056,13.124,23.644,9.757,12.417,7.610,8.354,10.435,17.802,7.258,10.671,6.915,11.621,13.217,7.778,16.902,20.243,6.262,7.620,6.574,5.953,10.293,8.636,8.004,5.342,20.562,6.433,6.253,6.508,5.334,6.274,17.946,3.868,4.742,3.692,12.817,18.133,5.377,3.393,3.144,3.685,5.091,8.917,2.917,6.898,17.944,2.278,11.831,4.112,10.486,2.741,3.318,5.693,2.026,8.390,21.508,6.141,36.223,13.926,23.814,9.989,1.254,0.000,17.434,19.761,2.255,3.041,3.699,19.148,18.251,11.206,11.004,21.904,2.164,5.892,3.354,5.216,13.837,7.580,25.082,4.050,14.256,12.978,9.264,8.316,15.058,25.031,5.622,14.984,3.794,18.042,23.289,29.936,4.176,4.181,7.311,34.529,10.206,7.479,20.009,16.763,21.957,9.737,18.428,23.831,32.929,36.268,34.291,10.554,9.414,20.072,14.090,14.790,30.781,17.685,18.530,20.968,20.764,26.318,32.606,22.857,29.258,44.765,22.402,37.397,38.025,38.698,28.497,32.633,45.646
node/3974972557,33.758,59.529,46.478,42.671,40.772,40.145,46.873,43.990,45.712,42.103,34.919,31.321,39.514,36.071,41.366,44.896,49.652,39.658,39.571,35.308,43.858,39.316,37.457,37.093,40.297,38.056,31.927,33.139,39.080,31.624,35.571,36.078,29.541,22.522,27.047,21.939,34.346,35.758,23.891,40.617,19.693,23.485,33.590,29.025,25.950,19.480,17.092,21.646,25.154,29.167,15.410,22.663,29.408,27.190,14.941,12.917,25.981,16.300,23.447,18.861,28.912,38.226,23.102,17.629,21.729,12.323,11.042,27.553,14.333,40.565,22.025,17.327,18.707,18.086,13.460,23.226,17.000,17.443,42.467,18.534,25.006,18.959,25.493,16.729,9.176,17.723,19.332,17.837,10.932,5.498,15.306,17.983,16.528,16.175,14.324,10.704,18.048,11.229,4.640,16.183,9.429,14.396,26.475,15.382,19.218,13.230,17.400,10.273,5.072,11.982,19.788,7.018,7.378,7.651,16.381,16.925,0.000,41.109,16.007,15.181,14.749,40.497,39.599,32.825,9.223,5.468,16.975,12.183,16.447,21.953,7.278,24.317,8.646,16.585,7.697,10.395,10.649,11.508,8.506,8.595,17.056,8.425,17.839,39.990,6.853,13.500,18.340,18.689,14.994,18.094,15.017,18.574,41.957,38.711,15.398,17.255,40.376,9.622,16.493,19.832,17.856,18.440,20.657,42.020,19.440,20.862,14.345,19.917,20.801,21.974,23.035,48.266,54.554,22.700,25.159,66.713,31.101,59.345,59.973,60.646,37.196,32.477,54.344
way/997439163,27.569,58.099,45.047,41.240,39.342,39.222,34.965,31.990,33.804,30.195,31.209,30.399,23.602,22.455,21.823,22.023,26.779,23.011,23.858,23.737,20.985,19.780,20.972,17.890,17.424,17.350,22.210,25.424,16.204,24.756,17.491,15.216,24.752,50.065,22.878,49.482,18.239,14.470,51.434,15.348,47.226,25.869,15.926,17.084,20.806,37.713,30.116,25.146,21.709,17.121,31.471,25.491,14.854,15.967,31.407,48.793,17.553,27.657,21.546,26.301,14.762,14.574,21.194,26.311,21.556,34.032,36.463,16.936,41.909,6.029,20.903,23.950,21.794,22.540,33.648,17.578,28.658,21.700,5.486,21.317,19.477,20.607,20.219,22.558,40.753,19.947,18.243,19.099,37.485,41.703,21.440,18.619,19.452,20.042,22.315,26.122,17.967,24.123,42.036,19.458,36.606,21.879,10.055,20.046,17.580,23.549,18.108,25.595,50.541,24.100,54.183,31.886,52.847,34.774,20.118,19.926,35.394,0.000,21.183,21.969,22.628,1.941,2.270,10.019,33.073,39.863,21.182,24.622,21.285,18.445,32.891,12.700,43.042,22.359,33.310,28.856,31.823,26.985,32.388,42.990,23.383,31.817,21.064,4.247,51.401,47.895,20.226,19.684,24.486,52.489,26.084,23.317,6.457,8.489,38.636,27.415,8.213,46.571,50.888,54.227,52.251,25.883,23.382,9.143,29.398,30.098,50.015,32.992,33.838,36.276,36.072,17.050,22.012,38.165,44.566,33.649,35.822,28.129,28.756,29.430,41.917,47.941,39.042
node/12433858548,15.895,54.325,41.274,37.467,35.569,34.942,31.110,28.135,29.948,26.339,29.716,26.118,27.556,27.581,29.102,32.999,37.755,27.761,22.039,23.411,31.961,27.419,25.560,25.197,28.400,26.159,20.030,17.283,27.183,16.772,23.674,24.181,17.644,23.530,14.998,22.947,22.449,23.861,24.900,28.720,20.711,15.043,21.694,17.128,12.149,17.095,14.896,13.205,11.235,14.330,13.215,9.475,11.541,10.945,11.641,24.012,10.646,10.934,8.500,10.420,11.325,19.503,8.148,9.188,7.275,11.989,13.585,8.667,17.270,21.943,7.152,6.483,6.279,5.657,10.661,9.526,8.559,5.046,22.263,6.137,7.143,6.562,6.224,5.137,16.809,4.396,5.632,4.581,13.185,16.996,4.239,4.282,3.672,3.851,3.954,8.357,3.807,6.357,16.807,2.806,10.694,2.975,12.187,1.857,4.930,4.788,3.091,7.830,20.371,4.502,35.086,12.789,22.677,8.852,1.151,1.987,16.297,21.461,0.000,0.786,1.766,20.849,19.952,13.655,8.554,20.767,1.449,3.932,1.099,7.665,12.700,10.029,23.945,2.374,13.119,10.958,7.296,6.348,14.490,23.894,3.424,13.919,3.259,20.491,22.152,28.799,4.255,5.174,5.406,33.392,8.186,5.885,22.458,19.212,20.820,7.717,20.877,22.694,31.791,35.131,33.154,9.928,8.787,22.521,12.203,12.903,29.644,15.798,16.643,19.081,18.877,28.767,35.055,20.970,27.371,47.214,21.776,39.846,40.474,41.147,27.871,30.747,45.020
node/3113588327,20.223,53.540,40.488,36.682,34.783,34.156,37.077,34.103,35.916,32.307,28.930,25.332,33.524,33.549,33.644,37.175,41.930,31.936,27.823,27.586,36.136,31.594,29.735,29.372,32.575,30.335,24.205,22.897,31.359,21.381,27.849,28.357,21.820,22.745,19.326,22.162,26.625,28.037,24.114,32.896,19.925,14.258,25.869,21.304,12.065,16.309,14.110,12.419,11.151,21.446,12.429,13.436,12.357,11.761,10.855,23.226,10.798,10.148,9.411,9.634,12.141,20.365,8.357,8.402,7.191,11.203,12.800,9.483,16.484,22.806,7.594,6.407,6.195,5.573,9.876,10.342,7.773,4.963,23.125,6.053,7.959,6.478,7.040,5.412,16.793,5.242,6.447,5.397,12.399,16.005,3.977,5.098,4.384,4.031,5.097,7.571,4.623,5.572,15.816,3.578,10.251,3.078,13.049,2.524,5.792,4.003,3.974,7.044,19.380,3.716,34.096,11.798,21.686,7.862,1.931,2.808,15.307,22.324,1.018,0.000,0.981,21.712,20.814,13.848,7.777,19.776,1.794,3.147,1.266,8.527,11.709,10.891,22.954,2.057,12.128,8.249,6.519,5.571,12.930,22.903,3.123,12.857,3.326,21.353,21.161,27.808,4.321,5.419,4.592,32.402,7.611,5.584,23.320,20.074,19.829,7.060,21.740,21.703,30.801,34.140,32.164,8.246,8.486,23.384,11.389,12.089,28.654,14.984,15.829,18.268,18.064,29.630,35.918,20.156,26.557,48.076,21.475,40.709,41.336,42.010,27.570,29.933,44.719
node/4609504482,20.108,53.425,40.374,36.567,34.668,34.041,36.963,33.988,35.801,32.192,28.815,25.217,33.410,33.434,33.530,37.060,41.816,31.822,27.708,27.472,36.022,31.480,29.621,29.258,32.461,30.220,24.091,22.782,31.244,21.267,27.735,28.242,21.705,22.630,19.212,22.047,26.510,27.922,24.000,32.781,19.811,14.143,25.755,21.189,12.382,16.195,13.996,12.305,11.469,21.331,12.314,13.321,12.733,12.325,10.741,23.112,11.116,10.034,9.360,9.520,12.517,20.741,8.675,8.287,7.508,11.088,12.685,9.859,16.369,23.182,7.543,6.018,6.512,5.891,9.761,10.718,7.658,5.248,23.501,6.339,8.335,6.764,7.416,5.022,16.678,5.528,6.824,5.643,11.763,14.907,3.588,5.474,4.333,3.980,3.667,7.456,4.999,5.457,15.702,3.988,10.260,2.688,13.425,3.187,6.168,3.888,4.606,6.929,19.266,3.602,33.981,11.684,21.572,8.428,2.959,3.503,15.192,22.401,1.930,0.912,0.000,21.789,20.891,14.117,6.727,19.661,2.706,2.554,2.036,8.904,11.595,11.267,22.840,2.349,12.014,7.199,5.468,4.521,12.934,22.788,3.357,12.363,3.618,21.730,21.046,27.693,4.614,5.689,3.612,32.287,6.630,7.502,23.696,20.451,19.182,6.079,22.116,21.056,30.686,34.025,32.049,7.265,9.585,23.760,10.409,11.109,28.539,14.003,14.849,17.287,17.083,30.006,36.294,19.175,25.577,48.453,22.573,41.085,41.712,42.386,28.668,28.952,45.817
node/332074128,24.600,59.416,46.364,42.558,40.659,40.539,36.282,33.307,35.121,31.512,32.527,31.716,24.919,23.772,23.140,23.340,28.096,24.328,25.175,25.055,22.302,21.097,22.289,19.207,18.741,18.667,23.527,26.506,17.521,25.838,18.808,16.533,21.432,44.263,23.960,43.680,19.556,15.787,45.633,16.665,41.444,26.951,17.243,18.166,21.889,38.795,31.198,26.228,22.791,18.203,32.553,26.573,15.937,17.049,32.490,49.875,18.635,28.739,22.628,27.383,15.844,15.656,22.276,27.394,22.638,35.115,37.545,18.019,42.991,7.346,21.985,25.032,22.876,23.622,34.730,18.660,29.740,22.782,6.803,22.399,20.559,21.689,21.302,23.641,41.835,21.029,19.325,20.181,38.568,42.785,22.523,19.701,20.534,21.125,23.397,27.204,19.050,25.205,43.119,20.541,37.688,22.961,11.138,21.129,18.662,24.632,19.190,26.677,51.623,25.183,55.265,32.968,53.929,35.856,21.200,21.008,36.476,1.932,22.265,23.052,23.710,0.000,1.190,11.101,34.155,40.946,22.264,25.704,22.367,19.527,33.973,13.782,44.124,23.441,34.392,29.938,32.906,28.068,33.470,44.073,24.465,32.899,22.146,3.368,52.483,48.978,21.308,20.767,25.568,53.572,27.166,24.399,5.932,7.964,39.719,28.498,7.687,47.654,51.971,55.310,53.334,26.965,24.464,8.617,30.480,31.180,51.098,34.075,34.920,37.358,37.154,16.524,21.486,39.247,45.648,33.645,36.905,27.603,28.230,28.904,43.000,49.024,38.516
way/945061262,22.764,59.636,46.585,42.778,40.879,40.760,36.502,33.528,35.341,31.732,32.747,31.937,25.139,23.993,23.361,23.561,28.317,24.549,25.395,25.275,22.522,21.318,22.509,19.428,18.961,18.888,23.748,24.669,17.742,24.002,19.029,16.754,19.596,42.427,22.124,41.844,19.776,16.008,43.796,16.886,39.607,25.115,17.464,16.329,20.052,36.959,29.362,24.392,20.955,16.367,30.716,24.737,14.100,15.213,30.653,48.038,16.798,26.903,20.792,25.547,14.008,13.819,20.440,25.557,20.802,33.278,35.709,16.182,41.155,7.567,20.149,23.195,21.040,21.785,32.894,16.824,27.903,20.946,7.024,20.563,18.722,19.853,19.465,21.804,39.999,19.193,17.489,18.345,36.731,40.949,20.686,17.865,18.697,19.288,21.561,25.368,17.213,23.368,41.282,18.704,35.852,21.125,9.301,19.292,16.826,22.795,17.354,24.841,49.787,23.346,53.429,31.131,52.093,34.020,19.364,19.172,34.640,2.153,20.428,21.215,21.873,1.031,0.000,9.265,32.319,39.109,20.428,23.867,20.530,17.690,32.137,9.643,42.288,21.605,32.556,28.102,31.069,26.231,31.634,42.236,22.629,31.063,20.310,2.770,50.647,47.141,19.471,18.930,23.732,51.735,25.330,22.563,6.152,8.184,37.882,26.661,7.907,45.817,50.134,53.473,51.497,25.129,22.628,8.838,28.644,29.344,49.261,32.238,33.084,35.522,35.318,16.744,21.707,37.411,43.812,33.865,35.068,27.823,28.451,29.124,41.163,47.187,38.737
node/336262498,23.088,60.905,47.854,44.047,42.148,41.521,38.819,35.845,37.658,34.049,36.295,32.697,30.163,29.016,28.385,29.095,33.850,29.573,30.801,27.465,28.056,26.342,25.269,24.452,24.495,25.262,22.575,24.994,23.279,24.327,19.769,20.277,19.921,35.526,22.449,34.944,18.545,19.957,36.896,22.233,32.707,20.684,17.789,16.654,20.377,29.091,24.055,18.846,13.953,12.910,31.041,16.651,10.643,11.756,23.649,33.233,13.342,21.427,15.316,20.072,10.551,10.363,14.965,20.082,15.118,21.209,33.317,14.646,26.491,11.783,14.465,17.512,15.356,16.102,19.882,15.745,22.428,14.770,12.102,15.221,13.247,14.510,13.781,15.628,32.458,12.610,11.805,11.793,29.381,32.525,14.510,11.494,12.522,13.113,15.385,19.045,10.697,21.174,33.308,12.163,27.878,14.330,4.168,12.626,10.310,19.605,10.494,18.518,37.218,16.268,52.125,29.827,39.524,26.046,12.286,11.604,33.336,10.296,13.350,13.903,14.361,9.684,8.787,0.000,24.345,37.805,12.996,15.893,12.556,9.716,24.163,3.972,40.984,13.631,24.582,20.128,23.095,18.257,23.660,40.932,14.655,23.089,12.336,10.830,42.673,45.837,11.497,10.956,15.758,50.431,17.356,14.589,12.797,9.551,29.908,18.687,11.216,37.843,48.830,52.169,50.193,17.155,14.653,12.860,20.670,21.370,41.287,24.264,25.110,27.548,27.344,19.106,25.394,29.437,35.838,37.553,27.094,30.185,30.813,31.486,33.189,39.213,41.099
node/6566648095,24.363,55.947,42.896,39.089,37.190,36.563,39.485,36.510,38.324,34.715,31.337,27.740,35.932,32.489,37.784,41.314,46.070,36.076,34.213,31.726,40.276,35.734,33.875,33.512,36.715,34.474,28.345,25.544,35.498,24.028,31.989,32.496,25.960,22.434,23.466,21.851,30.764,32.176,23.803,37.035,19.614,15.692,30.009,25.443,22.368,15.999,13.510,13.854,17.214,25.585,11.829,14.870,25.826,19.397,11.360,21.347,18.189,12.718,15.655,11.068,21.119,34.644,15.309,9.836,13.936,8.315,9.500,19.760,11.021,34.201,14.232,9.535,10.915,10.293,8.175,15.434,9.207,9.651,34.520,10.741,17.213,11.166,17.701,8.937,8.641,9.930,11.540,10.045,5.564,8.709,7.513,10.190,8.735,8.383,6.531,3.912,10.256,4.299,9.491,8.390,4.061,6.603,18.682,7.590,11.425,5.437,9.607,3.342,13.402,4.190,28.308,6.011,15.707,2.229,8.588,9.132,9.519,32.714,8.215,7.388,6.957,32.102,31.205,24.430,0.000,13.988,9.183,4.391,8.655,16.048,5.922,18.412,17.167,9.457,6.341,1.983,2.254,3.113,5.444,17.116,9.264,4.872,9.954,31.595,15.373,22.020,10.072,10.295,6.599,26.614,6.609,10.180,33.562,30.316,11.692,8.860,31.981,13.566,25.013,28.352,26.376,10.045,12.262,33.626,11.045,11.745,22.866,13.327,14.211,15.384,16.445,39.872,46.160,18.538,24.939,58.318,22.706,50.950,51.578,52.251,28.801,28.315,45.950
node/627574779,33.062,61.145,48.094,44.287,42.388,41.761,46.177,43.294,45.016,41.407,36.535,35.434,43.807,44.412,47.666,54.450,59.206,46.006,38.875,43.650,53.412,45.664,43.805,48.077,49.851,48.701,37.920,32.444,48.634,30.928,45.125,45.632,35.732,21.826,32.894,21.243,43.900,45.312,23.195,50.171,18.997,30.331,43.145,38.579,36.897,18.785,23.549,28.492,32.000,40.699,22.649,29.509,39.492,39.351,21.787,13.916,32.827,23.146,30.293,25.707,40.680,47.780,29.948,24.475,28.575,19.465,17.475,34.399,13.637,50.119,28.871,26.167,25.553,24.932,20.169,30.072,23.846,24.289,52.021,25.380,31.852,25.804,32.339,23.575,13.548,24.569,26.178,24.683,17.778,9.627,22.151,24.829,23.373,23.021,21.170,17.549,24.894,18.075,9.329,23.029,16.274,21.242,33.321,22.228,26.064,20.076,24.246,17.119,3.874,18.828,14.632,13.450,1.847,14.497,23.227,23.771,7.784,47.955,22.853,22.027,21.595,47.343,46.445,39.670,16.069,0.000,23.821,19.029,23.293,28.799,14.124,31.163,3.304,23.431,14.543,17.241,17.495,18.354,15.352,3.594,23.902,15.271,24.685,46.836,4.719,8.092,25.186,25.535,21.840,12.302,21.863,25.420,48.803,45.557,22.244,24.100,47.222,15.266,11.501,14.840,12.864,25.286,27.502,48.866,26.324,26.540,13.038,25.595,26.479,25.653,25.449,55.112,61.400,24.614,21.810,73.559,37.946,66.191,66.819,67.492,44.041,34.391,61.190
node/302790436,16.864,55.207,42.155,38.349,36.450,35.823,32.078,29.103,30.916,27.307,30.597,26.999,28.525,28.549,30.070,33.967,38.723,28.729,23.008,24.379,32.929,28.387,26.528,26.165,29.368,27.128,20.998,18.252,28.151,23.048,24.642,25.149,18.613,24.412,15.967,23.829,23.417,24.829,25.781,33.066,21.592,15.925,22.662,18.096,13.117,17.976,15.777,14.086,12.203,14.910,14.096,10.444,12.122,11.526,12.522,24.893,11.227,11.815,9.080,11.301,11.905,19.536,8.729,10.069,8.243,12.870,14.467,9.248,18.151,22.616,7.732,7.659,7.247,6.625,11.543,10.106,9.440,6.015,22.935,7.106,7.723,7.530,6.804,6.313,18.460,4.929,6.212,5.162,14.066,16.842,5.416,4.862,4.205,4.820,5.130,9.238,4.387,7.238,17.483,3.339,12.195,4.152,12.220,3.033,5.556,5.670,3.599,8.711,21.047,5.383,35.763,13.465,23.353,10.362,1.566,2.350,16.974,21.129,1.176,1.749,2.648,20.517,19.620,12.845,8.662,21.443,0.000,4.489,1.152,6.950,13.376,9.314,24.621,2.427,13.795,11.004,7.403,6.455,14.536,24.570,3.470,13.965,2.594,19.776,22.828,29.475,4.412,4.417,5.513,34.069,8.232,5.931,21.743,18.497,20.784,7.763,20.162,22.658,32.468,35.807,33.831,9.974,8.833,21.806,12.311,13.011,30.320,15.905,16.750,19.189,18.985,28.053,34.340,21.077,27.478,46.499,21.822,39.131,39.759,40.432,27.917,30.854,45.066
way/585852861,19.608,52.925,39.873,36.067,34.168,33.541,36.462,33.488,35.301,31.692,28.315,24.717,32.909,32.934,33.029,36.560,41.316,31.321,27.208,26.971,35.521,30.979,29.120,28.757,31.960,29.720,23.590,22.282,30.744,20.766,27.235,27.742,21.205,22.130,18.711,21.547,26.010,27.422,23.499,32.281,19.310,13.643,25.254,20.689,17.613,15.694,13.495,11.805,15.165,20.831,11.814,12.821,18.603,17.348,10.240,22.611,16.139,9.533,13.605,9.019,19.070,23.282,13.260,7.787,11.887,10.588,12.185,17.711,15.869,27.434,12.183,7.486,10.801,10.179,9.261,13.259,7.158,7.753,27.753,10.751,15.164,11.175,15.651,6.888,13.131,8.033,9.365,8.314,10.054,13.198,5.464,8.015,6.176,5.823,4.482,4.258,7.540,4.205,13.981,6.495,8.551,4.654,15.966,5.441,8.709,3.388,6.891,3.731,17.892,2.210,31.585,9.288,20.197,6.719,5.016,5.710,12.796,25.948,4.245,3.085,2.383,25.335,24.438,17.663,5.018,17.266,4.369,0.000,3.600,10.883,9.199,13.247,20.444,3.409,9.618,5.490,3.760,2.812,9.934,20.393,3.829,9.363,4.950,23.709,18.651,25.297,5.451,7.472,3.205,29.892,4.681,7.357,25.676,22.430,16.182,5.934,24.095,18.056,28.291,31.630,29.653,7.120,9.439,25.739,10.264,10.964,26.143,13.858,14.704,17.142,16.938,31.985,38.273,19.030,25.432,50.432,22.428,43.064,43.692,44.365,28.523,28.807,45.672
node/2580708138,16.325,54.576,41.525,37.718,35.820,35.193,31.539,28.564,30.378,26.769,29.967,26.369,27.986,28.011,29.532,38.211,42.967,32.973,28.860,28.623,37.173,32.631,30.772,30.409,33.612,31.372,25.242,17.713,32.395,22.418,28.886,29.394,22.857,23.781,15.428,23.198,27.662,29.073,25.151,33.932,20.962,15.294,26.906,22.341,12.578,17.346,15.147,13.456,11.665,15.659,13.466,14.473,12.871,12.275,11.892,24.263,11.312,11.185,9.406,10.671,12.654,20.878,8.870,9.439,7.704,12.240,13.836,9.997,17.521,22.813,7.589,9.137,6.708,6.087,10.912,10.855,8.809,5.476,23.132,6.567,8.472,6.991,7.553,5.804,17.829,5.756,6.961,5.911,12.546,15.690,5.196,5.612,4.633,4.281,6.134,8.608,5.136,6.608,16.857,4.091,11.043,3.642,13.562,3.038,6.306,5.039,4.488,8.081,20.421,5.783,35.136,12.838,22.726,9.210,2.256,3.268,16.347,21.326,1.281,1.347,1.805,20.714,19.817,13.042,7.509,20.816,1.404,3.337,0.000,8.605,12.750,10.969,23.994,1.275,13.168,9.851,6.251,5.303,13.384,23.943,2.318,12.812,2.544,21.431,22.201,28.848,3.540,4.614,4.361,33.442,7.080,4.779,23.398,20.152,19.632,6.611,21.817,21.506,31.841,35.180,33.204,8.822,7.681,23.461,11.158,11.858,29.694,14.753,15.598,18.037,17.832,29.707,35.995,19.925,26.326,48.154,20.670,40.786,41.413,42.087,26.765,29.702,43.913
node/5884199085,18.662,54.962,41.911,38.104,36.205,35.578,33.877,30.902,32.715,29.106,30.352,26.755,30.323,33.187,32.556,33.265,38.021,33.743,24.806,31.635,32.227,30.512,29.440,28.623,28.666,29.433,26.746,20.050,27.450,19.539,23.940,24.448,20.411,30.206,17.765,29.623,22.715,24.127,31.576,26.404,27.387,15.363,21.960,20.825,14.915,23.771,18.734,13.525,14.002,16.540,21.033,11.331,14.273,11.885,18.329,27.912,10.870,16.107,9.996,14.751,14.181,13.993,9.644,14.761,9.797,15.889,17.486,9.326,21.170,16.433,9.144,12.191,10.036,10.781,14.562,10.424,17.108,9.450,16.753,9.900,7.926,9.190,8.461,10.308,21.479,7.290,6.484,6.472,22.929,26.073,9.190,6.173,7.201,7.792,10.065,13.724,5.377,11.872,26.856,6.843,21.426,9.009,6.677,7.305,4.990,10.652,5.174,13.197,26.315,10.947,41.030,18.733,28.621,19.594,6.965,6.283,22.241,15.951,8.030,8.816,9.475,15.339,14.442,6.183,17.893,26.710,8.029,11.668,8.254,0.000,21.829,2.557,29.889,8.263,22.248,17.794,16.643,15.923,21.326,29.838,9.538,20.755,6.968,13.019,28.096,34.742,9.163,8.622,13.424,39.337,15.022,12.255,14.986,11.740,27.574,14.557,13.405,36.143,37.736,41.075,39.098,15.454,13.749,15.049,18.969,19.669,39.587,22.564,23.409,25.847,25.643,21.296,27.583,27.736,34.137,39.742,25.394,32.374,33.002,33.675,31.489,37.513,43.288
node/3211789361,25.239,56.824,43.773,39.966,38.067,37.440,40.362,37.387,39.200,35.591,32.214,28.616,36.809,33.365,38.661,42.191,46.947,36.953,35.090,32.603,41.153,36.611,34.752,34.388,37.592,35.351,29.222,26.420,36.375,24.905,32.866,33.373,26.836,23.311,24.342,22.728,31.641,33.053,24.680,37.912,20.491,19.842,30.886,26.320,23.245,16.875,14.387,18.835,22.449,26.462,12.705,19.991,26.703,26.562,12.236,22.224,24.435,13.595,20.775,16.189,27.891,35.521,20.430,14.957,19.056,9.618,10.431,24.881,11.952,37.860,18.202,14.928,17.357,16.735,10.322,20.554,14.328,15.444,38.382,17.306,22.333,17.731,18.577,13.442,9.572,15.724,16.660,15.165,8.227,9.759,12.633,15.311,13.855,13.503,11.652,8.031,15.376,8.557,10.542,13.511,6.724,11.723,26.600,12.710,16.546,10.557,14.728,7.601,14.452,9.310,28.034,5.735,16.758,4.978,13.709,14.252,9.245,36.576,13.335,12.509,12.077,35.964,35.066,28.292,7.206,13.714,15.340,9.511,14.572,19.925,0.000,22.289,16.893,13.334,0.419,5.601,8.633,9.491,3.391,16.841,13.665,2.820,13.831,35.457,15.099,21.746,13.949,14.172,10.476,26.340,9.411,14.057,37.424,34.178,9.639,12.737,35.843,11.513,24.739,28.078,26.102,13.922,16.139,37.487,14.613,14.829,22.592,13.883,14.767,15.940,17.002,43.733,50.021,19.094,25.495,62.180,26.568,54.812,55.440,56.113,32.663,28.871,49.811
node/4921020221,20.947,57.247,44.195,40.389,38.490,37.863,36.161,33.187,35.000,31.391,32.637,29.039,32.215,31.068,30.436,31.146,35.902,31.624,32.853,29.516,30.108,28.393,27.320,26.503,26.547,27.314,24.627,22.335,25.330,26.379,21.821,22.328,21.972,32.491,20.050,31.908,20.596,22.008,33.860,24.285,29.671,17.648,19.841,18.706,17.200,26.055,21.019,15.810,16.287,16.795,23.317,13.615,14.528,15.641,20.613,30.197,13.155,18.391,12.280,17.036,14.436,14.248,11.929,17.046,12.082,18.174,19.770,11.610,23.455,13.834,11.429,14.476,12.320,13.066,16.846,12.709,19.392,11.734,14.154,12.185,10.211,11.475,10.745,12.592,30.919,9.574,8.769,8.757,27.842,30.986,11.475,8.458,9.486,10.077,12.349,16.009,7.661,14.157,31.769,9.127,26.339,11.294,5.305,9.590,7.274,12.936,7.458,15.482,35.679,13.232,43.315,21.017,37.985,24.507,9.250,8.568,24.526,12.348,10.314,11.101,11.759,11.736,10.838,4.064,22.806,28.995,10.314,14.355,11.018,8.178,22.624,0.000,32.174,10.547,23.043,18.589,21.556,16.718,22.121,32.122,11.822,21.550,9.253,10.900,41.134,37.027,9.959,9.417,14.219,41.621,15.817,13.050,12.867,9.621,28.369,17.148,11.286,36.304,40.020,43.359,41.383,15.616,13.115,12.930,19.131,19.831,39.748,22.725,23.571,26.009,25.805,19.176,25.464,27.898,34.299,37.623,25.555,30.255,30.883,31.556,31.650,37.674,41.168
node/4343081824,39.004,67.087,54.036,50.229,48.330,47.703,52.119,49.236,50.958,47.349,42.477,41.376,49.749,50.354,53.607,53.390,58.146,51.948,44.817,49.592,52.352,51.606,49.747,45.588,48.791,46.550,43.862,38.386,47.574,36.870,44.065,44.573,41.674,27.768,38.836,27.185,42.840,44.252,23.552,49.111,24.939,31.979,42.085,37.519,34.444,24.726,25.586,30.141,33.648,37.661,23.905,31.157,37.902,35.684,23.436,14.845,34.475,24.794,31.942,27.355,37.406,46.720,31.596,26.123,30.223,20.817,19.537,36.047,19.579,49.060,30.519,25.822,27.201,26.580,21.954,31.721,25.494,25.938,50.961,27.028,33.500,27.453,33.987,25.224,19.490,26.217,27.826,26.332,19.426,13.992,23.800,26.477,25.022,24.669,22.818,19.198,26.543,19.724,13.134,24.677,17.923,22.890,34.969,23.877,27.712,21.724,25.894,18.767,6.783,20.477,11.658,15.512,4.354,16.145,24.875,25.419,9.432,49.603,24.502,23.675,23.244,48.991,48.094,41.319,17.717,4.030,25.470,20.677,24.941,30.448,15.772,32.811,0.000,25.079,16.191,18.889,19.143,20.002,17.000,1.234,25.550,16.919,26.333,48.484,6.388,5.119,26.834,27.184,23.488,9.329,23.511,27.069,50.451,47.205,23.892,25.749,48.870,18.171,8.313,11.650,9.674,26.934,29.151,50.514,29.228,29.444,14.342,28.499,29.383,28.557,28.353,56.761,63.048,27.519,23.480,75.207,39.595,67.840,68.467,69.140,45.690,37.295,62.839
node/3770301444,22.311,55.628,42.577,38.770,36.871,36.244,39.166,36.191,38.005,34.395,31.018,27.421,35.613,35.637,35.733,39.263,44.019,34.025,29.911,29.675,38.225,33.683,31.824,31.461,34.664,32.423,26.294,24.985,33.447,23.470,29.938,30.445,23.909,24.833,21.415,24.250,28.713,30.125,26.203,33.894,22.014,16.346,27.958,23.392,13.841,18.398,16.199,14.508,12.927,23.534,14.517,15.524,14.134,13.537,12.944,25.315,12.575,12.236,10.669,11.723,13.917,21.739,10.133,10.490,8.967,13.291,14.888,11.259,18.572,23.443,8.852,10.189,7.971,7.350,11.964,12.118,9.861,6.739,23.762,7.830,9.735,8.254,8.816,9.591,17.803,7.018,8.224,7.173,14.726,17.870,6.459,6.874,5.896,5.544,7.186,9.659,6.399,7.660,18.653,5.354,13.223,4.905,14.423,4.300,7.568,6.091,5.750,9.133,22.563,6.835,36.184,13.887,24.869,11.390,2.993,3.554,17.395,21.957,2.532,2.609,3.067,21.345,20.447,13.672,9.690,21.864,2.141,4.150,1.888,7.748,13.626,10.112,25.043,0.000,14.044,9.590,8.440,6.566,13.122,24.991,2.238,12.551,1.556,20.574,23.249,29.896,2.552,3.502,4.104,34.490,6.818,3.936,22.541,19.295,19.371,6.350,20.960,21.245,32.889,36.228,34.252,8.560,7.420,22.605,10.901,11.601,32.459,14.495,15.340,17.779,17.575,28.851,35.139,19.667,26.068,47.297,20.409,39.929,40.557,41.230,26.504,29.444,43.652
way/1360293399,24.820,56.405,43.354,39.547,37.648,37.021,39.943,36.968,38.782,35.172,31.795,28.198,36.390,32.947,38.242,41.772,46.528,36.534,34.671,32.184,40.734,36.192,34.333,33.969,37.173,34.932,28.803,26.001,35.956,24.486,32.447,32.954,26.418,22.892,23.924,22.309,31.222,32.634,24.261,37.493,20.072,19.423,30.467,25.901,22.826,16.456,13.968,18.416,22.030,26.043,12.286,19.572,26.284,26.143,11.817,21.805,24.016,13.176,20.356,15.770,27.472,35.102,20.011,14.538,18.638,9.199,10.012,24.462,11.533,37.441,17.783,14.509,16.938,16.316,9.903,20.135,13.909,15.025,37.963,16.887,21.915,17.312,18.158,13.023,9.153,15.305,16.241,14.746,7.808,9.340,12.214,14.892,13.437,13.084,11.233,7.612,14.957,8.138,10.123,13.092,6.305,11.305,26.181,12.291,16.127,10.138,14.309,7.182,14.033,8.891,27.615,5.316,16.339,4.559,13.290,13.834,8.826,36.157,12.916,12.090,11.658,35.545,34.647,27.873,6.787,13.296,14.921,9.092,14.153,19.506,3.776,21.870,16.474,12.915,0.000,5.183,8.214,9.072,2.972,16.423,13.246,2.401,13.412,35.038,14.681,21.327,13.530,13.753,10.057,25.921,8.992,13.638,37.005,33.759,9.220,12.318,35.424,11.094,24.320,27.660,25.683,13.504,15.720,37.068,14.194,14.409,22.173,13.464,14.348,15.521,16.583,43.314,49.602,18.675,25.076,61.761,26.149,54.393,55.021,55.694,32.244,28.452,49.392
node/2182364515,25.747,57.332,44.281,40.474,38.575,37.948,40.870,37.895,39.708,36.099,32.722,29.124,37.316,33.873,39.169,42.699,47.455,37.461,35.597,33.111,41.660,37.118,35.260,34.896,38.099,35.859,29.730,26.928,36.883,25.413,33.374,33.881,27.344,23.819,24.850,23.236,32.149,33.561,25.188,38.420,20.999,17.589,31.393,26.828,23.753,17.383,14.895,15.750,22.957,26.970,13.213,16.767,27.211,21.294,12.744,22.732,20.085,14.103,17.551,12.965,23.016,30.049,17.206,11.733,15.833,9.699,10.885,21.657,12.406,34.195,16.129,11.431,12.811,12.190,9.560,17.330,11.104,11.547,34.514,12.638,19.110,13.062,19.597,10.833,10.026,11.827,13.436,11.941,6.949,10.093,9.409,12.087,10.632,10.279,8.428,5.808,12.152,6.195,10.876,10.287,5.446,8.500,22.733,9.486,13.322,7.333,11.504,5.239,14.786,6.086,29.693,7.395,17.092,3.614,10.485,11.028,10.904,32.709,11.349,9.285,8.208,32.096,31.199,24.424,1.897,15.373,11.472,6.588,10.704,16.058,5.176,18.422,18.552,9.466,5.595,0.000,3.340,4.199,4.673,18.500,9.798,4.101,9.964,31.590,16.758,23.405,10.082,10.305,6.609,27.999,5.544,10.189,33.556,30.311,10.921,8.870,31.976,12.795,26.398,29.737,27.761,10.055,12.271,33.620,12.604,12.820,24.682,11.875,12.759,13.932,14.993,39.866,46.154,17.086,23.487,58.313,22.700,50.945,51.572,52.246,28.795,26.862,45.944
way/293463784,25.796,57.381,44.329,40.523,38.624,37.997,40.918,37.944,39.757,36.148,32.771,29.173,37.365,33.922,39.217,42.748,47.503,37.509,35.646,33.159,41.709,37.167,35.308,34.945,38.148,35.908,29.778,26.977,36.932,25.461,33.422,33.930,27.393,23.867,24.899,23.284,32.198,33.610,25.237,38.468,21.048,20.399,31.442,26.877,23.801,17.432,14.943,15.815,23.006,27.018,13.262,16.832,27.259,27.118,12.793,22.781,20.150,14.151,17.616,13.030,28.447,28.245,17.270,11.797,15.897,9.748,10.933,21.405,12.454,32.407,16.193,15.485,17.913,17.292,9.609,22.503,11.168,11.612,32.726,12.703,19.174,13.127,19.662,13.998,10.075,11.892,18.564,12.006,6.998,10.142,9.474,12.152,10.696,10.344,8.493,6.715,12.217,7.241,10.925,10.352,5.494,8.565,20.929,9.551,17.249,7.398,11.569,6.284,14.835,6.151,29.741,7.444,17.141,3.662,8.330,9.166,10.953,30.920,7.179,6.229,5.317,30.308,29.411,22.636,1.961,15.422,7.303,3.697,6.535,14.255,7.355,16.619,18.600,7.663,7.774,2.433,0.000,1.307,6.877,18.549,7.995,6.306,8.160,29.802,16.807,23.454,8.278,8.501,4.806,28.048,5.058,8.386,31.768,28.523,13.125,7.066,30.188,14.999,26.447,29.786,27.810,8.252,10.468,31.832,9.252,9.952,24.299,12.846,13.692,16.130,15.926,38.078,44.366,18.019,24.420,56.525,20.912,49.157,49.784,50.458,27.007,27.795,44.156
node/10606501241,21.854,55.170,42.119,38.312,36.413,35.786,38.708,35.733,37.546,33.937,30.560,26.962,35.155,35.179,35.275,38.805,43.561,33.567,29.453,29.217,37.767,33.225,31.366,31.003,34.206,31.965,25.836,24.527,32.989,23.012,29.480,29.987,23.451,24.375,20.956,23.792,28.255,29.667,25.745,34.526,21.556,15.888,27.500,22.934,19.859,17.940,16.174,14.050,17.410,23.076,14.493,15.066,20.849,19.593,14.024,24.012,18.385,11.778,15.851,11.264,21.315,27.683,15.505,10.032,14.132,10.979,12.164,19.956,13.685,33.892,14.428,9.731,13.046,12.425,11.506,15.457,9.403,9.999,34.211,12.996,17.409,13.420,17.897,9.133,11.305,10.278,11.563,10.513,8.228,11.373,7.709,10.214,8.486,8.133,6.728,7.946,9.739,7.202,12.155,8.141,6.725,6.899,20.366,7.341,10.908,5.633,9.090,5.900,16.066,4.379,30.972,8.675,18.371,4.893,7.023,7.859,12.183,32.406,5.872,4.921,4.010,31.793,30.896,24.121,3.192,16.652,5.995,2.390,5.227,13.692,8.586,16.056,19.831,4.856,9.005,3.664,1.933,0.000,8.108,19.779,5.276,7.537,6.397,31.287,18.038,24.684,6.898,7.938,3.732,29.278,3.190,7.823,33.254,30.008,14.356,5.500,31.673,16.230,27.677,31.017,29.040,6.491,9.905,33.317,10.737,11.437,25.530,14.331,15.177,17.615,17.411,39.563,45.851,19.504,25.905,58.010,22.397,50.642,51.270,51.943,28.492,29.280,45.641
way/1360293417,25.366,56.951,43.900,40.093,38.194,37.567,40.488,37.514,39.327,35.718,32.341,28.743,36.935,33.492,38.788,42.318,47.074,37.080,35.216,32.729,41.279,36.737,34.879,34.515,37.718,35.478,29.349,26.547,36.502,25.032,32.992,33.500,26.963,23.438,24.469,22.855,31.768,33.180,24.807,38.039,20.618,19.969,31.012,26.447,23.372,17.002,14.514,18.962,22.576,26.589,12.832,20.117,26.830,26.689,12.363,22.351,24.562,13.722,20.902,16.316,28.018,35.648,20.556,15.083,19.183,9.744,10.557,25.008,12.079,37.987,18.329,15.055,17.484,16.862,10.448,20.681,14.454,15.571,38.508,17.433,22.460,17.858,18.704,13.569,9.699,15.851,16.787,15.292,8.354,9.886,12.760,15.437,13.982,13.630,11.778,8.158,15.503,8.684,10.669,13.638,6.851,11.850,26.727,12.837,16.672,10.684,14.854,7.728,14.579,9.437,28.161,5.862,16.885,5.105,13.836,14.379,9.372,36.703,13.462,12.636,12.204,36.090,35.193,28.419,7.333,13.841,15.466,9.638,14.698,20.052,1.505,22.416,17.020,13.460,1.924,5.728,8.759,9.618,0.000,16.968,13.792,2.947,13.958,35.584,15.226,21.873,14.076,14.299,10.603,26.467,9.538,14.184,37.551,34.305,9.766,12.864,35.970,11.640,24.866,28.205,26.229,14.049,16.266,37.614,14.739,14.955,22.719,14.010,14.894,16.067,17.128,43.860,50.148,19.221,25.622,62.307,26.694,54.939,55.567,56.240,32.789,28.998,49.938
node/13176973077,38.226,66.309,53.258,49.451,47.552,46.925,51.341,48.458,50.180,46.571,41.699,40.598,48.970,49.576,52.829,52.612,57.368,51.170,44.039,48.813,51.574,50.828,48.969,44.809,48.013,45.772,43.084,37.607,46.796,36.092,43.287,43.794,40.896,26.989,38.058,26.407,42.062,43.474,28.359,48.333,24.161,31.201,41.307,36.741,33.666,23.948,24.808,29.363,32.870,36.883,23.126,30.379,37.124,34.906,22.657,15.706,33.697,24.016,31.163,26.577,36.628,45.942,30.818,25.345,29.445,20.039,18.759,35.269,18.801,48.282,29.741,25.044,26.423,25.802,21.176,30.942,24.716,25.159,50.183,26.250,32.722,26.675,33.209,24.446,18.712,25.439,27.048,25.553,18.648,13.214,23.022,25.699,24.244,23.891,22.040,18.420,25.765,18.946,12.356,23.899,17.145,22.112,34.191,23.098,26.934,20.946,25.116,17.989,8.026,19.698,12.519,14.734,5.024,15.367,24.097,24.641,8.654,48.825,23.724,22.897,22.465,48.213,47.315,40.541,16.939,4.700,24.691,19.899,24.163,29.669,14.994,32.033,1.191,24.301,15.413,18.111,18.365,19.224,16.222,0.000,24.772,16.141,25.555,47.706,5.610,5.980,26.056,26.406,22.710,10.189,22.733,26.290,49.673,46.427,23.114,24.971,48.092,17.392,9.174,12.511,10.535,26.156,28.373,49.736,28.450,28.666,13.929,27.721,28.605,27.779,27.575,55.982,62.270,26.741,22.701,74.429,38.817,67.061,67.689,68.362,44.912,36.517,62.060
node/13904673940,22.145,55.461,42.410,38.603,36.704,36.077,38.999,36.024,37.837,34.228,30.852,27.253,35.446,35.471,35.566,39.096,43.852,33.858,29.744,29.508,38.058,33.516,31.657,31.294,34.497,32.257,26.127,24.818,33.280,23.303,29.771,30.279,23.742,24.666,21.248,24.083,28.546,29.958,26.036,34.817,21.847,16.179,27.791,23.225,20.150,18.231,16.032,14.341,17.701,23.367,14.350,15.357,14.735,19.884,12.777,25.148,18.676,12.070,16.142,11.556,14.518,22.549,15.796,10.323,9.568,13.124,14.721,11.861,18.405,23.970,9.453,10.022,8.572,7.951,11.797,12.719,9.694,7.340,24.290,8.431,10.336,8.855,9.417,9.424,16.966,7.620,8.825,7.775,13.889,17.033,8.000,7.476,6.497,6.145,7.019,9.493,7.000,7.493,17.816,5.955,12.386,5.481,15.233,4.902,8.169,5.924,6.352,8.966,21.726,6.668,36.017,13.720,24.032,10.554,4.284,5.121,17.228,22.484,3.133,2.602,2.978,21.872,20.974,14.200,8.853,21.697,3.257,3.945,2.489,8.559,12.789,10.922,24.876,1.250,13.208,8.754,7.603,6.883,12.286,24.825,0.000,11.715,2.626,21.384,23.082,29.729,3.079,4.030,3.249,34.323,5.982,3.681,23.351,20.105,18.534,5.513,21.771,20.408,32.722,36.062,34.085,7.724,6.583,23.415,9.866,10.566,31.425,13.461,14.306,16.744,16.540,29.661,35.949,18.633,25.034,48.108,19.572,40.740,41.367,42.041,25.667,28.410,42.816
node/4715569699,25.516,57.101,44.050,40.243,38.344,37.717,40.638,37.664,39.477,35.868,32.491,28.893,37.085,33.642,38.937,42.468,47.224,37.229,35.366,32.879,41.429,36.887,35.028,34.665,37.868,35.628,29.498,26.697,36.652,25.181,33.142,33.650,27.113,23.587,24.619,23.004,31.918,33.330,24.957,38.189,20.768,19.963,31.162,26.597,23.522,17.152,14.664,18.125,22.726,26.739,12.982,19.142,26.980,23.669,12.513,21.144,22.460,13.872,19.926,15.340,25.390,32.408,19.581,14.107,18.207,10.069,10.707,24.032,12.229,36.554,18.503,13.806,15.186,14.564,9.930,26.666,13.478,13.922,36.874,15.013,21.484,15.437,21.972,13.208,9.849,14.201,15.811,14.316,8.166,8.888,11.784,14.461,13.006,12.654,10.803,7.173,14.527,7.699,9.660,12.662,6.596,10.874,25.092,11.861,15.696,9.708,13.879,6.743,15.484,8.461,30.200,6.012,17.790,4.120,14.859,13.403,11.411,35.068,13.708,14.979,12.523,34.456,33.559,26.784,4.847,15.880,13.832,8.662,13.064,18.418,2.644,20.782,19.058,11.826,3.063,4.094,6.274,7.132,2.158,19.007,12.158,0.000,12.323,33.949,17.265,23.912,12.441,12.664,8.968,28.506,7.904,12.549,35.916,32.670,6.864,11.229,34.335,8.738,26.905,30.244,28.268,12.415,14.631,35.979,12.485,12.701,15.589,11.756,12.640,13.813,14.874,42.226,48.513,16.967,19.822,60.672,25.060,53.304,53.932,54.605,31.155,26.743,48.303
way/499614429,23.195,56.512,43.460,39.654,37.755,37.128,40.049,37.075,38.888,35.279,31.902,28.304,36.496,36.521,38.631,39.341,44.097,34.908,30.795,30.558,38.303,36.588,32.708,34.698,34.742,35.509,27.177,25.869,33.525,24.354,30.016,30.523,24.792,25.717,22.298,25.134,28.791,30.203,27.086,32.480,22.897,17.230,28.035,26.901,21.201,19.281,17.082,15.392,17.482,22.872,15.401,16.408,15.832,15.365,13.827,26.198,14.350,13.120,13.476,12.606,15.615,20.325,13.124,11.374,9.981,14.175,15.772,12.805,19.456,22.029,9.867,11.073,8.986,8.364,12.848,13.904,10.745,7.753,22.348,8.844,11.406,9.268,8.975,10.475,17.593,7.508,9.964,7.332,14.516,17.660,9.051,7.033,6.785,6.558,8.069,10.543,6.558,8.543,18.443,5.919,13.012,5.920,13.009,5.315,6.933,6.975,5.667,10.016,22.353,7.719,37.259,14.962,24.659,11.180,4.697,3.901,18.471,20.543,3.546,3.624,4.082,19.930,19.033,12.258,9.479,22.940,3.670,5.326,2.902,6.334,13.415,8.698,26.118,1.663,13.834,9.380,8.230,7.510,12.912,26.067,2.766,12.341,0.000,19.160,24.325,30.972,1.138,2.088,5.010,35.566,6.608,3.882,21.127,17.881,19.160,6.140,19.546,21.034,33.965,37.304,35.328,7.034,5.894,21.191,10.493,11.193,32.051,14.087,14.932,17.371,17.167,27.437,33.724,19.259,25.660,45.883,18.882,38.516,39.143,39.816,24.977,29.036,42.126
way/743710865,29.045,61.760,48.709,44.902,43.003,42.883,38.626,35.652,37.465,33.856,34.871,34.060,27.263,26.116,25.485,25.684,30.440,26.673,27.519,27.399,24.646,23.442,24.633,21.552,21.085,21.012,25.872,30.951,19.866,30.284,21.153,18.878,25.878,39.391,28.405,38.808,24.501,18.132,40.761,19.010,36.572,24.549,23.746,22.611,26.334,32.956,27.919,22.710,23.187,20.160,30.218,20.516,17.894,19.007,27.514,37.097,20.055,25.292,19.181,23.936,17.801,19.960,18.829,23.947,18.983,25.074,26.671,18.511,30.355,9.691,18.329,21.376,19.221,19.966,23.747,19.609,26.293,18.635,9.148,19.085,17.112,18.375,17.646,19.493,36.548,16.475,15.669,15.658,33.471,36.615,18.375,15.358,16.386,16.977,19.250,22.909,14.562,21.057,37.398,16.028,31.968,18.195,13.832,16.491,14.175,19.837,14.359,22.382,41.308,20.133,50.215,27.918,43.614,30.135,16.150,15.468,31.426,4.263,17.215,18.001,18.660,3.641,2.946,7.969,28.434,35.896,17.214,19.983,16.646,13.806,28.253,7.836,39.074,17.448,28.672,24.218,27.185,22.347,27.750,39.023,18.745,27.178,16.153,0.000,46.763,43.928,15.587,15.046,19.847,48.522,21.446,18.678,7.274,3.198,33.998,22.777,5.694,41.933,46.921,50.260,48.283,21.245,18.743,7.338,24.760,25.459,45.377,28.354,29.199,31.638,31.433,14.694,19.872,33.526,39.927,32.031,31.184,25.773,26.400,27.073,37.279,43.303,36.686
node/871073568,37.544,65.627,52.576,48.769,46.871,46.244,50.660,47.777,49.498,45.889,41.018,39.916,48.289,48.895,52.148,50.897,55.653,50.488,43.358,48.132,49.858,50.146,48.287,43.094,46.297,44.057,42.402,36.926,45.081,35.410,41.572,42.079,40.214,26.308,37.377,25.725,40.347,41.759,27.678,46.618,23.480,29.486,39.591,35.026,31.951,23.267,28.032,27.647,31.155,35.168,21.411,28.664,35.409,33.191,20.942,21.680,31.982,22.301,29.448,24.862,34.913,44.227,29.103,23.630,27.730,18.323,17.043,33.554,18.119,46.566,28.026,23.328,24.708,24.087,19.461,29.227,23.001,23.444,48.468,24.535,31.006,24.959,31.494,22.730,18.030,23.724,25.333,23.838,16.933,11.499,21.306,23.984,22.529,22.176,20.325,16.704,24.049,17.230,10.641,22.184,15.429,20.397,32.475,21.383,25.219,19.230,23.401,16.274,6.186,17.983,18.085,13.019,6.271,13.652,22.382,22.925,6.939,47.109,22.008,21.182,20.750,46.497,45.600,38.825,15.224,5.001,22.976,18.184,22.448,27.954,13.279,30.318,6.944,22.586,13.698,16.396,16.650,17.509,14.507,6.893,23.057,14.426,23.840,45.991,0.000,11.798,24.341,24.690,20.995,16.392,21.017,24.575,47.958,44.712,15.270,23.255,46.377,10.995,14.791,18.130,16.154,24.441,26.657,48.021,22.053,22.269,8.767,21.324,22.208,21.382,21.178,54.267,60.555,20.343,17.540,72.714,37.101,65.346,65.974,66.647,45.694,30.120,61.805
way/376470743,42.727,70.810,57.759,53.952,52.053,51.427,55.843,52.960,54.681,51.072,46.201,45.099,53.472,54.078,57.331,57.114,61.869,55.671,48.541,53.315,56.075,55.329,53.470,49.311,52.514,50.274,47.585,42.109,51.298,40.593,47.788,48.296,45.397,31.491,42.560,30.908,46.564,47.976,24.070,52.835,28.662,35.702,45.808,41.243,38.167,28.450,29.309,33.864,37.372,41.385,27.628,34.881,41.626,39.407,27.159,15.363,38.199,28.517,35.665,31.079,41.129,50.444,35.319,29.846,33.946,24.540,23.260,39.771,23.302,52.783,34.242,29.545,30.925,30.303,25.678,35.444,29.217,29.661,54.684,30.752,37.223,31.176,37.711,28.947,23.213,29.941,31.550,30.055,23.149,17.715,27.523,30.201,28.745,28.393,26.542,22.921,30.266,23.447,16.858,28.401,21.646,26.613,38.692,27.600,31.435,25.447,29.617,22.491,12.528,24.200,8.104,19.236,10.961,19.868,28.599,29.142,13.156,53.326,28.225,27.399,26.967,52.714,51.817,45.042,21.441,8.519,29.193,24.401,28.665,34.171,19.496,36.535,5.010,28.803,19.915,22.612,22.867,23.725,20.724,5.723,29.274,20.643,30.056,52.207,10.111,0.000,30.558,30.907,27.212,5.774,27.234,30.792,54.174,50.928,27.616,29.472,52.594,21.894,5.271,8.608,6.632,30.658,32.874,54.238,29.615,29.831,10.768,28.886,29.770,28.944,28.740,60.484,66.772,27.905,21.987,78.931,43.318,71.563,72.190,72.864,49.413,37.682,66.562
node/262353392,24.090,57.353,44.302,40.495,38.597,37.970,40.891,37.916,39.730,36.121,32.744,29.146,37.338,39.045,38.413,39.123,43.879,39.601,31.637,31.400,38.085,36.370,35.297,34.480,34.524,35.291,32.604,26.711,33.307,25.195,29.798,30.305,25.634,26.558,23.193,25.975,28.573,29.985,27.928,32.262,23.739,18.072,27.818,26.683,20.343,20.123,17.924,16.233,19.430,24.141,16.243,17.250,17.780,17.313,14.669,27.040,16.298,13.962,15.424,13.448,17.563,21.594,15.072,12.216,10.912,15.017,18.792,14.753,20.298,21.811,14.572,11.914,9.917,9.295,13.689,15.852,11.587,8.684,22.131,9.775,13.354,14.618,13.889,11.316,17.933,8.440,11.912,12.768,14.856,18.000,9.893,11.781,7.716,7.489,8.911,11.385,10.985,9.385,18.783,6.850,13.353,6.851,14.278,6.246,10.598,7.816,6.598,10.858,22.693,8.560,37.600,15.302,24.999,11.521,5.628,4.832,18.811,20.325,4.478,4.555,5.013,19.713,18.815,12.041,9.820,23.280,4.601,6.168,3.833,7.603,13.756,9.967,26.459,2.594,14.175,9.720,8.570,7.850,13.253,26.407,3.618,12.681,1.299,20.429,24.665,31.312,0.000,1.871,5.350,35.906,6.949,3.760,22.396,19.150,19.501,6.484,20.815,21.375,34.305,37.644,35.668,6.816,5.676,22.459,10.837,11.537,32.396,14.431,15.277,17.715,17.511,28.706,34.993,19.604,26.005,47.152,18.664,39.785,40.412,41.085,24.759,29.380,41.908
node/2551116095,22.734,59.034,45.983,42.176,40.277,39.650,37.948,34.974,36.787,33.178,34.424,30.826,34.395,37.689,37.057,37.767,42.523,38.245,28.878,36.137,36.729,35.014,33.942,33.124,33.168,33.935,31.248,24.122,31.951,23.611,28.442,28.950,24.483,28.096,21.837,27.513,27.217,28.629,29.466,30.906,25.277,19.435,26.462,25.327,18.987,21.661,19.462,17.597,18.074,22.785,17.781,15.402,16.424,15.957,16.207,28.578,14.942,15.500,14.068,14.986,16.207,20.238,13.716,13.754,13.869,16.555,18.948,13.398,21.836,20.455,13.216,13.452,14.107,10.079,15.227,14.496,13.125,9.468,20.775,13.972,11.998,13.262,12.533,12.854,18.089,7.561,10.556,11.412,15.012,18.156,11.431,10.425,6.837,7.378,10.449,12.923,9.629,10.923,18.939,5.971,13.509,7.612,12.922,6.434,9.242,9.354,5.719,12.396,22.849,10.098,37.756,15.459,25.155,11.677,4.144,3.953,18.967,18.969,4.637,5.339,5.797,18.357,17.459,10.685,9.976,23.436,3.499,8.041,3.992,6.247,13.912,8.611,26.615,3.380,14.331,9.877,8.726,8.006,13.409,26.563,4.404,12.838,2.085,19.073,24.821,31.468,1.246,0.000,5.507,36.062,7.105,3.654,21.040,17.794,19.657,6.640,19.459,21.531,34.461,37.800,35.824,6.972,5.832,21.104,10.993,11.693,32.552,14.587,15.433,17.871,17.667,27.350,33.638,19.760,26.161,45.796,18.821,38.428,39.056,39.729,24.916,29.536,42.064
node/2606625338,24.136,57.453,44.402,40.595,38.696,38.069,40.991,38.016,39.829,36.220,32.843,29.245,37.438,37.462,37.558,41.088,45.844,35.850,31.736,31.500,40.050,35.508,33.649,33.285,36.489,34.248,28.119,26.810,35.272,25.295,31.763,32.270,25.733,26.658,23.239,26.075,30.538,31.950,28.028,36.809,23.838,18.171,29.782,25.217,22.142,20.223,19.217,16.333,19.693,25.359,17.535,17.349,23.132,21.876,17.067,27.054,20.668,14.061,18.134,13.547,23.598,25.561,17.788,12.315,16.415,15.116,15.207,18.721,16.728,25.779,16.711,12.014,15.329,14.708,13.789,19.819,11.686,12.282,26.098,15.279,19.692,15.703,20.180,11.416,14.348,12.562,15.879,10.077,11.271,14.415,9.992,9.778,8.853,8.500,9.010,7.282,9.303,9.485,15.198,8.258,9.768,9.182,18.245,7.204,14.565,7.916,8.654,6.755,19.108,5.235,34.015,11.718,21.414,7.936,6.587,7.423,15.226,24.292,5.436,5.288,4.376,23.680,22.783,16.008,6.235,19.695,5.559,3.434,4.792,11.570,10.171,13.934,22.874,3.552,10.590,6.136,4.985,4.265,9.668,22.822,3.482,9.097,5.476,24.396,21.080,27.727,5.594,5.817,0.000,32.321,3.364,5.702,26.363,23.117,15.916,4.030,24.783,17.790,30.720,34.059,32.083,5.568,7.784,26.427,8.715,9.415,30.274,12.309,13.155,15.593,15.389,32.673,38.961,17.482,23.883,51.120,20.773,43.752,44.379,45.053,26.867,27.258,44.016
node/2134285281,47.215,75.298,62.247,58.440,56.541,55.914,60.330,57.447,59.169,55.560,50.688,49.587,57.960,58.565,61.818,61.601,66.357,60.159,53.028,57.803,60.563,59.817,57.958,53.799,57.002,54.762,52.073,46.596,55.785,45.081,52.276,52.784,49.885,35.979,47.047,35.396,51.051,52.463,28.557,57.322,33.150,40.190,50.296,45.730,42.655,32.938,33.797,38.352,41.859,45.872,32.116,39.368,46.113,43.895,31.647,19.850,42.687,33.005,40.153,35.566,45.617,54.931,39.807,34.334,38.434,29.028,27.748,44.258,27.790,57.271,38.730,34.033,35.413,34.791,30.166,39.932,33.705,34.148,59.172,35.239,41.711,35.664,42.199,33.435,27.701,34.428,36.038,34.543,27.637,22.203,32.011,34.688,33.233,32.880,31.029,27.409,34.754,27.935,21.345,32.888,26.134,31.101,43.180,32.088,35.923,29.935,34.105,26.978,17.015,28.688,8.863,23.723,15.449,24.356,33.087,33.630,17.643,57.814,32.713,31.886,31.455,57.202,56.305,49.530,25.928,13.007,33.681,28.889,33.153,38.658,23.983,41.022,9.498,33.290,24.402,27.100,27.354,28.213,25.211,10.211,33.761,25.131,34.544,56.695,14.599,4.620,35.045,35.395,31.699,0.000,31.722,35.280,58.662,55.416,30.109,33.960,57.081,26.382,5.371,4.069,3.722,35.145,37.362,58.725,32.482,32.698,13.636,31.753,32.637,31.811,31.607,64.972,71.260,30.773,24.854,83.418,47.806,76.050,76.678,77.351,53.901,40.549,71.050
node/5176377207,25.268,58.585,45.534,41.727,39.828,39.201,42.123,39.148,40.962,37.352,33.975,30.378,38.570,38.594,38.690,42.220,46.976,36.982,32.868,32.632,41.182,36.640,34.781,34.418,37.621,35.380,29.251,27.942,36.404,26.427,32.895,33.402,26.866,27.790,24.372,27.207,31.670,33.082,29.160,37.941,24.971,19.303,30.915,26.349,23.274,21.355,18.319,17.465,20.825,26.491,16.637,18.481,24.264,23.008,16.168,26.156,21.800,15.194,19.266,14.680,24.730,26.693,18.920,13.447,17.547,13.123,14.309,19.853,15.830,26.911,17.843,13.146,16.461,15.840,14.921,20.951,12.818,13.414,27.230,16.411,20.824,16.835,21.312,12.548,13.450,13.694,17.011,12.588,10.373,13.517,11.124,12.289,11.285,10.932,10.143,10.090,11.813,10.617,14.300,10.768,8.870,10.314,19.377,9.715,15.697,9.048,11.165,9.660,18.210,9.792,33.117,10.819,20.516,7.037,9.144,9.980,14.328,25.424,7.993,9.264,6.808,24.812,23.915,17.140,5.337,18.797,8.117,4.444,7.349,12.703,8.716,15.066,21.975,6.111,9.134,4.544,4.087,3.367,8.212,21.924,6.443,7.641,6.608,25.529,20.182,26.829,6.726,6.949,3.253,31.423,0.000,6.834,27.495,24.250,14.461,3.374,25.915,16.334,29.822,33.161,31.185,4.352,8.916,27.559,9.847,10.547,27.675,13.441,14.287,16.725,16.521,33.805,40.093,18.614,25.015,52.252,21.905,44.884,45.511,46.185,28.000,28.390,45.148
node/9540446866,23.407,56.724,43.672,39.865,37.967,37.340,40.261,37.286,39.100,35.491,32.114,28.516,36.708,36.733,39.765,40.475,45.231,35.120,31.007,30.770,39.437,37.722,32.919,35.832,35.876,36.643,27.389,26.081,34.659,24.565,31.150,31.657,25.004,25.928,22.510,25.345,29.925,31.337,27.298,33.614,23.109,17.442,29.169,28.035,21.412,19.493,17.294,15.603,18.963,25.493,15.613,16.620,19.132,18.665,14.039,26.410,17.650,13.332,16.776,12.818,18.915,22.946,16.424,11.586,10.949,14.387,17.990,16.105,19.668,23.163,10.835,11.284,9.954,9.332,13.059,17.204,10.957,8.721,23.482,9.812,14.706,10.237,10.799,10.686,17.131,9.001,13.264,9.156,14.054,17.198,9.262,8.857,7.879,7.526,8.281,10.755,8.381,8.755,17.981,7.336,12.551,6.955,15.630,6.283,11.949,7.186,7.733,10.228,21.891,7.930,36.798,14.500,24.197,10.719,5.712,6.548,18.009,21.677,4.561,4.075,4.452,21.064,20.167,13.393,9.018,22.478,4.685,5.419,3.917,8.955,12.954,11.319,25.657,2.679,13.373,8.918,7.768,7.048,12.451,25.605,2.581,11.879,3.176,21.781,23.863,30.510,2.979,3.201,4.548,35.104,6.147,0.000,23.748,20.502,18.699,5.678,22.167,20.573,33.503,36.842,34.866,6.309,5.168,23.811,10.388,11.088,31.952,13.988,14.833,17.271,17.067,30.057,36.345,19.160,25.561,48.504,18.157,41.136,41.764,42.437,24.252,28.937,41.401
node/4394136790,27.612,63.257,50.205,46.399,44.500,44.380,40.123,37.148,38.962,35.353,36.368,35.557,28.760,27.613,26.982,27.181,31.937,28.169,29.016,28.896,26.143,24.939,26.130,23.049,22.582,22.508,27.368,29.518,21.363,28.851,22.649,20.374,24.445,47.276,26.972,46.693,23.397,19.628,48.645,20.506,44.456,29.963,21.084,21.178,24.901,41.808,34.210,29.241,25.804,21.215,35.565,25.569,18.949,20.062,35.502,42.150,21.647,30.345,24.234,28.989,18.856,18.668,23.882,29.000,24.035,38.127,40.557,21.031,46.004,11.187,23.383,26.429,24.274,25.019,37.742,21.673,31.346,23.688,10.645,24.138,22.165,23.428,22.699,24.546,41.601,21.528,20.722,20.710,38.524,41.668,23.428,20.412,21.439,22.030,24.302,27.962,19.615,26.110,42.451,21.081,37.021,23.247,14.150,21.543,19.228,24.890,19.412,27.435,46.361,25.186,55.268,32.971,48.667,35.188,21.203,20.521,36.479,5.912,22.268,23.054,23.713,6.352,7.198,13.022,33.487,40.949,22.267,25.036,21.699,18.859,33.306,12.889,44.127,22.501,33.725,29.270,32.238,27.400,32.803,44.076,23.798,32.231,21.206,7.043,51.816,48.980,20.640,20.099,24.900,53.575,26.499,23.731,0.000,3.831,39.051,27.830,3.554,46.986,51.974,55.313,53.336,26.298,23.796,4.502,29.812,30.512,50.430,33.407,34.252,36.691,36.486,12.401,17.354,38.579,44.980,29.512,36.237,23.480,24.107,24.781,42.332,48.356,34.393
node/5830690815,30.365,66.151,53.100,49.293,47.394,47.275,43.017,40.043,41.856,38.247,39.262,38.452,31.654,30.508,29.876,30.076,34.831,31.064,31.910,31.790,29.037,27.833,29.024,25.943,25.476,25.403,30.263,32.271,24.257,31.604,25.544,23.269,27.197,40.711,29.725,40.128,25.821,22.523,42.080,23.401,37.891,25.868,25.066,23.931,27.654,34.276,29.239,24.030,24.507,21.480,31.538,21.835,19.214,20.326,28.834,38.417,21.375,26.612,20.501,25.256,19.121,21.280,20.149,25.266,20.302,26.394,27.991,19.830,31.675,14.082,19.649,22.696,20.540,21.286,25.067,20.929,27.612,19.954,13.539,20.405,18.431,19.695,18.965,20.813,37.867,17.795,16.989,16.977,34.791,37.935,19.695,16.678,17.706,18.297,20.569,24.229,15.881,22.377,38.718,17.347,33.287,19.514,15.152,17.810,15.494,21.157,15.678,23.702,42.628,21.452,51.535,29.238,44.934,31.455,17.470,16.788,32.746,8.806,18.535,19.321,19.980,9.246,4.952,9.289,29.754,37.215,18.534,21.303,17.966,15.126,29.572,9.156,40.394,18.768,29.991,25.537,28.505,23.667,29.069,40.342,20.064,28.498,17.473,3.310,48.083,45.247,16.907,16.365,21.167,49.841,22.765,19.998,4.133,0.000,35.318,24.097,2.553,43.252,48.240,51.579,49.603,22.564,20.063,4.197,26.079,26.779,46.697,29.674,30.519,32.957,32.753,12.096,16.731,34.846,41.247,28.890,32.504,23.175,23.802,24.476,38.599,44.623,34.088
way/994058707,30.535,62.119,49.068,45.261,43.362,42.735,45.657,42.682,44.495,40.886,37.510,33.911,42.104,38.661,43.956,47.486,52.242,42.248,40.385,37.898,46.448,41.906,40.047,39.684,42.887,40.646,34.517,31.715,41.670,30.200,38.161,38.668,32.132,28.606,29.638,28.023,36.936,38.348,29.976,43.207,25.786,25.137,36.181,31.615,28.540,22.171,19.682,24.130,27.744,31.757,18.000,24.636,31.998,31.857,17.532,27.519,29.730,18.890,25.420,20.834,33.186,34.864,25.074,19.601,23.701,14.262,15.076,29.526,16.597,39.011,23.497,20.223,22.652,22.030,12.787,29.122,18.972,20.739,39.330,22.602,26.978,23.026,23.872,18.737,14.217,21.019,21.305,19.810,11.736,11.745,17.278,19.955,18.500,18.148,16.297,10.030,20.021,10.556,12.517,18.156,10.233,16.368,27.548,17.355,23.868,15.202,19.372,9.600,19.097,13.955,33.057,10.380,21.403,6.977,17.315,18.151,14.268,37.524,16.164,17.435,14.979,36.912,36.014,29.240,7.705,18.737,16.288,14.156,15.520,20.874,5.502,23.237,21.915,14.282,5.920,6.490,7.850,8.709,4.288,21.864,14.614,2.885,14.779,36.405,20.122,26.769,14.897,15.120,11.424,31.363,10.360,15.005,38.372,35.126,0.000,13.685,36.791,9.914,29.762,33.101,31.125,14.871,17.087,38.435,13.395,13.611,16.765,12.665,13.550,14.722,15.784,44.681,50.969,17.877,24.278,63.128,27.516,55.760,56.388,57.061,33.611,27.653,50.759
node/3057780133,23.985,57.301,44.250,40.443,38.544,37.917,40.839,37.864,39.678,36.069,32.692,29.094,37.286,37.310,37.406,40.936,45.692,35.698,31.584,31.348,39.898,35.356,33.497,33.134,36.337,34.097,27.967,26.659,35.120,25.143,31.611,32.119,25.582,26.506,23.088,25.923,30.386,31.798,27.876,36.657,23.687,18.019,29.631,25.066,21.990,20.071,17.872,16.181,19.541,25.207,16.191,17.198,22.980,21.724,14.617,26.988,20.516,13.910,17.982,13.396,23.446,25.547,17.637,12.164,16.263,14.964,17.506,18.707,20.245,25.765,16.559,11.862,15.178,14.556,13.637,19.805,11.534,12.130,26.084,15.127,19.540,15.552,20.028,11.264,16.647,12.410,15.866,11.448,13.570,16.715,9.840,11.149,10.001,9.648,8.859,11.333,10.673,9.333,17.497,9.628,12.067,9.030,18.231,8.575,14.551,7.764,10.025,10.806,21.407,8.508,36.314,14.017,23.713,10.235,8.004,8.840,17.525,24.278,6.853,7.980,5.524,23.666,22.769,15.994,8.534,21.994,6.976,6.451,6.208,11.557,12.470,13.921,25.173,4.971,12.889,8.435,7.285,6.564,11.967,25.122,5.255,11.396,5.468,24.383,23.380,30.026,5.580,5.803,3.128,34.620,3.014,5.688,26.350,23.104,18.215,0.000,24.769,22.705,33.020,36.359,34.382,2.580,7.770,26.413,5.842,6.042,26.150,9.437,10.282,12.720,12.516,32.659,38.947,14.609,21.010,51.106,17.554,43.738,44.365,45.039,23.649,24.386,40.798
way/908382642,30.278,65.922,52.871,49.064,47.166,47.046,42.789,39.814,41.628,38.019,39.033,38.223,31.425,30.279,29.647,29.847,34.603,30.835,31.681,31.561,28.809,27.604,28.796,25.714,25.248,25.174,30.034,32.184,24.028,31.517,25.315,23.040,27.110,43.154,29.638,42.571,26.063,22.294,44.523,23.172,40.334,28.311,23.750,23.844,27.567,36.718,31.682,26.473,26.950,23.881,33.980,24.278,21.615,22.727,31.277,40.860,23.818,29.055,22.944,27.699,21.522,21.334,22.592,27.709,22.745,28.837,30.433,22.273,34.118,13.853,22.092,25.139,22.983,23.729,27.509,23.372,30.055,22.397,13.310,22.848,20.874,22.138,21.409,23.256,40.310,20.238,19.432,19.420,37.233,40.378,22.138,19.121,20.149,20.740,23.012,26.672,18.324,24.820,41.160,19.790,35.730,21.957,16.816,20.253,17.937,23.599,18.121,26.145,45.071,23.895,53.978,31.680,47.377,33.898,19.913,19.231,35.189,8.578,20.978,21.764,22.422,9.017,9.864,11.732,32.197,39.658,20.977,23.746,20.409,17.569,32.015,11.599,42.837,21.211,32.434,27.980,30.948,26.110,31.512,42.785,22.507,30.941,19.916,5.753,50.525,47.690,19.350,18.808,23.610,52.284,25.208,22.441,3.905,2.541,37.761,26.540,0.000,45.695,50.683,54.022,52.046,25.007,22.506,2.116,28.522,29.222,49.140,32.117,32.962,35.400,35.196,10.050,16.502,37.289,43.690,28.661,34.947,21.129,21.756,22.430,41.042,47.066,32.042
node/831025935,41.154,69.237,56.185,52.379,50.480,49.853,54.269,51.386,53.108,49.498,44.627,43.526,51.898,52.504,55.757,62.541,67.297,54.098,46.967,51.741,61.503,53.756,51.897,56.169,57.942,56.792,46.011,40.535,56.726,39.020,53.216,53.724,43.824,29.917,40.986,29.334,51.992,53.404,31.287,58.263,27.089,34.049,51.236,46.671,37.452,26.876,31.641,33.042,36.656,48.791,26.912,33.651,47.584,47.443,26.443,25.290,38.642,27.802,31.596,29.849,48.772,50.791,34.090,28.625,32.716,23.851,22.368,38.541,21.729,48.570,32.409,29.135,31.564,30.942,18.962,35.298,27.995,29.651,48.889,31.513,35.993,31.938,32.784,27.649,21.639,29.931,27.480,25.985,17.912,17.870,23.454,26.131,24.676,24.323,22.472,16.206,26.197,16.732,14.650,24.331,16.409,22.544,33.724,23.530,30.044,21.378,25.548,15.775,15.641,20.130,28.323,18.344,17.947,13.153,23.491,24.327,9.387,47.083,22.340,23.610,21.155,46.471,45.574,38.799,13.880,14.562,22.463,20.331,21.695,27.049,11.677,29.413,17.182,20.457,12.096,12.666,14.025,14.884,10.464,17.130,20.789,9.060,20.955,45.964,10.440,22.035,21.073,21.296,17.600,26.629,16.535,21.180,47.931,44.685,6.176,19.860,46.351,0.000,25.028,28.367,26.391,22.596,24.056,47.995,18.473,18.689,8.238,17.744,18.628,17.802,17.598,54.241,60.529,16.764,15.825,72.688,37.075,65.320,65.947,66.621,42.114,26.540,58.225
node/810206915,45.912,73.995,60.944,57.137,55.238,54.611,59.027,56.144,57.866,54.257,49.385,48.284,56.657,57.262,60.516,60.298,65.054,58.856,51.725,56.500,59.260,58.514,56.655,52.496,55.699,53.459,50.770,45.294,54.482,43.778,50.973,51.481,48.582,34.676,45.744,34.093,49.748,51.160,27.688,56.019,31.847,38.887,48.993,44.428,41.352,31.634,32.494,37.049,40.556,44.569,30.813,38.065,44.810,42.592,30.344,18.981,41.384,31.702,38.850,34.263,44.314,53.628,38.504,33.031,37.131,27.725,26.445,42.955,26.487,55.968,37.427,32.730,34.110,33.488,28.863,38.629,32.402,32.846,57.869,33.936,40.408,34.361,40.895,32.132,26.398,33.125,34.735,33.240,26.334,20.900,30.708,33.385,31.930,31.578,29.726,26.106,33.451,26.632,20.042,31.585,24.831,29.798,41.877,30.785,34.620,28.632,32.802,25.675,15.713,27.385,12.863,22.420,14.580,23.053,31.784,32.327,16.340,56.511,31.410,30.584,30.152,55.899,55.002,48.227,24.625,14.528,32.378,27.585,31.849,37.355,22.680,39.719,8.697,31.987,23.099,25.797,26.051,26.910,23.908,8.492,32.459,23.828,33.241,55.392,13.296,5.692,33.742,34.092,30.396,5.489,30.419,33.977,57.359,54.113,30.800,32.657,55.779,25.079,0.000,4.752,2.106,33.843,36.059,57.423,30.480,30.696,11.634,29.751,30.635,29.809,29.605,63.669,69.957,28.771,22.852,82.115,46.503,74.748,75.375,76.049,52.598,38.547,69.747
node/637776200,50.053,78.136,65.085,61.278,59.379,58.752,63.168,60.285,62.007,58.398,53.526,52.425,60.798,61.403,64.656,64.439,69.195,62.997,55.866,60.641,63.401,62.655,60.796,56.637,59.840,57.600,54.911,49.435,58.623,47.919,55.114,55.622,52.723,38.817,49.885,38.234,53.889,55.301,31.829,60.160,35.988,43.028,53.134,48.569,45.493,35.776,36.635,41.190,44.697,48.710,34.954,42.206,48.951,46.733,34.485,23.122,45.525,35.843,42.991,38.404,48.455,57.769,42.645,37.172,41.272,31.866,30.586,47.096,30.628,60.109,41.568,36.871,38.251,37.629,33.004,42.770,36.543,36.987,62.010,38.077,44.549,38.502,45.036,36.273,30.539,37.266,38.876,37.381,30.475,25.041,34.849,37.526,36.071,35.718,33.867,30.247,37.592,30.773,24.183,35.726,28.972,33.939,46.018,34.926,38.761,32.773,36.943,29.816,19.854,31.526,17.012,26.561,18.721,27.194,35.925,36.468,20.481,60.652,35.551,34.724,34.293,60.040,59.143,52.368,28.766,18.669,36.519,31.727,35.990,41.497,26.821,43.860,12.838,36.128,27.240,29.938,30.192,31.051,28.049,12.633,36.600,27.968,37.382,59.533,17.437,9.841,37.883,38.233,34.537,4.949,34.560,38.118,61.500,58.254,34.941,36.798,59.919,29.220,4.742,0.000,3.435,37.983,40.200,61.564,34.629,34.845,15.783,33.900,34.784,33.959,33.755,67.810,74.097,32.920,27.001,86.256,50.644,78.889,79.516,80.189,56.739,42.697,73.888
way/313495189,47.314,75.397,62.346,58.539,56.640,56.013,60.429,57.546,59.268,55.659,50.787,49.686,58.058,58.664,61.917,61.700,66.456,60.258,53.127,57.901,60.662,59.916,58.057,53.898,57.101,54.860,52.172,46.695,55.884,45.180,52.375,52.882,49.984,36.078,47.146,35.494,51.150,52.562,29.090,57.421,33.249,40.289,50.395,45.829,42.754,33.036,33.896,38.450,41.958,45.971,32.214,39.467,46.212,43.994,31.745,20.383,42.785,33.104,40.252,35.665,45.716,55.030,39.906,34.433,38.533,29.127,27.846,44.357,27.889,57.370,38.829,34.132,35.511,34.890,30.264,40.031,33.804,34.247,59.271,35.338,41.810,35.763,42.297,33.533,27.799,34.527,36.136,34.642,27.736,22.302,32.110,34.787,33.332,32.979,31.128,27.508,34.852,28.034,21.444,32.987,26.233,31.200,43.279,32.186,36.022,30.034,34.204,27.077,17.114,28.786,14.273,23.822,15.982,24.455,33.185,33.729,17.742,57.913,32.812,31.985,31.553,57.301,56.403,49.629,26.027,15.929,33.779,28.987,33.251,38.757,24.082,41.121,10.099,33.389,24.501,27.199,27.453,28.312,25.310,9.893,33.860,25.229,34.643,56.794,14.698,7.101,35.144,35.494,31.798,3.873,31.821,35.378,58.761,55.515,32.202,34.059,57.180,26.480,1.896,3.191,0.000,35.244,37.461,58.824,31.890,32.106,13.044,31.161,32.045,31.219,31.015,65.070,71.358,30.181,24.262,83.517,47.905,76.149,76.777,77.450,54.000,39.957,71.148
node/4734171440,25.523,58.840,45.788,41.981,40.083,39.456,42.377,39.403,41.216,37.607,34.230,30.632,38.824,38.849,38.944,44.603,49.358,37.236,33.123,32.886,43.564,36.894,35.035,34.672,40.003,35.635,29.505,28.197,38.787,26.681,35.277,35.785,27.120,28.045,24.626,27.462,34.053,35.465,29.414,37.741,25.225,19.558,33.297,26.604,23.529,21.609,19.410,17.719,21.080,26.745,17.729,18.736,24.518,23.263,16.155,28.526,22.054,15.448,19.520,14.934,23.821,29.512,19.175,13.702,17.802,16.503,19.044,21.011,21.784,27.291,18.098,13.400,16.716,16.094,15.176,22.110,13.073,13.668,27.610,16.665,21.079,17.090,21.566,12.803,18.186,13.948,18.170,12.986,15.109,18.253,11.379,12.687,11.539,11.187,10.397,12.871,12.211,10.871,19.036,11.166,13.605,10.569,20.535,10.113,16.855,9.303,11.563,12.344,22.946,10.046,37.852,15.555,25.252,11.773,9.542,10.379,19.064,25.804,8.391,9.518,7.063,25.192,24.295,17.520,10.072,23.533,8.515,7.989,7.747,13.861,14.008,16.225,26.711,6.509,14.427,9.973,8.823,8.103,13.505,26.660,6.793,12.934,7.006,24.685,28.399,31.565,7.119,7.341,5.603,36.159,4.276,7.226,26.652,23.406,19.754,2.107,25.072,23.569,34.558,37.897,35.921,0.000,4.347,26.716,5.789,6.489,27.353,9.389,10.234,12.672,12.468,32.962,39.250,14.561,20.962,51.408,15.791,44.041,44.668,45.342,21.886,24.338,39.035
node/299938277,27.334,60.651,47.600,43.793,41.894,41.267,44.188,41.214,43.027,39.418,36.041,32.443,40.636,40.660,41.026,41.736,46.492,39.048,34.934,34.697,40.697,38.983,36.847,37.093,37.136,37.904,35.216,30.008,35.920,28.493,32.410,32.918,28.931,29.856,26.437,29.273,31.186,32.598,31.226,34.874,27.037,21.369,30.430,29.296,25.340,23.421,21.222,19.531,22.891,27.765,19.540,20.547,21.404,20.937,17.966,30.337,19.922,17.259,19.048,16.745,21.187,25.218,18.696,15.513,19.613,18.314,20.707,18.377,23.595,24.424,18.196,15.212,13.764,13.143,16.987,19.476,14.884,12.532,24.743,13.623,16.978,18.242,17.513,14.614,19.849,12.812,15.536,16.392,16.772,19.916,13.190,15.405,11.689,11.337,12.208,14.682,14.609,12.683,20.699,11.147,15.268,12.380,17.902,10.093,14.222,11.114,11.543,14.155,24.609,11.858,39.516,17.218,26.915,13.436,9.523,9.027,20.727,22.937,8.372,8.321,8.874,22.325,21.428,14.653,11.735,25.196,8.495,9.801,7.727,11.227,15.671,13.591,28.374,6.489,16.090,11.636,10.486,9.766,15.168,28.323,6.821,14.597,5.765,21.819,26.581,33.228,5.251,5.474,7.266,37.822,8.864,4.834,23.785,20.540,21.417,5.227,22.205,25.022,36.221,39.560,37.584,3.162,0.000,23.849,7.241,7.941,28.806,10.841,11.687,14.125,13.921,30.095,36.383,16.014,22.415,48.542,16.829,41.174,41.801,42.475,22.924,25.790,40.072
node/529705675,30.855,66.499,53.448,49.641,47.742,47.623,43.365,40.391,42.204,38.595,39.610,38.800,32.002,30.856,30.224,30.424,35.179,31.412,32.258,32.138,29.385,28.181,29.372,26.291,25.824,25.751,30.611,32.761,24.605,32.093,25.892,23.617,27.687,50.518,30.215,49.935,26.640,22.871,51.888,23.749,47.699,33.206,24.327,24.421,28.143,45.050,37.453,29.178,29.046,24.458,38.807,26.984,22.191,23.304,38.744,43.565,24.890,31.760,25.649,30.404,22.099,21.910,25.297,30.415,25.450,31.542,33.139,24.979,36.823,14.430,24.797,27.844,25.689,26.434,30.215,24.915,32.761,25.103,13.887,25.553,23.580,24.843,24.114,25.961,43.016,22.943,22.137,22.125,39.939,43.083,24.843,21.826,22.854,23.445,25.718,29.377,21.030,27.525,43.866,22.496,38.436,24.663,17.392,22.958,20.643,26.305,20.827,28.850,47.776,26.601,56.683,34.386,50.082,36.603,22.618,21.936,37.894,9.155,23.683,24.469,25.128,9.594,10.441,14.437,34.903,42.364,23.682,26.451,23.114,20.274,34.721,14.304,45.542,23.916,35.139,30.685,33.653,28.815,34.218,45.491,25.213,33.646,22.621,8.458,53.231,50.395,22.055,21.514,26.315,54.989,27.913,25.146,4.477,5.246,40.466,29.245,3.033,48.401,53.389,56.728,54.751,27.713,25.211,0.000,31.227,31.927,51.845,34.822,35.667,38.106,37.901,9.645,17.205,39.994,46.395,29.363,37.652,20.724,21.351,22.025,43.747,49.771,31.637
node/6922982209,29.126,62.443,49.391,45.585,43.686,43.059,45.980,43.006,44.819,41.210,37.833,34.235,42.427,42.452,42.547,47.771,52.527,40.839,36.726,36.489,46.733,40.497,38.639,38.275,43.172,43.939,33.108,31.800,41.956,30.284,38.446,38.954,30.723,31.648,28.229,31.065,37.221,38.633,33.017,40.910,28.828,23.161,36.466,30.207,27.132,25.212,23.014,21.323,24.683,30.349,21.332,22.339,27.206,26.866,19.758,32.129,25.657,19.051,23.123,18.537,26.989,32.681,22.778,17.305,21.405,20.106,20.262,24.180,21.783,30.460,21.701,17.004,20.319,19.697,18.779,25.278,16.676,17.271,30.779,20.268,22.781,20.693,23.315,16.406,19.403,17.551,21.338,22.195,16.326,19.471,14.982,21.208,15.142,14.790,14.000,16.474,20.411,14.475,20.253,14.770,14.823,14.172,23.704,13.716,20.024,12.906,15.166,15.947,28.917,13.650,38.219,16.773,31.223,12.991,13.145,13.982,20.281,28.973,11.994,13.121,10.666,28.361,27.464,20.689,11.290,27.837,12.118,11.592,11.350,17.030,16.055,19.393,30.457,10.112,16.474,11.883,10.040,10.616,14.661,30.406,10.396,12.422,10.609,27.854,23.716,31.048,10.722,10.945,9.206,33.738,7.941,10.829,29.821,26.575,19.249,6.149,28.240,18.886,32.586,35.923,33.946,6.971,7.172,29.884,0.000,1.261,22.669,3.406,5.551,4.786,7.785,36.131,42.419,9.877,16.279,54.577,18.965,47.209,47.837,48.510,25.060,19.654,42.209
node/3876914565,29.828,63.144,50.093,46.286,44.387,43.761,46.682,43.707,45.521,41.911,38.535,34.937,43.129,43.154,43.249,48.473,53.229,41.541,37.427,37.191,47.434,41.199,39.340,38.977,43.873,44.641,33.810,32.502,42.657,30.986,39.148,39.655,31.425,32.349,28.931,31.766,37.923,39.335,33.719,41.612,29.530,23.862,37.167,30.909,27.833,25.914,24.582,22.024,25.384,31.050,22.901,23.041,27.908,27.567,22.432,32.831,26.359,19.753,23.825,19.239,27.691,33.382,23.480,18.006,22.106,20.808,20.572,24.881,22.093,31.161,22.402,17.705,21.020,20.399,19.480,25.980,17.377,17.973,31.480,20.970,23.482,21.395,24.017,17.107,19.713,18.253,22.040,22.896,16.636,19.780,15.683,21.909,15.844,15.491,14.702,17.176,21.113,15.176,20.563,15.471,15.133,14.873,24.406,14.418,20.726,13.607,15.868,16.649,24.474,14.351,37.765,17.088,26.779,13.306,13.847,14.683,20.597,29.675,12.696,13.823,11.367,29.062,28.165,21.390,11.992,25.066,12.819,12.294,12.052,17.731,15.562,20.095,28.244,10.814,15.981,11.390,10.742,11.317,14.168,28.193,11.098,11.930,11.311,28.556,23.262,30.593,11.423,11.646,9.908,33.284,8.643,11.531,30.523,27.277,17.888,6.848,28.942,18.432,32.132,35.469,33.492,7.250,7.451,30.586,1.966,0.000,22.215,2.243,2.487,3.623,4.458,36.832,43.120,9.423,15.825,55.279,19.728,47.911,48.538,49.212,25.823,19.200,42.971
way/1349747787,43.730,71.813,58.762,54.955,53.056,52.429,56.845,53.962,55.684,52.075,47.203,46.102,54.475,55.080,58.333,65.118,69.874,56.674,49.543,54.318,64.079,56.332,54.473,58.745,60.519,59.368,48.588,43.111,59.302,41.596,55.793,56.300,46.400,32.494,43.562,31.911,54.568,55.980,33.863,60.839,29.665,36.626,53.812,49.247,40.028,29.453,34.217,35.231,39.232,51.367,29.489,36.248,50.160,50.019,29.020,24.174,39.566,30.378,37.032,32.446,51.348,52.934,36.687,31.213,35.313,26.427,24.945,41.138,24.305,50.713,35.609,31.711,34.140,33.519,27.131,45.532,30.584,31.028,51.032,34.090,38.590,34.514,39.078,30.225,24.216,31.307,32.917,31.422,25.037,20.446,28.890,31.567,30.112,29.760,27.909,24.288,31.633,24.814,17.226,29.768,23.534,27.980,43.957,28.967,40.277,26.814,30.985,23.858,14.242,25.567,18.281,20.920,14.327,21.235,29.966,30.509,14.519,49.226,29.592,28.766,28.334,48.614,47.717,40.942,22.808,13.057,31.529,25.768,30.761,37.283,20.863,39.647,13.967,29.523,21.282,23.745,24.234,26.976,22.090,13.762,30.483,15.607,30.020,48.107,8.936,11.109,30.809,31.031,26.666,13.800,25.596,30.916,50.074,46.828,12.722,27.306,48.494,8.447,12.648,15.985,14.008,24.738,26.199,50.138,20.616,20.832,0.000,19.887,20.771,18.685,17.627,56.384,62.672,14.446,11.439,74.830,39.218,67.463,68.090,68.763,39.799,24.225,55.910
node/2068640057,32.270,65.587,52.536,48.729,46.830,46.203,49.125,46.150,47.963,44.354,40.977,37.379,45.572,45.596,45.692,50.916,55.671,43.984,39.870,39.634,49.877,43.642,41.783,41.419,46.316,47.084,36.253,34.944,45.100,33.429,41.590,42.098,33.867,34.792,31.373,34.209,40.366,41.778,36.162,44.054,37.606,26.305,39.610,33.351,30.276,28.357,24.939,24.467,27.827,33.493,23.258,25.483,30.351,30.010,22.789,35.807,28.802,22.195,26.268,21.681,30.134,35.825,25.922,20.449,24.549,19.612,20.929,27.324,22.450,33.604,24.845,20.148,23.463,22.842,21.923,28.423,19.820,20.416,33.923,23.413,25.925,23.837,26.459,19.550,20.070,20.695,24.483,25.339,16.993,20.137,18.126,24.352,18.287,17.934,17.144,16.716,23.555,17.619,20.920,17.914,15.490,17.316,26.848,16.860,23.168,16.050,18.310,16.286,26.159,16.794,35.461,17.445,28.465,13.664,16.290,17.126,20.954,32.117,15.139,16.266,13.810,31.505,30.608,23.833,13.235,25.079,15.262,14.737,14.494,20.174,15.919,22.538,27.700,13.256,16.338,11.747,13.185,13.760,14.525,27.648,13.541,12.287,13.754,30.998,20.958,28.290,13.866,14.089,12.351,30.980,11.086,13.974,32.965,29.719,16.491,8.610,31.385,16.128,29.828,33.165,31.189,9.012,9.213,33.029,4.769,3.181,19.572,0.000,0.637,2.708,3.542,39.275,45.563,9.780,13.363,57.721,18.070,50.354,50.981,51.655,24.165,19.557,41.314
node/1444943078,32.680,65.997,52.946,49.139,47.240,46.613,49.535,46.560,48.373,44.764,41.387,37.789,45.981,46.006,46.102,51.325,56.081,44.394,40.280,40.044,50.287,44.052,42.193,41.829,46.726,47.493,36.663,35.354,45.510,33.839,42.000,42.508,34.277,35.202,31.783,34.619,40.776,42.188,36.572,44.464,37.086,26.715,40.020,33.761,30.686,28.767,25.364,24.877,28.237,33.903,23.682,25.893,30.760,30.420,23.213,35.286,29.212,22.605,26.678,22.091,30.544,36.235,26.332,20.859,24.959,20.037,21.354,27.734,22.875,34.014,25.255,20.558,23.873,23.252,22.333,28.833,20.230,20.826,34.333,23.823,26.335,24.247,26.869,19.960,20.495,21.105,24.893,25.749,17.418,20.562,18.536,24.762,18.696,18.344,17.554,17.141,23.965,18.029,21.345,18.324,15.915,17.726,27.258,17.270,23.578,16.460,18.720,16.710,25.638,17.204,34.940,17.870,27.944,14.088,16.699,17.536,22.774,32.527,15.549,16.676,14.220,31.915,31.018,24.243,14.844,24.558,15.672,15.147,14.904,20.584,16.344,22.948,27.178,13.666,16.763,12.172,13.595,14.170,14.950,27.127,13.950,12.711,14.164,31.408,20.437,27.769,14.276,14.499,12.760,30.459,11.496,14.384,33.375,30.129,15.970,9.703,31.795,15.607,29.307,32.644,30.668,9.302,10.762,33.439,5.179,3.671,19.051,0.808,0.000,3.235,4.533,39.685,45.973,7.083,13.426,58.131,22.519,50.764,51.391,52.065,28.614,19.982,45.763
way/477207073,32.945,66.261,53.210,49.403,47.504,46.877,49.799,46.824,48.638,45.028,41.651,38.053,46.246,46.270,46.366,51.590,56.346,44.658,40.544,40.308,50.551,44.316,42.457,42.094,46.990,47.758,36.927,35.618,45.774,34.103,42.265,42.772,34.542,35.466,32.048,34.883,41.040,42.452,36.836,44.728,38.551,26.979,40.284,34.025,30.950,29.031,27.133,25.141,28.501,34.167,25.451,26.157,31.025,30.684,24.983,36.752,29.476,22.870,26.942,22.356,30.808,36.499,26.596,21.123,25.223,21.806,23.123,27.998,24.644,34.278,25.519,20.822,24.137,23.516,22.597,29.097,20.494,21.090,34.597,24.087,26.599,24.512,27.133,20.224,22.264,21.370,25.157,26.013,19.187,22.331,18.800,25.026,18.961,18.608,17.819,18.910,24.229,18.293,23.114,18.588,17.684,17.990,27.523,17.534,23.842,16.724,18.984,18.480,27.104,17.468,36.406,19.639,29.410,15.857,16.964,17.800,23.148,32.791,15.813,16.940,14.484,32.179,31.282,24.507,15.108,26.024,15.936,15.411,15.168,20.848,18.113,23.212,28.644,13.931,18.532,13.941,13.859,14.434,16.719,28.593,14.215,14.481,14.428,31.672,21.903,29.235,14.540,14.763,13.025,31.925,11.760,14.648,33.639,30.394,17.436,9.965,32.059,17.073,30.773,34.110,32.133,10.367,10.568,33.703,5.636,4.535,18.464,3.171,2.896,0.000,1.326,39.949,46.237,5.729,12.073,58.396,19.425,51.028,51.655,52.329,25.520,15.508,42.669
node/2648889791,34.699,68.015,54.964,51.157,49.258,48.631,51.553,48.578,50.392,46.782,43.405,39.807,48.000,48.024,48.120,53.344,58.099,46.412,42.298,42.062,52.305,46.070,44.211,43.848,48.744,49.512,38.681,37.372,47.528,35.857,44.019,44.526,36.295,37.220,33.802,36.637,42.794,44.206,38.590,46.483,34.401,28.733,42.038,35.779,32.704,30.785,27.382,26.895,30.255,35.921,25.701,27.911,32.779,32.438,25.232,38.570,31.230,24.624,28.696,24.110,32.562,38.253,28.350,22.877,26.977,22.055,23.372,29.752,24.893,36.032,27.273,22.576,25.891,25.270,24.351,30.851,22.248,22.844,36.351,25.841,28.353,26.265,28.887,21.978,22.513,23.124,26.911,27.767,19.436,22.581,20.554,26.780,20.715,20.362,19.573,19.159,25.983,20.047,23.363,20.342,17.933,19.744,29.276,19.288,25.596,18.478,20.738,18.729,28.922,19.222,35.023,19.888,31.228,16.107,18.718,19.554,23.397,34.545,17.567,18.694,16.238,33.933,33.036,26.261,16.863,27.842,17.690,17.165,16.922,22.602,18.362,24.966,30.462,15.684,18.781,14.190,15.613,16.188,16.968,30.411,15.969,14.730,16.182,33.426,23.721,27.852,16.294,16.517,14.779,30.542,13.514,16.402,35.393,32.148,17.245,11.721,33.813,18.891,29.390,32.727,30.751,11.320,12.781,35.457,7.198,5.357,17.097,3.993,3.718,1.806,0.000,41.703,47.991,4.362,10.706,60.150,24.537,52.782,53.409,54.083,30.632,14.141,47.781
way/1367403155,37.620,73.264,60.213,56.406,54.508,54.388,50.131,47.156,48.969,45.360,46.375,45.565,38.767,37.621,36.989,37.189,41.945,38.177,39.023,38.903,36.151,34.946,36.138,33.056,32.590,32.516,37.376,39.526,31.370,38.858,32.657,30.382,34.452,50.513,36.980,49.930,33.405,29.636,51.883,30.514,47.694,35.670,31.092,31.186,34.909,44.078,39.041,33.832,35.811,31.223,41.340,31.638,28.957,30.069,38.636,48.219,31.178,36.414,30.303,35.058,28.864,28.676,29.951,35.069,30.105,36.196,37.793,29.633,41.477,21.195,29.452,32.498,30.343,31.088,34.869,30.731,37.415,29.757,20.652,30.207,28.234,29.497,28.768,30.615,47.670,27.597,26.791,26.780,44.593,47.737,29.497,26.481,27.508,28.099,30.372,34.031,25.684,32.179,48.520,27.150,43.090,29.317,24.158,27.613,25.297,30.959,25.481,33.505,52.430,31.255,61.337,39.040,54.736,41.257,27.273,26.590,42.548,15.920,28.337,29.123,29.782,16.359,17.206,19.091,39.557,47.018,28.336,31.105,27.768,24.928,39.375,18.958,50.196,28.570,39.794,35.340,38.307,33.469,38.872,50.145,29.867,38.300,27.275,14.620,57.885,55.050,26.709,26.168,30.969,59.644,32.568,29.800,11.252,11.018,45.120,33.899,11.769,53.055,58.043,61.382,59.406,32.367,29.865,8.121,35.882,36.581,56.499,39.476,40.321,42.760,42.556,0.000,9.622,44.648,51.049,21.781,42.306,12.371,12.998,13.671,24.640,54.425,23.284
way/1330622520,42.715,78.360,65.308,61.502,59.603,59.483,55.226,52.252,54.065,50.456,51.471,50.660,43.863,42.716,42.084,42.284,47.040,43.273,44.119,43.999,41.246,40.041,41.233,38.152,37.685,37.611,42.471,44.621,36.465,43.954,37.752,35.477,39.548,57.282,42.075,56.699,38.500,34.731,58.651,35.609,54.462,42.439,36.187,36.281,40.004,50.846,45.810,40.601,40.907,36.318,48.108,38.406,34.052,35.165,45.404,54.988,37.946,43.182,37.072,41.827,33.959,33.771,36.720,41.837,36.873,42.965,44.562,36.401,48.246,26.290,36.220,39.267,37.111,37.857,41.637,37.500,44.183,36.525,25.748,36.976,35.002,36.266,35.536,37.384,54.438,34.365,33.560,33.548,51.361,54.506,36.266,33.249,34.277,34.868,37.140,40.800,32.452,38.948,55.288,33.918,49.858,36.085,29.253,34.381,32.065,37.727,32.249,40.273,59.199,38.023,68.106,45.808,61.505,48.026,34.041,33.359,49.317,21.015,35.105,35.892,36.550,21.455,22.301,25.859,46.325,53.786,35.105,37.874,34.537,31.697,46.143,25.727,56.965,35.339,46.562,42.108,45.075,40.237,45.640,56.913,36.635,45.069,34.044,19.881,64.653,61.818,33.478,32.936,37.738,66.412,39.336,36.569,16.342,16.669,51.888,40.667,16.416,59.823,64.811,68.150,66.174,39.135,36.634,17.552,42.650,43.350,63.267,46.245,47.090,49.528,49.324,9.278,0.000,51.417,57.818,13.000,49.075,9.058,8.074,10.745,37.435,61.194,19.971
node/292354225,39.266,72.583,59.532,55.725,53.826,53.199,56.120,63.349,54.959,51.350,47.973,44.375,52.567,52.592,52.688,57.911,62.667,50.980,58.930,46.629,56.873,50.637,48.779,48.415,53.312,54.079,43.248,41.940,52.096,40.425,48.586,49.094,40.863,41.881,38.369,41.298,47.361,48.773,43.250,51.050,39.052,33.301,46.606,40.347,37.272,38.840,31.950,31.463,34.823,40.489,30.268,32.479,37.346,37.006,29.799,37.253,35.797,29.191,33.264,28.677,37.130,42.821,32.918,27.445,31.545,26.623,27.940,34.320,33.692,40.600,31.841,27.144,30.459,29.837,28.919,35.418,26.816,27.412,40.919,30.409,32.921,30.833,33.455,26.546,27.081,27.691,31.478,32.335,24.004,27.148,25.122,31.348,25.282,24.930,24.140,23.727,30.551,24.614,26.613,24.910,22.501,24.312,33.844,23.856,30.164,23.046,25.306,23.296,27.605,23.790,32.474,24.456,29.911,20.674,23.285,24.122,24.741,39.113,22.134,23.262,20.806,38.501,37.604,30.829,21.430,26.525,22.258,21.733,21.490,27.170,22.930,29.534,29.145,20.252,23.348,18.758,20.180,20.756,21.536,29.094,20.536,17.581,20.749,37.994,22.404,25.303,20.862,21.085,19.346,27.993,18.081,20.970,39.961,36.715,14.696,16.288,38.380,17.574,26.841,30.178,28.201,15.888,17.348,40.025,11.765,11.981,14.547,8.648,8.373,7.284,6.226,46.271,52.559,0.000,8.156,64.717,29.105,57.349,57.977,51.386,25.461,9.887,41.571
node/8936265515,53.272,81.356,68.304,64.497,62.599,61.972,66.388,63.505,65.226,61.617,56.746,55.645,64.017,64.623,67.876,62.580,67.336,66.216,59.086,63.860,61.542,65.874,64.015,53.084,57.981,58.748,47.917,52.654,56.764,51.138,53.255,53.763,45.532,42.036,53.105,41.453,52.031,53.442,43.406,55.719,39.208,37.970,51.275,45.016,41.941,38.995,36.619,36.132,39.492,45.158,34.937,37.148,42.015,41.675,34.468,37.408,40.466,33.860,37.932,33.346,41.799,47.489,37.587,32.114,36.214,31.292,32.609,38.989,33.847,45.269,36.510,31.813,35.128,34.506,33.588,40.087,31.485,32.081,45.588,35.078,37.590,35.502,38.124,31.215,33.758,32.360,36.147,37.004,28.673,29.988,29.791,36.017,29.951,29.599,28.809,28.396,35.220,29.284,26.769,29.578,27.170,28.981,38.513,28.525,34.833,27.715,29.975,27.965,27.760,28.459,29.689,30.463,21.894,25.343,27.954,28.791,24.896,43.782,26.803,27.930,25.475,43.170,42.273,35.498,26.099,20.624,26.927,26.401,26.159,31.839,22.085,34.203,25.375,24.921,22.504,23.427,24.849,25.425,20.872,25.170,25.205,19.468,25.418,42.663,16.503,22.517,25.531,25.754,24.015,25.208,22.750,25.639,44.630,41.384,16.584,20.958,43.049,17.729,24.055,27.392,25.416,20.557,22.017,44.694,16.434,16.650,11.762,13.317,13.042,11.953,10.895,50.940,57.227,7.714,0.000,69.386,33.774,62.019,62.646,63.319,33.067,17.493,49.177
node/1312900851,63.660,99.304,86.253,82.446,80.547,80.428,76.171,73.196,75.009,71.400,72.415,71.605,64.807,63.661,63.029,63.229,43.846,64.217,65.063,64.943,62.190,60.986,62.178,59.096,58.629,58.556,63.416,65.566,57.410,64.898,58.697,56.422,60.492,69.362,63.020,68.779,59.445,55.676,70.731,40.697,66.542,54.519,57.132,57.226,60.949,62.927,57.890,52.681,61.851,57.263,60.189,50.486,54.996,56.109,57.485,67.068,50.026,55.263,49.152,53.907,54.904,54.716,48.800,53.917,48.953,55.045,56.642,48.481,60.326,47.235,48.300,51.347,49.191,49.937,53.718,49.580,56.264,48.605,46.692,49.056,47.082,48.346,47.617,49.464,66.519,46.446,45.640,45.628,63.442,66.586,48.346,45.329,46.357,46.948,49.220,52.880,44.532,51.028,67.369,45.998,61.938,48.165,50.197,46.461,44.145,49.808,44.329,52.353,71.279,50.103,80.186,57.889,73.585,60.106,46.121,45.439,61.397,41.960,47.186,47.972,48.630,42.399,43.246,37.940,58.405,65.866,47.185,49.954,46.617,43.777,58.223,37.807,69.045,47.419,58.642,54.188,57.156,52.318,57.720,68.993,48.715,57.149,46.124,31.961,76.734,73.898,45.558,45.017,49.818,78.492,51.416,48.649,28.422,28.749,63.969,52.748,28.497,71.903,76.891,80.231,78.254,51.215,48.714,29.632,54.730,55.430,75.348,58.325,59.170,61.608,61.404,26.758,13.689,63.497,69.898,0.000,53.941,18.117,15.322,17.346,46.494,60.095,29.031
way/442113937,40.401,75.114,62.063,58.256,56.358,55.731,55.615,52.641,54.454,50.845,50.505,46.907,55.724,54.578,53.946,54.656,59.412,55.134,49.398,53.026,53.617,51.903,50.830,50.013,50.056,50.824,48.136,41.789,48.840,42.956,45.331,45.838,45.482,44.319,39.504,43.736,44.106,45.518,45.689,47.794,41.500,35.833,43.350,42.216,36.654,37.884,37.032,33.994,35.741,39.765,35.350,35.011,34.091,33.624,34.881,44.869,32.609,31.723,31.735,31.209,33.874,39.565,31.383,29.977,31.536,32.778,33.022,31.064,34.543,37.344,30.883,29.675,31.774,27.606,31.450,32.163,29.348,26.995,37.663,28.086,29.665,30.928,30.199,29.077,32.163,29.927,28.223,29.079,29.086,32.230,27.653,28.092,26.153,25.800,26.672,28.803,27.295,27.146,33.013,25.610,27.583,26.843,30.589,24.557,26.908,25.577,27.092,28.619,36.923,26.321,51.830,29.532,39.229,25.751,23.986,23.491,33.041,35.858,22.835,22.784,23.337,35.245,34.348,27.573,24.050,37.510,22.959,24.264,22.191,23.914,29.444,26.278,40.689,20.953,29.863,25.521,22.800,23.375,29.632,40.637,21.285,29.061,20.228,34.739,42.378,45.542,19.714,19.937,21.730,50.136,20.707,19.297,36.706,33.460,34.134,18.393,35.125,37.548,48.535,51.874,49.898,16.936,17.504,36.769,21.015,17.203,40.992,19.741,24.815,19.246,21.415,43.015,49.303,29.142,35.543,53.628,0.000,37.082,38.215,36.736,9.772,23.958,26.921
node/470926455,48.482,84.126,71.075,67.268,65.370,65.250,60.993,58.018,59.831,56.222,57.237,56.427,49.629,48.483,47.851,48.051,52.807,49.039,49.885,49.765,47.013,45.808,47.000,43.918,43.452,43.378,48.238,50.388,42.232,49.720,43.519,41.244,45.314,61.375,47.842,60.792,44.267,40.498,62.745,41.376,58.556,46.532,41.954,42.048,45.771,54.940,49.903,44.694,46.673,42.085,52.202,42.500,39.819,40.931,49.498,59.081,42.039,47.276,41.165,45.920,39.726,39.538,40.813,45.931,40.967,47.058,48.655,40.495,52.339,32.057,40.313,43.360,41.205,41.950,45.731,41.593,48.277,40.619,31.514,41.069,39.096,40.359,39.630,41.477,58.532,38.459,37.653,37.642,55.455,58.599,40.359,37.343,38.370,38.961,41.234,44.893,36.546,43.041,59.382,38.012,53.952,40.178,35.020,38.474,36.159,41.821,36.343,44.366,63.292,42.117,72.199,49.902,65.598,52.119,38.134,37.452,53.410,26.782,39.199,39.985,40.644,27.221,28.068,29.953,50.419,57.880,39.198,41.967,38.630,35.790,50.237,29.820,61.058,39.432,50.656,46.202,49.169,44.331,49.734,61.007,40.729,49.162,38.137,25.482,68.747,65.912,37.571,37.030,41.831,70.505,43.430,40.663,22.114,21.880,55.982,44.761,22.631,63.917,68.905,72.244,70.267,43.229,40.727,18.983,46.743,47.443,67.361,50.338,51.183,53.622,53.417,11.580,8.787,55.510,61.911,17.288,36.300,0.000,1.104,2.891,28.853,42.454,11.390
way/441440085,49.319,84.964,71.912,68.106,66.207,66.087,61.830,58.855,60.669,57.060,58.075,57.264,50.467,49.320,48.688,48.888,53.644,49.876,50.723,50.602,47.850,46.645,47.837,44.755,44.289,44.215,49.075,51.225,43.069,50.558,44.356,42.081,46.151,62.212,48.679,61.629,45.104,41.335,63.582,42.213,59.393,47.370,42.791,42.885,46.608,55.777,50.740,45.531,47.510,42.922,53.039,43.337,40.656,41.769,50.335,59.919,42.877,48.113,42.002,46.757,40.563,40.375,41.651,46.768,41.804,47.895,49.492,41.332,53.176,32.894,41.151,44.197,42.042,42.787,46.568,42.431,49.114,41.456,32.351,41.906,39.933,41.196,40.467,42.314,59.369,39.296,38.490,38.479,56.292,59.436,41.196,38.180,39.207,39.798,42.071,45.731,37.383,43.878,60.219,38.849,54.789,41.016,35.857,39.312,36.996,42.658,37.180,45.204,64.129,42.954,73.037,50.739,66.435,52.957,38.972,38.289,54.248,27.619,40.036,40.823,41.481,28.058,28.905,30.790,51.256,58.717,40.036,42.804,39.467,36.627,51.074,30.657,61.895,40.269,51.493,47.039,50.006,45.168,50.571,61.844,41.566,50.000,38.974,26.319,69.584,66.749,38.408,37.867,42.669,71.343,44.267,41.500,22.951,22.718,56.819,45.598,23.468,64.754,69.742,73.081,71.105,44.066,41.565,19.820,47.581,48.281,68.198,51.175,52.021,54.459,54.255,12.418,8.011,56.347,62.749,14.588,37.159,1.335,0.000,3.022,29.712,43.313,12.248
node/7137691094,50.790,86.434,73.383,69.576,67.678,67.558,63.301,60.326,62.139,58.530,59.545,58.735,51.937,50.791,50.159,50.359,55.115,51.347,52.194,52.073,49.321,48.116,49.308,46.226,45.760,45.686,50.546,52.696,44.540,52.029,45.827,43.552,47.622,63.683,50.150,63.100,46.575,42.806,65.053,43.684,60.864,48.840,44.262,44.356,48.079,57.248,52.211,47.002,48.981,44.393,54.510,44.808,42.127,43.239,51.806,61.389,44.348,49.584,43.473,48.228,42.034,41.846,43.121,48.239,43.275,49.366,50.963,42.803,54.647,34.365,42.622,45.668,43.513,44.258,48.039,43.901,50.585,42.927,33.822,43.377,41.404,42.667,41.938,43.785,60.840,40.767,39.961,39.950,57.763,60.907,42.667,39.651,40.678,41.269,43.542,47.201,38.854,45.349,61.690,40.320,56.260,42.487,37.328,40.782,38.467,44.129,38.651,46.675,65.600,44.425,74.507,52.210,67.906,54.427,40.443,39.760,55.718,29.090,41.507,42.294,42.952,29.529,30.376,32.261,52.727,60.188,41.506,44.275,40.938,38.098,52.545,32.128,63.366,41.740,52.964,48.510,51.477,46.639,52.042,63.315,43.037,51.471,40.445,27.790,71.055,68.220,39.879,39.338,44.139,72.814,45.738,42.971,24.422,24.188,58.290,47.069,24.939,66.225,71.213,74.552,72.576,45.537,43.035,21.291,49.052,49.752,69.669,52.646,53.491,55.930,55.726,13.889,10.810,57.818,64.219,17.549,36.074,2.919,3.127,0.000,28.627,42.228,11.164
node/5799799202,45.213,79.926,66.875,63.068,61.169,60.542,60.427,57.453,59.266,55.657,55.317,51.719,60.536,59.390,58.758,59.468,64.224,59.946,54.209,57.838,58.429,56.715,55.642,54.825,54.868,55.636,52.948,46.601,53.652,47.768,50.142,50.650,50.294,49.131,44.316,48.548,48.918,50.330,50.501,52.606,46.312,40.644,48.162,47.028,41.466,42.696,41.844,38.806,40.553,44.577,40.162,39.823,38.903,38.436,39.693,49.681,37.421,36.535,36.547,36.021,38.686,44.377,36.195,34.788,36.348,37.590,37.834,35.876,39.355,42.156,35.695,34.487,36.586,32.418,36.262,36.975,34.159,31.807,42.475,32.898,34.477,35.740,35.011,33.889,36.975,34.739,33.035,33.891,33.898,37.042,32.465,32.904,30.965,30.612,31.484,33.615,32.107,31.958,37.825,30.422,32.395,31.655,35.401,29.369,31.720,30.389,31.904,33.431,41.735,31.133,56.642,34.344,44.041,30.562,28.798,28.302,37.853,40.669,27.647,27.596,28.149,40.057,39.160,32.385,28.862,42.322,27.771,29.076,27.003,28.726,34.256,31.090,45.501,25.765,34.675,30.333,27.612,28.187,34.444,45.449,26.097,33.873,25.040,39.550,47.190,50.354,24.526,24.749,26.541,54.948,25.519,24.109,41.517,38.272,38.946,23.205,39.937,42.360,53.347,56.686,54.710,21.748,22.316,41.581,25.827,22.015,39.934,24.553,29.627,24.058,26.227,24.203,37.883,27.199,33.543,45.614,8.762,29.068,30.201,28.722,0.000,15.885,18.907
node/12403420156,47.624,80.941,67.890,64.083,62.184,61.557,64.479,71.708,63.317,59.708,56.331,52.733,60.926,60.950,61.046,66.270,71.025,59.338,67.289,54.988,65.231,58.996,57.137,56.773,61.670,62.438,51.607,50.298,60.454,48.783,56.944,57.452,49.221,50.239,46.727,49.656,55.720,57.132,51.609,59.408,47.410,41.659,54.964,48.705,45.630,47.198,40.308,39.821,43.181,48.847,38.627,40.837,45.705,45.364,38.157,45.611,44.156,37.550,41.622,37.035,45.488,51.179,41.276,35.803,39.903,34.981,36.298,42.678,42.050,48.958,40.199,35.502,38.817,38.196,37.277,43.777,35.174,35.770,49.277,38.767,41.279,39.191,41.813,34.904,35.439,36.050,39.837,40.693,32.362,35.506,33.480,39.706,33.641,33.288,32.498,32.085,38.909,32.973,34.972,33.268,30.859,32.670,42.202,32.214,38.522,31.404,33.664,31.655,35.963,32.148,45.265,32.814,38.269,29.032,31.644,32.480,33.099,47.471,30.493,31.620,29.164,46.859,45.962,39.187,29.788,34.883,30.616,30.091,29.848,35.528,31.288,37.892,37.503,28.610,31.707,27.116,28.539,29.114,29.894,37.452,28.895,27.655,29.108,46.352,30.762,38.094,29.220,29.443,27.704,40.784,26.440,29.328,48.319,45.074,26.295,24.647,46.739,25.932,39.632,42.969,40.993,24.246,25.706,48.383,20.124,20.340,24.796,19.409,20.822,15.834,14.775,54.629,60.917,12.062,18.405,58.616,23.319,42.070,43.203,41.724,15.798,0.000,31.909
way/1003915685,58.754,94.399,81.347,77.540,75.642,75.522,71.265,68.290,70.104,66.495,67.510,66.699,59.901,58.755,58.123,58.323,63.079,59.311,60.158,60.037,57.285,56.080,57.272,54.190,53.724,53.650,58.510,60.660,52.504,59.993,53.791,51.516,55.586,66.707,58.114,66.123,54.539,50.770,68.076,51.648,63.887,58.220,52.226,52.320,56.043,60.271,59.419,56.381,56.945,52.357,57.737,52.772,50.091,51.203,57.268,67.256,52.312,54.110,51.437,53.596,49.998,49.810,51.085,52.364,51.239,55.165,55.409,50.767,56.930,42.329,50.586,52.062,51.477,52.222,53.837,51.865,51.735,49.382,41.786,51.341,49.368,50.631,49.902,51.464,54.550,48.731,47.925,47.914,51.473,54.617,50.041,47.615,48.642,49.233,49.059,51.191,46.818,49.533,55.400,48.284,49.970,49.231,45.292,46.944,46.431,47.965,46.615,51.006,59.310,48.708,74.217,51.919,61.616,48.138,46.373,45.878,55.428,37.054,45.222,45.172,45.724,37.493,38.340,40.225,46.437,59.897,45.346,46.651,44.578,46.301,51.831,40.093,63.076,43.340,52.250,47.908,45.187,45.762,52.019,63.024,43.672,51.448,42.615,35.754,64.765,67.929,42.101,42.324,44.117,72.523,43.094,41.684,32.386,32.153,56.521,40.780,32.903,59.935,70.922,74.261,72.285,39.323,39.891,29.255,43.402,39.591,56.540,42.129,47.202,41.633,46.520,21.853,19.152,43.806,50.149,26.883,26.337,10.337,11.470,9.991,18.890,32.491,0.000
