,office,node/3686157132,node/4449837691,way/1497789845,way/301859277,way/759987899,way/1125139659,node/746627029,way/298902402,way/60044139,node/13377797577,node/2061879185,node/10266409318,node/1112015371,node/2599542242,node/10792703614,way/1050768070,way/1173781965,way/1156068846,node/1092878580,node/13192600286,node/11401552485,node/2631338026,way/418665227,node/2905961116,node/2784089953,way/431072075,node/13457640691,way/471722581,node/12587586255,way/502841208,node/1511622328,node/2613719490,node/1998376334,node/11083618706,node/1998376340,node/4065359328,way/101974944,node/11794162206,way/332587893,way/667746336,node/10726315310,node/4912455161,node/6723530125,way/1163945142,way/753703519,way/283638701,node/4374935729,node/5602005239,way/1094224072,way/674299894,node/3777486881,node/622204540,way/473868951,node/3123215557,way/304004266,node/2304484464,node/1080996458,node/4769471534,node/10937770886,node/2636758535,node/1600767375,node/2606420203,node/3254987866,node/3895220847,node/11210080138,way/1131163538,node/2304484684,node/10011137809,way/326955764,node/12196594520,node/2529991306,node/2078116017,node/5586709673,node/2939048403,way/223128134,node/2951316219,way/681503955,way/568771392,node/4678874493,node/7341225608,node/12425250871,node/178821228,way/261806925,node/12144695461,node/184049470,node/10827905563,node/2651530874,way/511539213,node/4666017389,node/2621636923,node/902327015,node/363997548,node/1128664813,node/4610137789,node/6121549487,node/622204591,node/3523190952,way/170505341,node/674477959,node/26289763,node/327528975,node/614939487,node/4338377884,node/11269074158,node/5109205856,node/4077525244,node/3056287062,way/1454716354,node/3014835252,way/1139030278,node/5210751039,node/1762579478,node/1452885165,node/4769476622,node/1992854977,node/3974972557,way/997439163,node/12433858548,node/3113588327,node/4609504482,node/332074128,way/945061262,node/336262498,node/6566648095,node/627574779,node/302790436,way/585852861,node/2580708138,node/5884199085,node/3211789361,node/4921020221,node/4343081824,node/3770301444,way/1360293399,node/2182364515,way/293463784,node/10606501241,way/1360293417,node/13176973077,node/13904673940,node/4715569699,way/499614429,way/743710865,node/871073568,way/376470743,node/262353392,node/2551116095,node/2606625338,node/2134285281,node/5176377207,node/9540446866,node/4394136790,node/5830690815,way/994058707,node/3057780133,way/908382642,node/831025935,node/810206915,node/637776200,way/313495189,node/4734171440,node/299938277,node/529705675,node/6922982209,node/3876914565,way/1349747787,node/2068640057,node/1444943078,way/477207073,node/2648889791,way/1367403155,way/1330622520,node/292354225,node/8936265515,node/1312900851,way/442113937,node/470926455,way/441440085,node/7137691094,node/5799799202,node/12403420156,way/1003915685
office,0.00,34.28,23.68,19.63,21.01,20.65,16.99,18.69,15.29,13.46,13.74,13.17,14.56,13.87,15.32,23.12,24.21,15.76,11.83,12.15,21.89,13.26,12.49,16.80,17.82,20.23,9.27,2.62,18.72,5.84,14.73,18.52,7.53,20.82,3.24,20.10,12.04,16.81,23.69,20.66,18.24,9.53,15.36,10.28,9.43,14.62,13.67,11.62,10.87,13.51,16.21,11.75,12.98,12.65,14.96,21.18,12.94,17.83,12.21,15.61,15.61,19.37,13.92,15.06,14.86,18.05,18.87,15.65,16.53,21.40,15.79,18.01,15.68,15.85,16.32,20.62,17.03,17.61,21.96,18.04,16.67,19.03,18.77,20.41,19.50,20.80,18.32,18.58,22.00,20.23,20.27,19.81,21.23,20.62,19.51,21.33,21.05,19.57,23.47,21.81,20.32,21.46,22.05,22.14,22.77,19.46,21.27,21.45,21.09,20.19,39.71,24.42,24.22,22.78,24.84,24.47,25.21,25.02,24.79,24.47,23.70,24.23,23.08,21.99,22.44,25.42,27.02,22.28,25.50,24.07,22.08,24.16,28.89,25.77,22.72,24.75,23.80,24.33,25.63,29.03,27.29,23.86,26.71,30.05,28.60,31.98,28.17,27.26,25.18,39.62,27.16,29.71,29.19,30.16,29.60,26.89,31.30,31.12,33.93,36.71,33.54,29.08,29.25,29.06,29.82,30.23,33.84,32.76,33.05,35.38,34.58,36.02,44.06,34.10,39.99,54.12,43.22,43.54,44.99,44.84,45.76,40.15,57.64
node/3686157132,35.48,0.00,12.92,15.85,22.32,22.98,29.40,33.13,31.67,31.24,24.80,26.66,33.40,34.60,34.74,46.53,48.47,36.01,33.14,37.65,46.15,36.57,36.83,39.29,42.08,43.48,37.69,35.72,42.45,33.32,40.40,42.08,40.11,41.68,35.81,40.95,41.06,40.17,44.54,44.38,39.24,36.44,42.89,39.43,38.60,39.62,37.73,36.30,40.03,42.09,38.61,39.66,41.74,41.41,37.37,43.89,41.71,40.23,40.77,38.02,44.37,46.91,39.98,37.47,39.84,40.45,43.87,44.41,41.53,44.76,40.63,40.42,40.66,40.82,38.73,48.34,39.43,42.59,45.32,43.02,40.86,43.22,42.96,42.82,44.51,45.66,42.51,42.77,45.79,45.23,42.68,44.00,46.14,45.60,41.92,43.73,45.24,41.98,47.51,46.00,42.72,43.87,50.25,47.11,46.96,41.87,45.45,43.86,44.67,42.60,59.59,46.82,47.80,45.36,49.12,48.66,48.79,51.08,48.68,46.87,46.11,50.65,49.61,49.53,44.85,49.01,49.43,44.68,47.90,48.25,44.49,49.47,52.47,48.17,45.13,47.16,46.21,46.73,48.03,52.61,49.70,46.26,49.12,56.57,52.18,55.56,50.57,51.34,47.58,63.20,49.57,52.12,52.67,53.64,52.01,49.29,54.78,54.71,57.51,60.29,57.12,51.48,51.65,52.54,52.23,52.64,57.42,55.17,55.45,57.79,56.98,59.50,67.54,56.51,63.57,77.60,65.62,67.02,68.47,68.32,68.16,62.55,81.13
node/4449837691,24.89,17.39,0.00,5.26,11.73,12.39,18.81,22.55,21.08,20.65,14.21,16.07,22.81,24.01,24.15,35.94,37.88,25.42,22.55,27.06,35.56,25.98,26.24,28.70,31.49,32.90,27.11,25.13,31.86,22.73,29.82,31.49,29.52,31.09,25.22,30.37,30.48,29.58,33.95,33.80,28.66,25.85,32.31,28.84,28.01,29.03,27.14,25.71,29.44,31.50,28.02,29.07,31.15,30.82,26.78,33.30,31.12,29.64,30.18,27.43,33.78,36.32,29.39,26.88,29.25,29.86,33.28,33.82,30.94,34.17,30.04,29.83,30.07,30.23,28.14,37.75,28.85,32.00,34.73,32.43,30.27,32.63,32.37,32.23,33.92,35.07,31.92,32.18,35.20,34.64,32.09,33.41,35.55,35.01,31.33,33.15,34.65,31.39,36.92,35.41,32.13,33.28,39.66,36.52,36.37,31.28,34.87,33.27,34.08,32.01,51.91,36.23,37.21,34.77,38.53,38.07,38.20,40.49,38.10,36.28,35.52,40.06,39.02,38.94,34.26,38.42,38.84,34.10,37.31,37.66,33.90,38.88,41.88,37.58,34.54,36.57,35.62,36.15,37.45,42.02,39.11,35.67,38.53,45.98,41.59,44.97,39.98,40.75,36.99,52.61,38.98,41.53,42.08,43.05,41.42,38.71,44.19,44.12,46.92,49.71,46.53,40.90,41.06,41.96,41.64,42.05,46.84,44.58,44.87,47.20,46.39,48.91,56.95,45.92,52.98,67.01,55.04,56.43,57.88,57.73,57.58,51.97,70.54
way/1497789845,22.02,16.67,6.07,0.00,7.37,9.51,14.37,19.67,16.63,17.41,11.34,13.20,19.93,21.14,21.28,31.49,35.01,22.55,19.68,24.19,32.69,23.11,23.37,25.83,28.62,30.02,24.23,22.26,28.99,19.86,26.94,28.62,26.64,28.22,22.35,27.49,27.60,26.71,31.08,30.92,25.79,22.98,29.43,25.97,25.14,26.16,24.27,22.84,26.57,28.63,25.15,26.20,28.28,27.95,23.91,30.43,28.25,26.77,27.31,24.56,30.91,33.45,26.52,24.01,26.38,26.99,30.41,30.95,28.07,31.30,27.17,26.96,27.20,27.36,25.27,34.88,25.98,29.12,31.86,29.56,27.40,29.75,29.50,29.36,31.05,32.20,29.05,29.31,32.33,31.77,29.22,30.54,32.68,32.14,28.46,30.27,31.78,28.52,34.05,32.54,29.26,30.40,36.79,33.65,33.50,28.41,31.99,30.39,31.21,29.14,49.03,33.36,34.34,31.90,35.66,35.20,35.33,37.62,35.23,33.41,32.65,37.19,36.15,36.07,31.39,35.54,35.97,31.23,34.44,34.79,31.03,36.01,39.01,34.71,31.67,33.70,32.75,33.27,34.57,39.15,36.23,32.80,35.66,43.11,38.72,42.10,37.11,37.88,34.12,49.74,36.11,38.66,39.21,40.18,38.54,35.83,41.32,41.25,44.05,46.83,43.66,38.02,38.19,39.08,38.77,39.18,43.97,41.71,41.99,44.33,43.52,46.04,54.08,43.05,50.11,64.14,52.16,53.56,55.01,54.86,54.70,49.09,67.67
way/301859277,23.30,21.81,11.21,7.06,0.00,6.40,15.50,20.96,17.77,18.54,12.62,14.49,21.22,22.42,22.57,32.63,36.29,23.83,20.96,25.47,33.97,24.40,24.65,27.11,29.90,31.31,25.52,23.54,30.27,21.14,28.23,29.90,27.93,29.50,23.63,28.78,28.89,28.00,32.37,32.21,27.07,24.27,30.72,27.25,26.43,27.44,25.55,24.13,27.86,29.91,26.44,27.48,29.57,29.24,25.19,31.72,29.53,28.06,28.60,25.85,32.19,34.73,27.81,25.29,27.66,28.28,31.70,32.23,29.36,32.58,28.45,28.24,28.48,28.65,26.56,36.16,27.26,30.41,33.15,30.84,28.68,31.04,30.79,30.64,32.33,33.48,30.33,30.59,33.61,33.06,30.50,31.82,33.96,33.42,29.74,31.56,33.07,29.80,35.33,33.82,30.55,31.69,38.08,34.94,34.79,29.70,33.28,31.68,32.49,30.43,50.32,34.65,35.63,33.18,36.95,36.48,36.62,38.90,36.51,34.70,33.93,38.48,37.44,37.35,32.67,36.83,37.25,32.51,35.73,36.08,32.32,37.29,40.30,36.00,32.95,34.98,34.04,34.56,35.86,40.44,37.52,34.09,36.95,44.39,40.00,43.38,38.40,39.17,35.41,51.03,37.39,39.95,40.50,41.47,39.83,37.12,42.61,42.53,45.34,48.12,44.95,39.31,39.48,40.37,40.05,40.47,45.25,42.99,43.28,45.62,44.81,47.33,55.36,44.34,51.40,65.43,53.45,54.84,56.29,56.14,55.99,50.38,68.95
way/759987899,23.27,22.57,11.97,7.91,6.49,0.00,14.13,18.98,16.40,17.18,11.82,14.57,19.88,21.09,21.23,31.26,34.32,22.50,19.00,23.65,32.01,23.06,22.69,25.78,27.94,29.64,23.55,23.62,28.31,21.23,26.26,27.93,26.34,29.58,23.71,28.86,26.92,26.03,32.45,30.24,27.15,24.35,29.67,27.33,26.50,27.52,25.63,24.21,27.94,29.99,26.52,27.56,29.65,29.32,25.27,31.80,29.61,28.14,28.68,25.93,32.27,34.81,27.89,25.37,27.74,28.36,31.78,32.31,29.43,30.62,28.54,28.32,28.56,28.73,26.64,36.24,27.34,30.49,31.18,30.92,28.77,31.12,30.87,30.73,32.41,33.56,30.41,30.67,33.69,33.14,30.58,31.90,34.04,33.51,29.82,31.64,33.15,29.88,35.41,33.90,30.63,31.77,38.16,35.02,34.87,29.78,33.36,31.76,32.58,30.50,50.40,34.73,35.71,33.26,37.02,36.56,36.70,36.93,36.59,34.78,34.01,36.51,35.47,37.43,32.75,36.91,37.33,32.59,35.81,36.16,32.40,37.37,40.38,36.08,33.03,35.06,34.12,34.64,35.94,40.52,37.60,34.17,37.03,42.42,40.08,43.46,38.48,39.25,35.49,51.11,37.47,40.03,38.53,39.50,39.91,37.20,40.64,42.61,45.42,48.20,45.02,39.39,39.56,38.40,40.13,40.55,45.33,43.07,43.36,45.70,44.89,45.36,53.40,44.41,51.48,63.46,53.53,52.88,54.33,54.18,56.07,50.46,66.98
way/1125139659,17.20,29.92,19.32,14.39,16.23,14.24,0.00,9.46,5.67,7.18,13.35,19.32,14.73,15.93,16.08,20.11,25.76,17.34,14.40,18.98,24.28,16.64,17.93,20.18,23.34,24.38,18.96,17.86,23.71,17.39,21.67,23.34,21.25,29.73,19.03,29.01,22.33,21.43,32.60,25.65,27.30,22.30,25.07,23.46,22.36,28.02,26.61,22.56,22.20,26.12,27.49,22.69,25.78,25.45,26.24,31.95,23.87,29.11,23.14,26.98,28.40,30.94,24.85,26.43,25.79,29.33,32.36,26.58,30.02,26.02,26.72,29.38,26.61,26.78,27.61,31.91,28.39,28.54,26.58,28.97,27.60,29.96,29.70,31.78,32.99,31.73,29.25,29.51,34.66,33.72,31.64,30.74,32.16,31.55,30.88,32.61,31.98,30.94,35.56,32.74,31.60,32.83,34.28,33.07,33.70,30.83,32.20,32.82,32.73,31.56,50.55,35.70,35.86,34.23,35.77,35.40,36.85,32.34,35.72,35.57,35.07,31.91,30.88,33.56,33.72,37.06,37.99,33.65,36.78,35.00,33.37,35.73,40.53,37.13,34.00,36.03,35.09,35.61,36.91,40.67,38.66,35.14,38.08,37.83,40.23,43.61,39.53,38.19,36.54,51.26,38.52,41.08,33.93,34.91,40.88,38.25,36.04,42.76,45.57,48.35,45.18,40.45,40.61,33.81,41.19,41.60,45.48,44.04,44.33,46.66,45.86,40.76,48.80,45.38,51.63,58.87,54.59,48.28,49.73,49.58,57.12,51.43,62.39
node/746627029,17.96,32.62,22.02,17.96,19.35,18.95,9.87,0.00,5.21,8.05,9.33,15.30,15.50,16.70,16.84,23.04,28.69,18.11,15.17,19.75,27.21,18.67,18.86,21.39,24.11,25.58,19.72,18.62,24.48,18.16,22.43,24.11,22.02,29.98,19.79,29.26,23.09,22.20,32.85,26.41,27.55,23.07,25.84,24.23,23.12,28.27,27.37,23.32,22.97,26.89,28.25,23.45,26.54,26.21,27.01,32.20,24.64,29.88,23.90,27.75,29.17,31.70,25.62,27.19,26.56,30.09,33.13,27.34,30.78,26.79,27.49,30.14,27.38,27.55,28.37,32.68,29.16,29.31,27.35,29.74,28.37,30.73,30.47,32.55,33.76,32.50,30.02,30.28,35.43,34.48,32.41,31.51,32.92,32.32,31.64,33.38,32.75,31.70,35.81,33.51,32.36,33.59,35.05,33.84,34.47,31.60,32.96,33.58,32.98,32.33,50.80,36.46,36.11,35.00,36.54,36.17,37.10,33.11,36.49,36.34,35.83,32.68,31.64,34.33,34.49,37.31,38.75,34.41,37.55,35.76,34.13,36.49,40.78,37.90,34.77,36.80,35.85,36.38,37.67,40.92,39.42,35.90,38.85,38.60,40.48,43.86,40.30,38.96,37.31,51.51,39.29,41.85,34.70,35.67,41.65,39.02,36.81,43.01,45.82,48.60,45.43,41.21,41.38,34.57,41.95,42.37,45.73,44.81,45.09,47.43,46.62,41.53,49.57,46.15,51.88,59.63,55.35,49.05,50.50,50.35,57.89,52.20,63.16
way/298902402,14.17,32.92,22.32,17.71,19.55,17.55,5.81,5.07,0.00,3.46,9.62,15.60,11.71,12.91,13.05,18.98,24.63,14.32,11.38,15.96,23.15,14.88,15.07,17.60,20.32,21.80,15.93,14.83,20.69,14.37,18.64,20.32,18.23,26.71,16.00,25.99,19.30,18.41,29.58,22.62,24.28,19.28,22.05,20.44,19.33,25.00,23.58,19.53,19.18,23.10,24.46,19.66,22.75,22.42,23.22,28.93,20.85,26.08,20.12,23.96,25.38,27.92,21.83,23.40,22.77,26.30,29.34,23.55,26.99,23.00,23.70,26.36,23.59,23.75,24.58,28.89,25.37,25.52,23.56,25.95,24.58,26.93,26.68,28.76,29.97,28.71,26.23,26.49,31.64,30.70,28.62,27.72,29.13,28.53,27.85,29.58,28.96,27.92,32.54,29.72,28.57,29.80,31.26,30.05,30.68,27.81,29.17,29.79,29.70,28.54,47.53,32.67,32.84,31.21,32.75,32.38,33.83,29.32,32.70,32.55,32.04,28.89,27.85,30.54,30.70,34.04,34.96,30.62,33.76,31.97,30.34,32.70,37.51,34.11,30.98,33.01,32.06,32.59,33.88,37.65,35.63,32.11,35.06,34.81,37.21,40.59,36.51,35.16,33.52,48.23,35.50,38.06,30.91,31.88,37.86,35.23,33.02,39.74,42.54,45.33,42.15,37.42,37.59,30.78,38.16,38.58,42.46,41.02,41.30,43.64,42.83,37.74,45.78,42.36,48.61,55.84,51.56,45.26,46.71,46.56,54.10,48.41,59.37
way/60044139,11.95,30.83,20.23,16.18,17.56,17.12,6.58,6.54,3.02,0.00,7.54,13.51,9.48,10.68,10.83,19.75,24.48,12.09,9.15,13.73,22.16,12.65,12.84,15.37,18.09,19.57,13.71,12.61,18.46,12.14,16.42,18.09,16.00,24.48,13.78,23.76,17.08,16.18,27.35,20.40,22.05,17.05,19.82,18.21,17.11,22.77,21.36,17.31,16.95,20.87,22.24,17.44,20.53,20.20,20.99,26.70,18.62,23.86,17.89,21.73,23.15,25.69,19.60,21.18,20.54,24.08,27.11,21.33,24.77,20.77,21.47,24.13,21.36,21.53,22.36,26.66,23.14,23.29,21.33,23.72,22.35,24.71,24.45,26.53,27.74,26.48,24.00,24.26,29.41,28.47,26.39,25.49,26.91,26.30,25.63,27.36,26.73,25.69,30.31,27.49,26.35,27.57,29.04,27.82,28.45,25.58,26.95,27.57,27.48,26.31,45.30,30.45,30.61,28.98,30.52,30.15,31.60,27.09,30.47,30.32,29.82,26.66,25.63,28.31,28.47,31.81,32.74,28.39,31.54,29.75,28.12,30.48,35.28,31.88,28.75,30.78,29.84,30.36,31.66,35.42,33.41,29.89,32.83,32.58,34.98,38.36,34.28,32.94,31.29,46.01,33.27,35.83,28.68,29.65,35.63,33.00,30.79,37.51,40.32,43.10,39.93,35.20,35.36,28.56,35.94,36.35,40.23,38.79,39.08,41.41,40.61,35.51,43.55,40.13,46.38,53.62,49.34,43.03,44.48,44.33,51.87,46.18,57.14
node/13377797577,13.72,24.87,14.27,10.21,11.60,11.24,13.65,9.63,10.09,7.73,0.00,6.12,10.34,11.54,11.69,26.54,27.84,12.95,12.35,14.59,25.52,13.52,15.10,16.23,21.45,20.43,16.35,14.38,21.82,13.92,18.56,19.37,17.77,22.13,15.55,21.41,19.12,19.38,25.00,23.52,19.70,17.45,23.02,19.99,18.88,20.42,18.74,17.31,18.73,22.65,19.62,19.21,22.30,21.97,18.38,24.35,20.40,21.24,19.67,19.03,24.93,27.46,20.99,18.48,20.85,21.46,24.88,23.10,22.54,24.47,21.64,21.43,21.67,21.83,19.74,28.44,20.45,23.60,25.03,24.03,21.87,24.23,23.97,23.83,25.52,26.67,23.52,23.78,26.80,26.24,23.69,25.01,27.15,26.61,22.93,24.74,26.25,22.99,27.96,27.01,23.73,24.88,30.81,28.12,27.97,22.88,26.46,24.87,25.12,23.61,42.95,27.83,28.25,26.37,30.13,29.67,29.25,30.79,29.70,27.88,27.12,30.36,29.32,30.09,25.86,29.46,30.44,25.70,28.91,29.26,25.50,30.48,32.93,29.18,26.14,28.17,27.22,27.75,29.04,33.07,30.70,27.27,30.13,36.28,32.63,36.01,31.58,32.35,28.59,43.66,30.57,33.13,32.38,33.35,33.02,30.30,34.49,35.16,37.97,40.75,37.57,32.49,32.66,32.25,33.24,33.65,37.88,36.18,36.46,38.80,37.99,39.21,47.25,37.52,44.02,57.31,46.63,46.73,48.18,48.03,49.17,43.57,60.84
node/2061879185,14.62,26.88,16.27,12.22,13.60,13.24,16.74,15.45,15.04,13.21,6.07,0.00,16.16,16.61,16.99,24.48,25.57,17.68,10.24,14.89,23.25,14.71,13.93,17.48,19.18,20.88,14.79,15.29,19.55,13.21,17.50,19.18,17.58,20.43,15.70,19.70,18.16,17.27,23.29,21.48,18.00,16.33,20.91,19.32,18.49,18.71,17.62,16.19,19.63,21.98,18.50,19.54,21.63,21.30,17.25,22.64,21.30,20.12,20.57,17.91,24.25,26.79,19.87,17.35,19.72,20.34,23.76,24.01,21.42,21.86,20.52,20.30,20.54,20.71,18.62,28.22,19.32,22.47,22.42,22.90,20.75,23.10,22.85,22.71,24.39,25.55,22.39,22.65,25.68,25.12,22.57,23.88,26.02,25.49,21.80,23.62,25.13,21.87,26.26,25.88,22.61,23.75,30.14,27.00,26.85,21.76,25.34,23.74,23.42,22.49,41.24,26.71,26.55,25.25,29.01,28.54,27.54,28.18,28.57,26.76,25.99,27.75,26.71,29.41,24.73,27.75,29.32,24.57,27.79,28.14,24.38,29.35,31.22,28.06,25.01,27.04,26.10,26.62,27.92,31.36,29.58,26.15,29.01,33.67,30.93,34.31,30.46,31.23,27.47,41.95,29.45,32.01,29.77,30.74,31.89,29.18,31.88,33.46,36.26,39.04,35.87,31.37,31.54,29.64,32.11,32.53,36.17,35.05,35.34,37.68,36.87,36.60,44.64,36.40,42.32,54.70,45.51,44.12,45.57,45.42,48.05,42.44,58.23
node/10266409318,15.11,33.29,22.69,18.63,20.02,19.62,15.18,16.88,13.48,11.65,10.69,16.49,0.00,3.48,4.10,19.17,20.25,5.36,11.12,7.18,17.93,5.93,7.51,8.65,13.87,12.84,11.07,15.77,14.24,15.31,10.97,11.78,15.18,26.83,16.94,26.11,14.81,11.80,29.70,15.93,24.40,20.21,15.43,16.88,19.48,25.12,24.52,20.47,20.12,20.93,25.40,20.60,20.46,21.67,24.16,29.05,21.79,27.02,21.05,24.89,19.73,22.36,22.77,24.34,23.71,27.24,30.27,24.28,27.93,16.88,24.64,27.29,24.53,24.69,25.52,24.93,26.31,26.45,17.44,26.89,25.52,27.87,27.62,29.70,30.91,29.65,27.17,27.43,32.58,31.63,29.55,28.65,30.07,29.47,28.79,30.52,29.90,28.85,32.66,30.65,29.51,30.74,26.34,30.98,31.62,28.75,30.11,30.73,29.83,29.48,47.65,33.61,32.96,32.15,33.69,33.32,33.95,23.20,33.64,33.48,32.98,22.77,21.74,26.63,31.64,34.16,35.90,31.56,34.70,32.91,31.28,28.80,37.63,35.05,31.92,33.95,33.00,33.52,34.82,37.77,36.57,33.05,36.00,28.69,37.33,40.71,36.52,35.01,34.46,48.36,36.44,39.00,24.80,25.77,38.79,36.17,26.90,39.86,42.67,45.45,42.28,38.36,38.53,24.67,39.10,39.52,42.58,41.96,42.24,44.58,43.77,31.62,39.66,43.17,48.73,49.73,51.45,39.14,40.59,40.44,53.99,49.22,53.25
node/1112015371,14.04,35.68,25.08,21.02,22.41,22.01,17.57,19.27,15.87,14.04,13.08,18.63,2.66,0.00,3.38,18.80,19.88,4.99,9.94,4.09,17.56,5.56,7.14,8.27,13.49,12.47,10.70,15.44,13.86,15.98,10.60,11.41,13.57,28.98,16.19,28.25,14.15,11.43,31.84,15.56,26.54,20.88,15.06,16.51,17.90,26.69,24.85,20.80,19.34,20.56,25.73,21.27,20.08,21.12,24.49,31.19,22.46,27.35,21.72,25.23,19.36,21.98,23.44,24.67,24.38,27.57,30.95,23.91,28.60,16.51,25.31,27.62,25.20,25.36,25.85,24.55,26.64,27.12,17.07,27.56,26.19,28.54,28.29,30.02,31.58,30.32,27.48,28.04,32.91,32.30,29.88,29.27,30.74,30.14,29.12,30.85,30.51,29.18,34.80,31.27,29.84,31.07,25.96,31.65,31.93,29.08,30.72,31.06,31.97,29.80,49.79,33.94,35.10,32.48,34.36,33.92,36.09,22.83,34.31,34.08,33.31,22.40,21.36,26.26,31.97,36.30,36.57,31.89,35.11,33.53,31.61,28.43,39.77,35.38,32.25,34.28,33.33,33.85,35.15,39.91,36.90,33.38,36.33,28.32,39.47,42.85,36.15,34.63,34.79,50.50,36.77,39.33,24.42,25.39,39.12,36.50,26.53,42.00,44.81,47.59,44.42,38.69,38.86,24.29,39.43,39.85,44.72,42.29,42.57,44.91,44.10,31.25,39.29,43.63,50.87,49.35,51.08,38.77,40.22,40.07,53.62,49.67,52.88
node/2599542242,14.97,33.88,23.28,19.23,20.61,20.21,15.77,17.47,14.07,12.24,11.28,17.08,3.94,2.92,0.00,17.43,18.51,3.62,10.80,5.16,16.19,4.18,5.77,6.90,12.12,11.10,9.32,16.36,12.49,15.90,9.22,10.03,14.61,27.43,17.53,26.70,13.07,10.05,30.29,14.19,24.99,20.81,13.69,15.13,17.73,25.71,23.48,19.43,19.17,19.18,24.36,20.50,18.71,19.92,23.12,29.64,21.69,25.98,20.96,23.85,17.99,20.61,22.67,23.30,23.61,26.20,30.39,22.54,28.52,15.13,24.54,26.25,24.43,24.60,24.48,23.18,25.27,26.36,15.70,26.79,25.42,27.78,27.52,28.65,31.71,29.55,26.11,26.66,31.54,32.23,28.51,27.89,29.98,29.37,27.75,29.48,29.14,27.81,33.26,29.89,28.47,29.70,24.59,30.89,30.56,27.70,29.35,29.69,30.42,28.43,48.24,32.57,33.55,31.11,33.02,32.55,34.54,21.45,33.54,32.70,31.94,21.03,19.99,24.89,30.60,34.75,35.26,30.52,33.73,32.15,30.24,27.05,38.22,34.00,30.87,32.90,31.96,32.48,33.78,38.36,35.53,32.01,34.95,26.94,37.92,41.30,34.78,33.26,33.41,48.95,35.40,37.95,23.05,24.02,37.75,35.12,25.16,40.46,43.26,46.04,42.87,37.32,37.48,22.92,38.06,38.47,43.17,40.91,41.20,43.54,42.73,29.88,37.91,42.26,49.32,47.98,49.70,37.40,38.85,38.70,52.24,48.30,51.50
node/10792703614,22.42,45.47,34.87,30.82,32.20,31.79,19.08,21.90,18.10,19.62,22.87,26.15,19.05,18.21,16.76,0.00,9.51,18.91,17.46,19.86,7.31,14.97,16.42,13.67,9.04,11.17,17.71,22.51,7.40,20.89,14.31,12.31,20.07,35.33,21.95,34.60,14.50,10.82,38.19,10.77,33.49,22.89,14.46,14.84,17.76,30.43,25.49,21.45,19.20,18.89,26.38,22.52,18.41,20.29,25.13,37.00,22.48,28.00,22.66,25.87,17.69,21.97,24.63,25.32,25.63,28.21,32.41,22.24,32.35,17.58,26.56,28.27,26.45,26.61,26.50,22.88,27.28,28.38,18.15,28.81,26.14,28.78,28.86,30.67,33.73,29.26,25.81,26.37,33.55,34.86,30.53,27.60,29.73,30.97,29.77,31.50,28.84,29.83,37.32,29.60,30.48,31.71,25.17,30.91,30.27,29.72,29.05,31.70,36.91,30.45,52.84,34.59,40.04,33.12,32.72,32.26,37.27,23.90,34.19,34.72,33.95,23.48,22.44,24.59,32.61,41.24,35.41,32.53,35.75,31.86,32.25,26.76,42.03,36.02,32.89,34.92,33.98,34.50,35.80,42.17,37.54,34.02,35.35,29.39,43.23,45.11,34.48,32.97,35.43,52.76,37.41,39.97,25.50,26.47,39.77,37.14,27.61,44.15,47.07,49.85,46.67,38.13,38.16,25.37,40.08,40.49,49.66,42.93,43.22,45.55,44.74,32.33,40.37,44.27,51.76,49.98,49.41,39.85,41.30,41.14,51.95,50.32,53.95
way/1050768070,24.61,47.66,37.07,33.01,34.39,33.99,25.09,27.91,24.11,25.15,25.07,28.35,21.25,20.41,18.95,9.50,0.00,21.10,19.65,22.05,7.11,17.23,18.61,15.86,11.23,14.02,19.91,24.70,9.59,23.08,16.50,14.50,22.26,37.52,24.14,36.79,16.70,13.01,40.38,12.96,35.68,25.08,16.65,17.03,19.95,32.62,27.68,23.64,21.39,21.08,28.57,24.71,20.61,22.48,27.32,39.19,24.67,30.19,24.85,28.06,19.88,24.16,26.82,27.51,27.82,30.41,34.60,24.43,34.54,19.77,28.75,30.46,28.64,28.80,28.69,25.07,29.48,30.57,20.34,31.00,28.33,30.97,31.05,32.86,35.92,31.45,28.00,28.56,35.74,37.05,32.72,29.79,31.93,33.16,31.96,33.69,31.03,32.02,39.51,31.79,32.68,33.91,27.36,33.10,32.46,31.91,31.24,33.90,39.10,32.64,55.03,36.78,42.23,35.31,34.91,34.45,39.46,26.10,36.38,36.91,36.15,25.67,24.63,26.78,34.80,43.43,37.60,34.73,37.94,34.05,34.45,28.95,44.22,38.21,35.08,37.11,36.17,36.69,37.99,44.36,39.73,36.22,37.54,31.58,45.43,47.30,36.67,35.16,37.62,54.95,39.61,42.16,27.69,28.66,41.96,39.33,29.80,46.34,49.26,52.04,48.87,40.33,40.35,27.56,42.27,42.68,51.85,45.12,45.41,47.74,46.94,34.52,40.11,46.47,53.95,43.35,51.60,42.04,43.49,43.34,54.14,52.51,56.14
way/1173781965,14.09,37.66,27.06,23.00,24.38,23.98,17.83,20.65,16.85,15.42,15.06,18.62,6.40,5.39,5.49,17.27,18.35,0.00,9.93,4.22,16.03,3.30,4.89,6.74,11.96,10.94,8.44,15.50,12.33,16.04,9.07,9.88,13.73,28.96,16.83,28.24,12.19,9.89,31.83,14.03,26.53,20.00,13.53,14.58,16.85,26.75,22.60,18.55,18.29,19.03,23.48,19.62,18.55,19.04,22.23,31.18,20.81,25.10,20.08,22.97,17.83,20.45,21.79,22.42,22.73,25.32,29.52,22.38,28.66,14.97,23.66,25.37,23.55,23.72,23.60,23.02,24.39,25.48,15.54,25.91,24.54,26.90,26.64,27.77,30.83,28.67,25.95,26.45,30.65,31.97,27.63,27.68,29.10,28.49,26.87,28.60,28.92,26.93,34.42,29.68,27.59,28.82,24.43,30.01,30.40,26.82,29.13,28.81,31.95,27.55,49.95,31.69,35.09,30.23,32.71,32.34,34.37,21.30,32.66,31.82,31.06,20.87,19.83,24.73,29.71,36.29,34.38,29.64,32.85,31.93,29.36,26.89,39.13,33.12,29.99,32.02,31.08,31.60,32.90,39.27,34.65,31.13,34.07,26.79,39.46,42.21,34.62,33.10,32.53,49.86,34.52,37.07,22.89,23.86,36.87,34.24,25.00,41.25,44.17,46.95,43.78,36.44,36.60,22.76,37.18,37.59,44.71,40.03,40.32,42.66,41.85,29.72,37.76,41.38,48.86,47.82,49.54,37.24,38.69,38.54,52.08,47.42,51.34
way/1156068846,11.52,32.26,21.66,17.60,18.99,18.59,13.28,14.98,11.58,9.75,9.66,13.42,9.55,10.16,10.54,18.03,19.11,11.22,0.00,8.43,16.79,8.25,7.47,11.02,12.72,14.43,8.34,12.18,13.09,11.72,11.05,12.72,11.13,23.77,13.35,23.04,11.71,10.81,26.63,15.03,21.33,16.62,14.45,14.10,15.46,22.05,20.93,16.88,16.52,18.81,21.81,17.01,19.01,18.68,20.57,25.98,18.20,23.43,17.46,21.30,18.75,20.88,19.18,20.75,20.12,23.65,26.68,20.90,24.34,15.40,21.05,23.70,20.93,21.10,21.93,23.94,22.72,22.86,15.96,23.30,21.93,24.28,24.03,26.10,27.32,26.06,23.57,23.83,28.99,28.04,25.96,25.06,26.48,25.88,25.20,26.93,26.31,25.26,29.60,27.06,25.92,27.15,24.86,27.39,28.03,25.15,26.52,27.14,26.76,25.88,44.58,30.02,29.89,28.56,30.10,29.72,30.88,21.72,30.05,29.89,29.39,21.29,20.26,25.65,28.05,31.10,32.31,27.97,31.11,29.32,27.69,27.82,34.56,31.45,28.32,30.36,29.41,29.93,31.23,34.70,32.98,29.46,32.41,27.21,34.27,37.65,33.86,32.51,30.87,45.29,32.85,35.41,23.32,24.29,35.20,32.58,25.42,36.80,39.60,42.38,39.21,34.77,34.93,23.19,35.51,35.92,39.52,38.37,38.65,40.99,40.18,30.14,38.18,39.71,45.66,48.24,48.91,37.66,39.11,38.96,51.45,45.75,51.77
node/1092878580,12.43,36.34,25.74,21.68,23.07,22.67,17.36,19.06,15.66,13.83,13.74,17.02,6.74,4.82,6.14,21.01,22.09,6.11,8.33,0.00,19.77,7.59,6.06,10.49,15.71,14.68,9.77,13.84,16.08,14.37,12.81,13.62,11.96,27.37,14.58,26.64,12.54,13.64,30.23,17.77,24.93,19.28,17.20,14.93,16.29,25.08,23.58,19.54,17.73,19.65,24.47,19.67,19.85,19.52,23.22,29.58,20.85,26.09,20.12,23.96,19.96,24.11,21.83,23.40,22.77,26.30,29.34,23.55,27.00,18.63,23.70,26.36,23.59,23.76,24.58,25.15,25.37,25.52,19.20,25.95,24.58,26.94,26.68,28.76,29.97,28.71,26.23,26.49,31.64,30.70,28.62,27.72,29.14,28.53,27.86,29.59,28.96,27.92,33.20,29.72,28.57,29.80,27.44,30.05,30.68,27.81,29.18,29.79,30.36,28.54,48.18,32.67,33.49,31.21,32.75,32.38,34.48,24.95,32.70,32.55,32.05,24.53,23.49,27.01,30.70,34.70,34.97,30.62,33.76,31.98,30.34,29.17,38.16,34.11,30.98,33.01,32.07,32.59,33.89,38.30,35.63,32.12,35.06,30.45,37.87,41.25,36.51,35.17,33.52,48.89,35.50,38.06,26.55,27.52,37.86,35.23,28.66,40.40,43.20,45.98,42.81,37.42,37.59,26.42,38.16,38.58,43.12,41.02,41.31,43.64,42.84,33.38,41.42,42.36,49.26,51.48,51.56,40.90,42.35,42.20,54.10,48.41,55.01
node/13192600286,21.21,44.27,33.67,29.61,31.00,30.60,23.80,26.61,22.82,21.76,21.67,24.95,17.85,17.01,15.55,6.22,7.38,17.71,16.26,18.65,0.00,13.83,15.22,12.47,7.83,10.45,16.51,21.31,6.20,19.69,13.10,11.11,18.86,34.12,20.75,33.40,13.30,9.62,36.99,9.57,32.29,21.69,13.25,13.63,16.56,29.23,24.29,20.24,18.00,17.68,25.17,21.32,17.21,19.09,23.93,35.79,21.27,26.79,21.45,24.67,16.49,20.77,23.43,24.11,24.42,27.01,31.21,21.04,31.14,16.38,25.36,27.06,25.24,25.41,25.29,21.68,26.08,27.17,16.94,27.60,24.93,27.58,27.65,29.46,32.52,28.05,24.61,25.16,32.35,33.66,29.32,26.39,28.53,29.76,28.56,30.29,27.64,28.62,36.11,28.39,29.28,30.51,23.97,29.70,29.06,28.52,27.85,30.50,35.70,29.25,51.64,33.38,38.84,31.92,31.52,31.05,36.06,22.70,32.99,33.52,32.75,22.27,21.24,23.39,31.41,40.04,34.20,31.33,34.55,30.65,31.05,25.55,40.82,34.82,31.69,33.72,32.77,33.30,34.59,40.96,36.34,32.82,34.15,28.19,42.03,43.91,33.28,31.76,34.23,51.55,36.21,38.77,24.30,25.27,38.57,35.94,26.40,42.95,45.86,48.64,45.47,36.93,36.96,24.17,38.87,39.29,48.46,41.73,42.01,44.35,43.54,31.12,39.16,43.07,50.55,48.78,48.20,38.64,40.09,39.94,50.74,49.12,52.75
node/11401552485,13.83,37.00,26.40,22.34,23.72,23.32,17.15,19.96,16.17,15.16,14.40,18.35,7.22,6.39,4.93,16.24,17.32,6.47,9.66,7.90,15.01,0.00,4.62,5.10,10.94,9.29,8.18,15.24,11.31,15.77,8.04,8.85,13.47,28.70,16.56,27.97,11.92,8.87,31.56,13.00,26.27,18.24,12.50,13.95,15.10,26.29,20.85,16.80,16.53,18.00,21.73,17.87,17.53,17.29,20.48,30.91,19.06,23.35,18.32,21.22,16.81,19.43,20.04,20.67,20.98,23.57,27.76,21.27,28.39,13.95,21.91,23.62,21.80,21.96,21.85,22.00,22.63,23.73,14.51,24.16,22.79,25.14,24.89,26.02,29.08,26.92,24.44,24.70,28.90,30.21,25.88,25.93,27.35,26.74,25.12,26.85,27.17,25.18,32.67,27.93,25.84,27.07,23.41,28.25,28.89,25.07,27.38,27.05,31.69,25.80,48.20,29.94,34.82,28.47,30.96,30.59,32.62,20.27,30.91,30.07,29.31,19.85,18.81,23.70,27.96,36.02,32.63,27.88,31.10,30.18,27.61,25.87,37.38,31.37,28.24,30.27,29.33,29.85,31.15,37.52,32.90,29.38,32.32,25.76,38.59,40.46,33.59,32.08,30.78,48.11,32.77,35.32,21.87,22.84,35.12,32.49,23.98,39.50,42.42,45.20,42.02,34.68,34.85,21.74,35.43,35.84,44.45,38.28,38.57,40.91,40.10,28.70,36.73,39.62,47.11,46.80,48.52,36.22,37.66,37.51,51.06,45.67,50.32
node/2631338026,11.72,35.57,24.96,20.91,22.29,21.89,16.58,18.28,14.88,13.05,12.96,16.25,8.10,7.09,6.65,17.13,18.21,5.89,7.56,5.06,15.90,4.37,0.00,7.90,11.83,12.10,6.07,13.13,12.20,13.66,9.96,11.63,11.36,26.59,14.46,25.87,9.82,9.92,29.46,14.13,24.16,18.57,13.55,12.21,14.59,24.38,21.43,17.38,16.03,16.92,22.32,18.46,17.96,17.88,21.07,28.80,19.65,23.94,18.91,21.81,17.24,19.98,20.63,21.25,21.57,24.15,28.35,21.79,26.29,14.50,22.50,24.21,22.39,22.55,22.43,22.43,23.22,24.32,15.07,24.75,23.38,25.73,25.48,26.61,29.27,27.51,25.02,25.29,29.49,29.99,26.47,26.52,27.93,27.33,25.70,27.44,27.76,25.77,32.42,28.52,26.43,27.65,23.96,28.84,29.48,25.66,27.97,27.64,29.58,26.39,47.41,30.52,32.72,29.06,31.55,31.18,33.20,20.82,31.50,30.66,29.89,20.40,19.36,24.28,28.55,33.92,33.22,28.47,31.69,30.77,28.19,26.45,37.39,31.96,28.83,30.86,29.92,30.44,31.74,37.53,33.48,29.96,32.91,26.32,37.09,40.47,34.17,32.66,31.37,48.12,33.35,35.91,22.42,23.39,35.71,33.08,24.53,39.62,42.42,45.21,42.03,35.27,35.44,22.29,36.02,36.43,42.34,38.87,39.16,41.49,40.68,29.25,37.29,40.21,47.70,47.35,49.10,36.77,38.22,38.07,51.64,46.26,50.88
way/418665227,16.84,39.21,28.61,24.55,25.94,25.54,20.20,21.93,18.53,16.70,16.61,19.89,9.63,8.79,7.33,15.21,16.81,9.49,11.20,10.92,14.50,5.61,7.65,0.00,10.43,5.38,11.19,18.24,8.68,18.78,7.31,6.64,16.48,30.24,19.57,29.51,10.93,8.52,33.10,12.73,27.80,20.70,12.15,13.60,16.53,28.52,23.30,19.25,17.96,17.65,24.19,20.33,17.18,19.06,22.94,32.45,21.24,25.81,20.78,23.68,16.46,18.70,22.50,23.12,23.44,26.02,30.22,21.00,30.91,13.22,24.37,26.08,24.26,24.42,24.30,21.65,25.09,26.18,13.79,26.62,24.90,27.55,27.35,28.48,31.54,28.02,24.57,25.13,31.36,32.67,28.34,26.36,28.50,29.20,27.57,29.31,27.61,27.64,35.13,28.36,28.30,29.52,22.68,29.67,29.03,27.53,27.82,29.51,33.23,28.26,50.65,32.40,36.36,30.93,31.48,31.02,35.08,19.54,32.95,32.53,31.77,19.12,18.08,23.36,30.42,37.57,34.17,30.34,33.56,30.62,30.06,25.52,39.84,33.83,30.70,32.73,31.79,32.31,33.61,39.98,35.35,31.83,34.12,25.03,40.74,42.92,33.24,31.73,33.24,50.57,35.22,37.78,21.14,22.11,37.58,34.95,23.25,41.96,44.88,47.66,44.48,36.90,36.93,21.01,37.88,38.30,45.98,40.74,41.03,43.36,42.55,27.96,36.00,42.08,49.57,46.07,48.17,35.48,36.93,36.78,50.71,48.13,49.59
node/2905961116,21.52,44.58,33.98,29.92,31.30,30.90,24.53,27.29,23.55,22.06,21.98,25.26,18.16,17.32,15.86,6.04,7.12,18.02,16.57,18.96,4.80,14.14,15.53,12.78,0.00,10.27,16.82,21.62,6.50,20.00,13.41,11.41,19.17,34.43,21.05,33.71,13.61,9.92,37.30,9.87,32.59,22.00,13.56,13.94,16.86,29.54,24.60,20.55,18.30,17.99,25.48,21.62,17.52,19.39,24.23,36.10,21.58,27.10,21.76,24.97,16.80,21.07,23.73,24.42,24.73,27.32,31.52,21.34,31.45,16.69,25.66,27.37,25.55,25.72,25.60,21.98,26.39,27.48,17.25,27.91,25.24,27.88,27.96,29.77,32.83,28.36,24.91,25.47,32.66,33.97,29.63,26.70,28.84,30.07,28.87,30.60,27.94,28.93,36.42,28.70,29.59,30.82,24.27,30.01,29.37,28.82,28.15,30.81,36.01,29.55,51.95,33.69,39.14,32.23,31.82,31.36,36.37,23.01,33.29,33.83,33.06,22.58,21.54,23.69,31.71,40.34,34.51,31.64,34.85,30.96,31.36,25.86,41.13,35.12,31.99,34.02,33.08,33.60,34.90,41.27,36.65,33.13,34.46,28.50,42.34,44.21,33.58,32.07,34.53,51.86,36.52,39.07,24.60,25.57,38.87,36.24,26.71,43.25,46.17,48.95,45.78,37.24,37.27,24.47,39.18,39.59,48.77,42.03,42.32,44.66,43.85,31.43,39.47,43.38,50.86,49.08,48.51,38.95,40.40,40.25,51.05,49.42,53.06
node/2784089953,18.55,40.93,30.33,26.27,27.65,27.25,21.95,23.64,20.25,18.42,18.33,21.61,11.58,10.74,9.28,12.51,14.84,11.44,12.92,12.87,12.45,7.56,9.60,4.05,8.46,0.00,12.90,19.96,5.42,20.50,9.03,6.24,18.19,31.95,21.29,31.23,12.64,10.24,34.82,10.19,29.52,22.42,13.50,15.32,18.24,30.24,25.02,20.97,19.68,19.37,25.90,22.05,18.89,20.77,24.66,34.17,22.96,27.52,22.50,25.39,18.17,20.42,24.21,24.84,25.15,27.74,31.94,22.72,32.62,14.94,26.08,27.79,25.97,26.14,26.02,23.36,26.81,27.90,15.50,28.33,26.62,29.26,29.07,30.20,33.25,29.74,26.29,26.85,33.08,34.39,30.05,28.08,30.22,30.92,29.29,31.02,29.32,29.35,36.84,30.08,30.01,31.24,24.40,31.39,30.75,29.25,29.53,31.23,34.95,29.98,52.37,34.11,38.08,32.65,33.20,32.74,36.79,21.26,34.67,34.25,33.48,20.83,19.80,25.07,32.14,39.28,35.89,32.06,35.28,32.34,31.78,27.24,41.55,35.55,32.42,34.45,33.50,34.02,35.32,41.69,37.07,33.55,35.83,26.75,42.45,44.64,34.96,33.45,34.96,52.28,36.94,39.50,22.85,23.82,39.29,36.67,24.96,43.67,46.59,49.37,46.20,38.62,38.64,22.73,39.60,40.02,47.70,42.46,42.74,45.08,44.27,29.68,37.72,43.80,51.28,47.78,49.89,37.20,38.65,38.50,52.43,49.84,51.31
way/431072075,9.82,36.80,26.20,22.14,23.52,23.12,17.82,19.52,16.12,14.29,14.20,17.48,11.37,10.53,9.07,17.93,19.02,9.76,8.79,9.64,16.70,6.79,6.01,10.32,12.63,14.14,0.00,11.23,13.00,11.77,8.71,12.43,7.14,27.82,11.49,27.10,6.03,10.72,30.69,14.94,25.39,16.67,10.68,8.42,10.80,22.48,19.36,15.31,12.24,13.13,20.25,16.39,14.17,14.03,19.00,29.04,16.10,21.87,16.30,19.74,13.45,17.87,18.27,19.18,19.50,22.08,26.28,17.99,24.39,15.31,20.43,22.13,20.32,20.48,20.36,18.63,21.15,22.24,15.87,22.68,21.31,23.66,23.41,24.54,27.59,25.01,21.56,22.12,27.42,28.09,24.39,23.35,25.49,25.26,23.63,25.37,24.59,23.70,31.18,25.35,24.35,25.58,20.92,26.66,26.02,23.59,24.80,25.57,28.95,24.32,46.71,28.45,32.08,26.99,28.47,28.01,31.13,21.63,29.43,28.59,27.82,21.20,20.17,20.49,26.48,33.28,31.14,26.40,29.62,27.61,26.12,22.66,35.89,29.89,26.76,28.79,27.84,28.37,29.67,36.03,31.41,27.89,30.84,27.12,36.46,38.98,30.38,28.87,29.30,46.62,31.28,33.84,23.22,24.19,33.64,31.01,25.33,38.02,40.93,43.72,40.54,33.20,33.37,23.10,33.94,34.36,41.71,36.80,37.09,39.42,38.61,30.05,38.09,38.14,45.62,48.15,45.31,37.57,39.02,38.87,47.84,44.19,51.68
node/13457640691,2.21,34.62,24.02,19.97,21.35,20.99,15.47,17.17,13.77,11.94,12.22,13.51,13.11,14.31,14.46,22.78,23.86,15.72,10.31,12.83,21.55,13.95,13.17,17.48,17.48,20.92,9.95,0.00,18.38,4.28,15.41,18.82,8.16,21.45,3.87,20.73,12.73,16.76,24.32,20.31,18.87,9.35,15.02,10.91,10.06,15.25,14.30,10.65,10.29,14.21,15.58,10.78,13.62,13.29,14.33,21.81,11.96,17.20,11.23,15.07,16.24,19.03,12.94,14.51,13.88,17.42,19.50,14.66,17.16,21.43,14.81,17.47,14.70,14.87,15.70,20.00,16.48,16.63,22.12,17.06,15.69,18.05,17.79,19.87,20.14,19.82,17.34,17.60,22.63,20.86,19.73,18.83,20.25,19.64,18.96,20.70,20.07,19.03,24.10,20.83,19.68,20.91,22.37,21.16,21.79,18.92,20.29,20.90,21.72,19.65,40.34,23.79,24.85,22.32,23.86,23.49,25.84,24.67,23.81,23.66,23.15,23.88,22.73,21.65,21.81,26.05,26.07,21.73,24.87,23.08,21.45,23.82,29.52,25.22,22.09,24.12,23.18,23.70,25.00,29.66,26.74,23.23,26.17,29.71,29.23,32.61,27.62,26.28,24.63,40.25,26.61,29.17,28.85,29.82,28.97,26.34,30.95,31.76,34.56,37.34,34.17,28.53,28.70,28.72,29.27,29.69,34.48,32.13,32.42,34.75,33.95,35.67,43.71,33.47,40.62,53.78,42.67,43.20,44.64,44.49,45.21,39.52,57.30
way/471722581,18.51,40.62,30.02,25.96,27.34,26.95,21.64,23.33,19.94,18.11,18.02,21.30,14.20,13.36,11.90,8.96,10.04,14.06,12.61,15.00,7.72,10.18,11.57,8.25,3.65,4.78,12.86,18.72,0.00,17.10,9.45,6.67,16.28,31.54,18.16,30.81,10.33,5.96,34.40,5.38,29.21,19.10,9.60,11.05,13.97,26.64,21.70,17.65,15.41,15.10,22.59,18.73,14.62,16.50,21.34,33.21,18.69,24.21,18.87,22.08,13.90,17.88,20.84,21.52,21.84,24.43,28.62,18.45,28.56,12.73,22.77,24.48,22.66,22.82,22.70,19.09,23.49,24.58,13.29,25.02,22.35,24.99,25.07,26.88,29.93,25.47,22.02,22.58,29.76,31.07,26.74,23.80,25.95,27.18,25.98,27.71,25.05,26.04,33.53,25.80,26.70,27.92,21.38,27.12,26.48,25.93,25.26,27.91,33.12,26.66,49.05,30.80,36.25,29.33,28.93,28.46,33.48,19.05,30.40,30.93,30.17,18.62,17.58,20.80,28.82,37.45,31.62,28.74,31.96,28.07,28.46,22.97,38.24,32.23,29.10,31.13,30.18,30.71,32.01,38.38,33.75,30.23,31.56,24.54,39.45,41.32,30.69,29.18,31.64,48.97,33.62,36.18,20.64,21.61,35.98,33.35,22.75,40.36,43.27,46.06,42.88,34.34,34.37,20.52,36.28,36.70,45.87,39.14,39.43,41.76,40.96,27.47,35.51,40.48,47.97,44.59,45.62,34.99,36.44,36.29,48.16,46.53,49.10
node/12587586255,5.16,33.09,22.49,18.43,19.82,19.46,18.45,20.15,16.75,14.92,13.12,11.98,16.10,17.30,17.44,21.16,22.24,18.71,13.18,15.88,19.92,17.00,16.22,18.54,15.85,21.18,13.00,4.67,16.76,0.00,16.87,17.20,9.79,20.67,5.49,19.94,14.17,15.14,23.53,18.69,18.08,6.66,13.40,9.93,9.10,14.46,13.51,9.92,9.56,12.59,14.85,10.05,12.24,11.91,13.60,21.02,11.24,16.47,10.50,14.34,14.87,17.40,12.21,13.79,13.15,16.69,18.71,13.94,16.37,19.81,14.09,16.74,13.97,14.14,14.97,19.27,15.76,15.90,20.49,16.33,14.96,17.32,17.07,19.14,19.35,19.10,16.61,16.87,21.84,20.07,19.00,18.10,19.52,18.92,18.24,19.97,19.35,18.30,23.31,20.10,18.96,20.19,20.75,20.43,21.07,18.19,19.56,20.18,20.93,18.92,39.55,23.06,24.06,21.60,23.14,22.76,25.05,23.05,23.08,22.93,22.43,22.26,21.11,20.03,21.08,25.27,25.35,21.01,24.15,22.36,20.73,22.19,28.73,24.49,21.36,23.39,22.45,22.97,24.27,28.88,26.02,22.50,25.44,28.09,28.44,31.82,26.89,25.55,23.90,39.46,25.89,28.44,27.23,28.20,28.24,25.62,29.33,30.97,33.77,36.55,33.38,27.81,27.97,27.10,28.55,28.96,33.69,31.40,31.69,34.03,33.22,34.05,42.09,32.75,39.83,52.16,41.95,41.57,43.02,42.87,44.48,38.79,55.68
way/502841208,14.53,39.14,28.54,24.48,25.87,25.47,20.16,21.86,18.46,16.63,16.54,19.82,12.01,11.18,9.72,15.10,16.18,11.87,11.13,13.26,13.87,7.99,9.82,6.63,9.80,10.04,9.46,15.94,10.17,16.48,0.00,7.04,11.14,30.17,15.49,29.45,4.08,7.89,33.03,12.10,27.74,18.91,9.14,10.85,13.78,26.45,21.51,17.46,15.21,14.90,22.39,18.54,14.28,16.16,21.15,32.38,18.49,24.01,18.67,21.88,13.56,17.98,20.65,21.33,21.64,24.23,28.43,18.11,28.36,12.59,22.57,24.28,22.46,22.63,22.51,18.75,23.30,24.39,13.15,24.82,22.00,24.65,24.72,26.68,29.74,25.12,21.68,22.23,29.57,30.88,26.54,23.46,25.60,26.83,25.78,27.51,24.71,25.84,33.33,25.46,26.50,27.73,21.04,26.77,26.13,25.73,24.92,27.72,32.92,26.46,48.86,30.60,36.05,29.14,28.59,28.12,33.28,18.91,30.06,30.74,29.97,18.48,17.45,20.61,28.63,37.26,31.27,28.55,31.77,27.73,28.27,22.77,38.04,32.03,28.90,30.93,29.99,30.51,31.81,38.18,33.56,30.04,31.37,24.40,39.25,41.12,30.50,28.98,31.45,48.77,33.43,35.98,20.51,21.48,35.78,33.16,22.62,40.16,43.08,45.86,42.69,34.15,34.18,20.38,36.09,36.51,45.68,38.95,39.23,41.57,40.76,27.33,35.37,40.29,47.77,45.44,45.42,34.86,36.30,36.15,47.96,46.33,48.96
node/1511622328,15.62,37.99,27.39,23.34,24.72,24.32,19.01,20.71,17.31,15.48,15.40,18.68,9.54,8.70,7.24,13.14,14.22,9.40,9.99,10.83,11.90,5.52,7.56,4.16,7.83,6.71,9.97,17.03,5.99,16.90,6.10,0.00,15.26,29.02,17.96,28.30,8.43,5.76,31.89,9.90,26.59,18.90,8.92,10.85,13.77,26.44,21.50,17.45,15.21,14.90,22.39,18.53,14.42,16.30,21.14,31.23,18.49,24.01,18.67,21.88,13.70,16.85,20.64,21.32,21.64,24.23,28.42,18.25,28.36,11.37,22.57,24.28,22.46,22.62,22.50,18.89,23.29,24.38,11.94,24.82,22.15,24.79,24.87,26.68,29.73,25.27,21.82,22.38,29.56,30.87,26.54,23.61,25.75,26.98,25.77,27.51,24.85,25.84,33.33,25.61,26.50,27.72,20.83,26.92,26.27,25.73,25.06,27.71,32.01,26.46,48.85,30.60,35.14,29.13,28.73,28.27,33.27,17.69,30.20,30.73,29.96,17.27,16.23,20.60,28.62,36.35,31.42,28.54,31.76,27.87,28.26,22.77,38.04,32.03,28.90,30.93,29.98,30.51,31.81,38.18,33.55,30.04,31.36,23.18,39.24,41.12,30.49,28.98,31.44,48.77,33.42,35.98,19.29,20.26,35.78,33.15,21.40,40.16,43.08,45.86,42.68,34.14,34.17,19.16,36.09,36.50,44.77,38.94,39.23,41.56,40.76,26.12,34.16,40.28,47.77,44.22,45.42,33.64,35.09,34.93,47.96,46.33,47.74
node/2613719490,8.06,39.80,29.20,25.14,26.53,26.13,20.82,22.52,19.12,17.29,17.20,18.92,13.71,13.02,14.46,20.07,21.15,14.90,11.79,11.29,18.83,12.41,11.63,15.94,14.76,19.38,6.91,9.21,15.66,10.82,11.29,16.10,0.00,26.37,7.59,25.65,8.60,14.04,29.24,17.60,23.98,13.94,12.30,6.28,7.98,20.36,16.54,12.49,9.41,10.99,17.42,13.57,11.53,11.20,16.18,26.93,13.27,19.04,13.48,16.91,14.15,16.50,15.45,16.36,16.67,19.26,23.46,15.18,22.27,18.91,17.60,19.31,17.49,17.66,17.54,19.17,18.33,19.42,19.59,19.85,18.48,20.84,20.58,21.71,24.77,22.61,20.13,20.39,24.60,25.91,21.57,21.62,23.04,22.43,20.81,22.54,22.87,20.87,28.36,23.62,21.53,22.76,19.85,23.95,24.58,20.77,23.08,22.75,26.83,21.49,43.89,25.63,29.96,24.17,26.65,26.28,28.31,22.14,26.60,25.77,25.00,21.36,20.21,19.12,23.66,31.17,28.32,23.58,26.80,25.88,23.30,21.29,33.07,27.07,23.93,25.96,25.02,25.54,26.84,33.21,28.59,25.07,28.02,27.18,34.28,36.16,29.01,27.50,26.48,43.80,28.46,31.02,26.32,27.29,30.81,28.19,28.43,35.19,38.11,40.89,37.72,30.38,30.55,26.19,31.12,31.54,39.59,33.98,34.26,36.60,35.79,33.15,41.19,35.32,42.80,51.25,43.94,40.67,42.12,41.97,46.48,41.36,54.77
node/1998376334,21.69,42.55,31.95,27.89,29.27,28.91,29.36,30.59,27.66,25.82,22.57,22.77,28.80,29.23,29.61,36.87,37.95,30.30,22.86,27.51,35.63,27.33,26.55,30.10,31.56,33.50,27.41,21.92,32.17,19.53,30.12,31.80,26.31,0.00,22.02,3.74,29.88,29.89,4.40,34.10,6.33,22.36,29.10,25.63,23.24,10.37,14.21,19.82,23.90,28.03,12.77,21.67,27.50,27.17,13.57,14.10,24.97,15.67,22.12,16.85,30.12,33.11,21.47,15.49,20.59,13.00,16.36,26.02,15.05,34.48,20.08,14.78,18.87,17.90,12.67,29.95,14.75,19.23,35.04,19.66,22.48,20.80,23.24,17.33,18.03,22.42,24.12,23.27,18.34,18.34,17.99,24.50,22.61,21.98,17.23,17.67,25.24,17.29,17.71,23.75,16.66,19.18,32.17,22.99,28.58,17.19,25.95,19.17,14.88,17.92,28.96,20.76,18.01,19.12,24.49,25.54,19.00,38.76,24.00,22.19,21.42,37.97,36.82,35.18,18.78,19.21,24.75,20.00,23.22,29.87,18.43,31.08,22.68,23.49,19.06,21.09,20.15,20.67,21.97,22.82,25.01,20.20,24.44,40.70,22.38,25.77,25.89,26.66,22.90,33.41,24.88,27.44,42.04,38.14,25.94,24.61,41.20,24.92,27.72,30.50,27.33,26.80,26.97,41.46,27.54,27.96,27.63,29.10,29.39,31.73,30.88,45.44,54.06,28.23,33.78,64.12,40.18,52.96,54.41,54.26,42.72,34.27,56.63
node/11083618706,3.10,35.53,24.93,20.87,22.25,21.89,18.50,20.20,16.80,14.97,15.25,14.41,16.14,16.03,17.47,23.31,24.39,17.91,13.34,14.30,22.08,15.42,14.64,18.95,18.01,22.38,11.47,4.25,18.91,6.06,16.32,19.35,7.72,22.07,0.00,21.34,13.63,17.29,24.93,20.85,19.48,8.66,15.55,10.46,9.62,15.86,14.81,10.76,10.40,13.70,15.69,10.89,13.17,12.84,14.45,22.43,12.08,17.31,11.34,15.19,15.79,19.56,13.06,14.63,14.00,17.53,20.12,14.78,17.77,21.97,14.93,17.58,14.82,14.98,15.81,20.12,16.60,16.75,22.65,17.18,15.81,18.16,17.91,19.98,20.75,19.94,17.45,17.72,22.87,21.48,19.84,18.95,20.36,19.76,19.08,20.81,20.19,19.14,24.71,20.95,19.80,21.03,22.24,21.27,21.91,19.04,20.40,21.02,22.33,19.77,40.95,23.90,25.46,22.44,23.98,23.61,26.45,25.20,23.93,23.77,23.27,24.42,23.27,22.18,21.93,26.67,26.19,21.85,24.99,23.20,21.57,24.35,30.14,25.34,22.21,24.24,23.29,23.82,25.11,30.28,26.86,23.34,26.29,30.24,29.84,33.22,27.74,26.39,24.75,40.87,26.73,29.29,29.38,30.35,29.08,26.46,31.49,32.37,35.17,37.96,34.78,28.65,28.82,29.25,29.39,29.81,35.09,32.25,32.53,34.87,34.06,36.21,44.24,33.59,41.07,54.31,42.79,43.73,45.18,45.02,45.33,39.63,57.83
node/1998376340,21.02,41.88,31.29,27.23,28.61,28.25,28.69,29.93,26.99,25.16,21.91,22.11,28.14,28.57,28.95,36.20,37.28,29.63,22.20,26.85,34.97,26.67,25.89,29.44,30.90,32.84,26.75,21.26,31.50,18.86,29.46,31.13,25.65,3.62,21.35,0.00,29.22,29.23,6.16,33.44,5.66,21.70,28.44,24.97,22.57,9.70,13.54,19.16,23.24,27.37,12.11,21.01,26.83,26.50,12.91,13.44,24.30,15.01,21.45,16.18,29.46,32.45,20.81,14.82,19.93,12.34,15.70,25.35,14.39,33.81,19.42,14.12,18.20,17.24,12.00,29.29,14.09,18.57,34.38,19.00,21.81,20.14,22.58,16.66,17.37,21.76,23.46,22.61,17.67,17.68,17.33,23.83,21.94,21.32,16.57,17.00,24.57,16.63,17.05,23.08,15.99,18.52,31.50,22.32,27.92,16.52,25.29,18.51,14.21,17.25,29.55,20.09,17.35,18.46,23.83,24.88,18.34,38.09,23.34,21.53,20.76,37.30,36.16,34.52,18.12,18.55,24.08,19.34,22.55,29.21,17.76,30.42,22.02,22.82,18.40,20.43,19.48,20.01,21.30,22.16,24.35,19.53,23.77,40.04,21.72,25.10,25.23,26.00,22.24,32.75,24.22,26.77,41.38,37.47,25.28,23.95,40.54,24.25,27.06,29.84,26.67,26.14,26.30,40.79,26.88,27.30,26.97,28.44,28.73,31.06,30.21,44.78,53.40,27.56,33.12,63.46,39.52,52.30,53.75,53.60,42.05,33.61,55.96
node/4065359328,12.19,40.32,29.72,25.66,27.05,26.65,21.34,23.04,19.64,17.81,17.72,21.00,14.43,13.74,12.60,16.14,17.23,13.28,12.31,12.02,14.91,10.31,9.53,10.88,10.84,14.29,7.12,13.60,11.74,14.13,5.15,9.37,8.80,28.93,13.15,28.20,0.00,9.65,31.79,13.68,27.09,16.49,7.39,8.44,11.36,24.03,19.09,15.04,12.80,12.49,19.98,16.12,11.87,13.75,18.73,30.60,16.08,21.60,16.26,19.47,11.15,15.57,18.23,18.92,19.23,21.82,26.01,15.69,25.95,15.81,20.16,21.87,20.05,20.21,20.10,16.34,20.88,21.98,16.37,22.41,19.59,22.23,22.31,24.27,27.32,22.71,19.26,19.82,27.15,28.46,24.13,21.05,23.19,24.42,23.37,25.10,22.29,23.43,30.92,23.05,24.08,25.31,18.62,24.36,23.72,23.32,22.50,25.30,30.51,24.05,46.44,28.18,33.64,26.72,26.17,25.71,30.87,21.21,27.64,28.32,27.55,20.43,19.27,18.19,26.21,34.84,28.86,26.13,29.35,25.31,25.85,20.36,35.63,29.62,26.49,28.52,27.57,28.10,29.40,35.77,31.14,27.62,28.95,26.25,36.84,38.71,28.08,26.57,29.03,46.36,31.01,33.57,23.72,24.69,33.37,30.74,25.83,37.75,40.66,43.45,40.27,31.73,31.76,23.59,33.67,34.09,43.26,36.53,36.82,39.15,38.34,30.55,38.59,37.87,45.36,48.65,43.01,38.07,39.52,39.37,45.54,43.92,52.18
way/101974944,15.72,41.59,30.99,26.93,28.31,27.91,22.61,24.30,20.90,19.07,18.99,22.29,13.13,12.29,10.83,13.36,14.44,12.99,13.58,14.42,12.12,9.11,11.15,7.75,8.05,10.98,11.69,15.82,8.42,14.20,8.08,5.58,13.37,28.63,15.25,27.91,7.42,0.00,31.50,10.12,26.80,16.20,6.69,8.14,11.06,23.74,18.80,14.75,12.50,12.19,19.68,15.82,11.72,13.60,18.43,30.30,15.78,21.30,15.96,19.17,11.00,15.27,17.93,18.62,18.93,21.52,25.71,15.54,25.65,11.59,19.86,21.57,19.75,19.92,19.80,16.18,20.59,21.68,12.15,22.11,19.44,22.08,22.16,23.97,27.03,22.56,19.11,19.67,26.86,28.17,23.83,20.90,23.04,24.27,23.07,24.80,22.14,23.13,30.62,22.90,23.79,25.02,18.47,24.21,23.57,23.02,22.36,25.01,30.21,23.75,46.15,27.89,33.34,26.43,26.02,25.56,30.57,17.91,27.49,28.02,27.26,17.48,16.45,17.89,25.92,34.54,28.71,25.84,29.05,25.16,25.56,20.06,35.33,29.32,26.19,28.22,27.28,27.80,29.10,35.47,30.85,27.33,28.65,23.40,36.54,38.41,27.78,26.27,28.73,46.06,30.72,33.27,19.51,20.48,33.07,30.45,21.62,37.45,40.37,43.15,39.98,31.44,31.46,19.38,33.38,33.79,42.97,36.23,36.52,38.86,38.05,26.33,34.37,37.58,45.06,44.44,42.71,33.85,35.30,35.15,45.25,43.62,47.96
node/11794162206,24.93,45.79,35.19,31.13,32.51,32.15,32.59,33.83,30.89,29.06,25.81,26.01,32.04,32.47,32.85,40.11,41.19,33.53,26.10,30.75,38.87,30.57,29.79,33.34,34.80,36.74,30.65,25.16,35.41,22.77,33.36,35.03,29.55,4.66,25.25,5.79,33.12,33.13,0.00,37.34,8.34,25.60,32.34,28.87,26.48,12.54,17.44,23.06,27.14,31.27,16.01,24.91,30.73,30.40,16.81,16.40,28.21,18.91,25.36,20.08,33.36,36.35,24.71,18.72,23.83,16.24,19.60,29.25,18.29,37.72,23.32,18.02,22.11,21.14,15.90,33.19,17.99,22.47,38.28,22.90,25.71,24.04,26.48,20.57,21.27,25.66,27.36,26.51,21.57,20.63,21.23,27.73,25.84,25.22,20.47,20.91,28.48,20.53,20.00,26.98,19.89,22.42,35.41,26.23,31.82,20.43,29.19,22.41,18.12,21.15,32.65,24.00,21.25,22.36,27.73,28.78,22.24,41.99,27.24,25.43,24.66,41.21,40.06,38.42,22.02,22.45,27.98,23.24,26.46,33.11,21.66,34.32,25.92,26.73,22.30,24.33,23.38,23.91,25.21,26.06,28.25,23.43,27.68,43.94,25.62,28.54,29.13,29.90,26.14,36.10,28.12,30.68,45.28,41.38,29.18,27.85,44.44,28.15,30.96,33.74,30.57,30.04,30.21,44.70,30.78,31.20,30.87,32.34,32.63,34.96,34.12,48.68,57.30,31.46,37.02,67.36,43.42,56.20,57.65,57.50,45.96,37.51,59.87
way/332587893,20.09,42.20,31.60,27.54,28.92,28.52,23.21,24.91,21.52,19.68,19.60,22.88,14.70,13.86,12.40,11.47,12.55,14.55,14.19,15.99,10.23,10.68,12.72,9.31,6.16,9.94,14.44,21.11,5.51,19.49,11.19,7.15,18.67,33.22,20.55,32.50,12.71,8.35,36.09,0.00,30.79,21.49,10.64,13.44,16.36,29.03,24.09,20.04,17.80,17.49,24.98,21.12,17.01,18.89,23.73,35.44,21.08,26.60,21.25,24.47,16.29,14.44,23.23,23.91,24.23,26.81,31.01,20.84,30.95,10.52,25.16,26.87,25.05,25.21,25.09,21.48,25.88,26.97,11.44,27.40,24.73,27.38,27.45,29.27,32.32,27.86,24.41,24.96,32.15,33.46,29.12,26.19,28.33,29.57,28.36,30.10,27.44,28.43,35.91,28.19,29.08,30.31,20.34,29.50,28.21,28.32,27.65,30.30,35.51,29.05,51.44,33.18,38.64,31.72,31.32,30.68,35.86,18.06,32.79,33.32,32.55,17.63,16.59,19.86,31.21,39.84,33.35,31.13,32.06,27.28,30.85,22.03,40.62,32.74,31.49,33.52,32.57,33.10,34.39,40.77,35.53,32.62,30.62,23.55,41.83,43.71,29.75,28.23,34.03,51.35,35.91,35.86,19.65,20.62,38.37,35.74,21.76,42.75,45.66,48.45,45.27,33.40,33.43,19.52,37.23,37.64,48.26,41.24,40.98,43.51,42.51,26.48,34.52,42.04,49.52,41.15,44.68,34.00,35.45,35.30,47.22,48.08,48.11
way/667746336,21.29,41.50,30.90,26.84,28.23,27.87,28.31,29.54,26.61,24.78,21.52,21.73,27.76,28.19,28.57,36.06,37.14,29.25,21.81,26.46,34.82,26.28,25.50,29.05,30.75,32.46,26.37,21.53,31.12,19.13,29.08,30.75,25.92,6.37,21.62,5.81,29.48,28.85,6.91,33.06,0.00,22.28,28.70,25.24,23.15,7.85,13.90,19.92,23.82,27.90,12.88,21.77,27.41,27.08,13.67,13.10,25.07,15.77,22.22,16.95,30.04,32.72,21.57,15.59,20.69,13.10,16.35,26.12,14.75,33.43,20.18,14.88,18.97,18.00,12.77,30.05,14.85,19.33,33.99,19.76,22.58,20.90,23.35,17.43,17.73,22.52,24.23,23.37,18.44,17.35,18.10,24.60,22.71,22.08,17.33,17.77,25.34,17.39,16.72,23.85,16.76,19.28,32.27,23.09,28.68,17.29,26.05,19.27,13.88,18.02,30.63,20.86,17.02,19.22,24.59,25.64,18.00,38.36,24.10,22.29,21.52,37.57,36.42,35.29,18.88,18.22,24.85,20.10,23.32,29.97,18.53,31.18,21.69,23.59,19.16,21.19,20.25,20.77,22.07,21.83,25.11,20.30,24.54,40.80,21.39,24.77,25.99,26.76,23.00,32.41,24.98,27.54,41.34,38.24,26.04,24.71,41.30,23.92,26.73,29.51,26.33,26.90,27.07,41.22,27.64,28.06,26.64,29.20,29.49,30.88,29.88,45.54,54.16,27.23,32.78,64.22,40.28,53.07,54.52,54.36,42.82,33.28,56.73
node/10726315310,9.72,37.22,26.62,22.56,23.95,23.59,21.62,23.32,19.92,18.09,17.24,16.11,19.26,20.46,20.61,22.83,23.92,21.87,16.46,20.45,21.60,19.86,19.08,18.88,17.53,22.44,17.43,9.78,18.43,6.46,18.54,18.87,13.92,20.39,8.69,19.67,15.85,16.81,23.26,20.37,18.56,0.00,15.07,11.60,9.00,16.01,10.56,4.35,9.32,13.79,11.44,8.38,13.26,12.93,10.20,22.11,11.17,12.35,10.43,9.30,15.88,19.08,9.31,8.38,11.09,13.28,17.48,13.87,19.09,21.49,12.24,11.33,12.27,12.44,11.56,19.21,10.35,14.20,22.17,14.63,12.47,14.83,14.57,13.73,18.79,17.27,14.12,14.38,18.62,19.93,13.59,15.61,17.75,17.21,12.83,15.79,16.86,12.89,22.38,17.61,15.55,14.78,22.16,18.58,18.57,12.79,17.07,14.77,23.89,13.51,37.91,19.65,27.02,18.19,20.09,20.27,22.33,24.73,19.60,17.79,17.02,23.94,22.79,21.70,17.68,26.73,20.34,15.60,18.82,19.87,17.32,21.08,27.09,19.08,17.96,19.99,19.04,19.57,20.86,27.23,20.61,19.09,20.04,29.76,28.30,30.18,21.49,22.25,18.50,37.82,20.48,23.04,28.90,28.13,24.83,20.21,31.01,29.21,32.13,34.91,31.74,22.40,22.57,28.77,23.14,23.55,34.93,27.15,26.89,29.42,28.42,35.44,43.77,27.95,35.43,53.83,36.54,42.96,44.41,44.26,39.08,33.99,52.98
node/4912455161,16.19,42.57,31.97,27.92,29.30,28.90,23.59,25.29,21.89,20.06,19.97,22.76,16.15,15.31,13.86,12.93,14.01,16.01,14.56,16.95,11.69,12.13,13.52,10.77,7.62,12.95,12.16,16.29,8.52,14.67,9.51,8.86,13.84,29.10,15.72,28.38,6.82,6.91,31.97,10.46,27.27,16.66,0.00,8.61,11.54,24.21,19.27,15.22,12.97,12.66,20.15,16.30,12.19,14.06,18.90,30.77,16.25,21.77,16.43,19.64,11.46,15.74,18.40,19.09,19.40,21.99,26.18,16.01,26.12,11.69,20.33,22.04,20.22,20.39,20.27,16.65,21.06,22.15,12.25,22.58,19.91,22.55,22.63,24.44,27.50,23.03,19.58,20.14,27.32,28.64,24.30,21.37,23.51,24.74,23.54,25.27,22.61,23.60,31.09,23.37,24.26,25.49,18.94,24.68,24.04,23.49,22.82,25.48,30.68,24.22,46.62,28.36,33.81,26.89,26.49,26.03,31.04,18.01,27.96,28.50,27.73,17.58,16.55,18.36,26.38,35.02,29.18,26.31,29.52,25.63,26.03,20.53,35.80,29.79,26.66,28.69,27.75,28.27,29.57,35.94,31.32,27.80,29.12,23.50,37.01,38.88,28.25,26.74,29.20,46.53,31.19,33.74,19.60,20.57,33.54,30.92,21.71,37.92,40.84,43.62,40.45,31.91,31.93,19.48,33.85,34.26,43.43,36.71,36.99,39.33,38.52,26.43,34.47,38.05,45.53,44.53,43.18,33.95,35.40,35.25,45.72,44.09,48.06
node/6723530125,10.51,38.51,27.91,23.85,25.24,24.88,22.07,23.76,20.37,18.53,18.53,17.40,17.88,17.19,16.04,15.48,16.56,16.73,15.76,15.47,14.24,13.76,12.98,13.32,10.17,15.50,10.36,10.92,11.07,9.30,11.19,11.51,7.25,23.74,10.05,23.01,8.49,9.46,26.60,13.01,21.90,11.30,7.71,0.00,6.17,18.84,13.90,9.85,7.61,6.41,14.79,10.93,7.56,8.78,13.54,25.41,10.85,16.40,11.03,14.28,10.56,11.91,13.00,13.72,14.04,16.62,20.82,12.75,20.75,14.32,14.97,16.68,14.85,15.02,14.90,15.51,15.69,16.78,15.00,17.21,15.85,18.20,17.95,19.08,22.13,19.98,17.49,17.75,21.96,23.27,18.93,18.98,20.40,19.80,18.17,19.90,20.23,18.23,25.73,20.98,18.89,20.12,15.26,21.31,21.95,18.13,20.44,20.11,25.32,18.86,41.25,22.99,28.45,21.53,24.02,23.64,25.67,17.56,23.96,23.13,22.36,16.77,15.62,14.54,21.02,29.65,25.68,20.94,24.16,21.96,20.66,16.70,30.43,24.43,21.30,23.33,22.38,22.91,24.20,30.57,25.95,22.43,25.30,22.60,31.64,33.52,24.43,22.91,23.84,41.16,25.82,28.38,21.73,22.70,28.18,25.55,23.84,32.56,35.47,38.26,35.08,27.74,27.91,21.61,28.48,28.90,38.07,31.34,31.62,33.96,33.15,28.56,36.60,32.68,40.16,46.66,39.35,36.08,37.53,37.38,41.89,38.73,50.19
way/1163945142,9.62,38.99,28.39,24.33,25.71,25.35,21.64,23.34,19.95,18.11,18.39,17.87,17.49,16.80,17.70,17.89,18.97,18.38,15.58,15.08,16.65,15.41,14.63,15.53,12.59,17.92,12.01,10.78,13.49,9.78,13.60,13.93,8.50,22.24,9.16,21.52,10.90,11.87,25.11,15.42,20.40,9.80,10.13,6.66,0.00,17.85,12.40,8.36,3.59,8.40,13.29,8.09,7.38,6.92,12.04,23.96,8.51,14.91,7.65,12.78,10.00,13.82,9.62,12.23,11.41,15.13,19.32,10.90,20.93,16.55,12.34,15.18,12.23,12.40,13.41,15.01,14.20,14.16,17.23,14.59,13.22,15.55,15.30,17.58,20.64,17.35,14.87,15.10,20.46,21.77,17.39,16.33,17.78,17.17,16.68,18.41,17.58,16.74,24.23,18.33,17.40,18.62,16.44,18.69,19.32,16.63,17.79,18.62,25.73,17.36,39.76,21.50,28.87,20.03,21.39,20.99,24.18,19.78,21.34,21.19,20.87,18.99,17.84,16.76,19.52,28.58,23.61,19.45,22.40,20.62,19.17,18.93,28.94,22.93,19.80,21.83,20.89,21.41,22.71,29.08,24.45,20.94,23.88,24.82,30.15,32.02,25.32,23.81,22.34,39.67,24.32,26.88,23.96,24.93,26.68,24.05,26.07,31.06,33.98,36.76,33.59,26.25,26.41,23.83,26.99,27.40,36.77,29.84,30.13,32.47,31.66,30.79,38.82,31.18,38.67,48.89,40.38,38.30,39.76,39.60,42.92,37.23,52.41
way/753703519,16.13,40.89,30.29,26.23,27.62,27.25,28.53,30.23,26.83,25.00,20.91,19.77,26.17,27.38,27.52,31.31,32.39,28.79,22.72,27.34,30.07,27.84,27.06,28.69,26.01,31.34,24.51,16.37,26.91,13.97,27.02,27.35,20.76,13.78,16.46,13.05,24.32,25.29,16.64,28.84,11.20,18.37,23.55,20.08,19.25,0.00,8.36,16.18,19.91,22.74,9.44,18.34,22.39,22.07,10.24,15.51,21.58,12.34,18.78,13.51,25.02,27.56,18.13,12.15,17.25,9.66,11.70,22.68,10.86,29.96,16.75,11.45,15.53,14.56,9.33,26.62,11.41,15.89,30.64,16.32,19.14,17.46,19.91,13.99,13.84,19.08,20.79,19.93,15.00,14.56,14.66,21.16,19.27,18.64,13.90,14.33,21.90,13.96,17.80,20.41,13.32,15.84,28.83,19.65,25.24,13.85,22.62,15.83,15.42,14.58,34.04,17.42,18.55,15.79,21.15,22.20,19.54,33.20,20.67,18.85,18.09,32.41,31.26,30.18,15.45,19.75,21.41,16.66,19.88,26.53,15.09,27.75,23.22,20.15,15.72,17.75,16.81,17.33,18.63,23.36,21.68,16.86,21.10,37.37,22.93,26.31,22.55,23.32,19.56,33.95,21.55,24.10,37.38,34.80,22.60,21.27,37.87,25.46,28.26,31.04,27.87,23.46,23.63,37.25,24.21,24.62,28.18,25.77,26.05,28.39,27.58,42.11,50.72,27.11,34.32,60.79,36.84,49.63,51.08,50.92,39.38,33.15,53.29
way/283638701,13.49,38.24,27.64,23.58,24.97,24.61,25.89,27.58,24.19,22.36,18.27,17.13,23.53,24.73,24.88,27.33,28.42,26.14,20.07,24.69,26.10,24.36,23.58,23.37,22.03,26.94,21.86,13.72,22.93,11.32,23.04,23.37,18.11,13.48,13.81,12.76,20.35,21.31,16.35,24.87,10.90,12.62,19.57,16.10,13.50,7.07,0.00,10.44,14.16,18.29,5.74,13.79,17.76,17.43,6.60,15.68,15.84,7.77,15.10,9.26,20.38,23.58,13.94,9.05,13.87,8.39,11.76,18.54,11.03,25.99,14.29,12.00,13.62,12.52,8.82,23.13,11.01,14.28,26.67,14.71,15.65,15.85,17.67,14.40,14.00,17.47,17.30,17.48,13.73,14.73,14.26,18.71,17.90,17.29,13.50,13.82,19.95,13.56,17.96,19.43,12.83,15.45,25.34,18.81,21.75,13.45,20.16,15.44,15.59,14.18,34.21,16.96,18.72,14.51,20.75,21.80,19.64,29.22,20.27,18.45,17.69,28.43,27.29,26.20,14.98,19.92,21.01,16.27,19.48,23.05,14.62,24.26,23.39,19.75,15.26,17.29,16.35,16.87,18.17,23.53,21.27,16.40,20.70,33.88,23.09,26.47,22.15,22.92,19.16,34.12,21.14,23.70,33.40,31.31,22.14,20.87,34.38,25.62,28.43,31.21,28.04,23.07,23.23,33.27,23.81,24.22,28.34,25.30,25.59,27.93,27.12,38.62,47.23,26.64,34.13,57.30,36.38,46.14,47.59,47.44,38.92,32.69,52.83
node/4374935729,11.37,36.68,26.08,22.02,23.40,23.04,22.54,24.24,20.84,19.01,16.70,15.56,20.18,21.00,20.89,21.61,22.69,21.60,17.38,19.27,20.37,18.63,17.86,17.65,16.30,21.21,16.20,12.33,17.20,9.90,17.31,17.64,12.69,19.17,10.34,18.44,14.62,15.59,22.03,19.14,17.33,3.80,13.84,10.38,7.77,14.78,9.33,0.00,6.92,12.56,10.21,6.06,11.43,11.01,8.97,20.88,8.84,10.12,8.10,7.06,14.05,17.85,7.08,6.15,8.86,12.05,16.25,11.54,17.85,20.26,10.01,9.10,10.04,10.21,10.33,16.88,8.12,11.97,20.94,12.40,10.24,12.60,12.34,11.50,17.56,15.04,11.89,12.15,16.64,18.70,11.36,13.38,15.52,14.98,10.60,13.55,14.62,10.66,21.15,15.38,14.32,12.55,19.93,16.35,16.34,10.55,14.84,12.54,22.66,11.28,36.68,18.42,25.79,16.07,17.86,18.04,21.10,23.50,17.37,15.55,14.79,22.71,21.56,20.47,16.45,25.50,18.11,13.37,16.58,17.63,16.09,18.85,25.87,16.85,16.73,18.76,17.81,17.35,19.63,26.00,18.38,17.86,17.80,28.47,27.07,28.95,19.25,20.02,16.27,36.59,18.25,20.80,27.67,25.90,23.61,17.98,28.97,27.99,30.90,33.68,30.51,20.17,20.33,27.54,20.91,21.32,33.70,24.92,24.66,27.19,26.19,33.21,41.83,25.72,33.20,51.89,34.31,40.73,42.18,42.03,36.84,31.76,50.75
node/5602005239,9.09,39.17,28.57,24.52,25.90,25.54,20.26,21.95,18.56,16.73,17.01,18.06,17.90,17.95,18.85,19.04,20.12,19.53,15.10,16.23,17.80,16.56,15.78,16.39,13.74,19.07,13.16,10.05,14.64,8.91,14.75,15.08,9.65,21.67,8.05,20.94,12.05,13.02,24.53,16.57,19.83,7.82,11.28,7.81,2.91,17.28,11.83,6.38,0.00,8.72,12.71,5.78,6.06,5.64,11.47,23.38,6.12,14.33,5.25,10.96,8.69,12.51,7.23,10.41,8.90,14.55,18.75,8.82,20.36,17.70,9.83,13.09,9.72,9.89,12.83,13.70,12.38,11.65,18.38,12.08,10.71,13.07,12.81,15.26,20.06,14.84,12.36,12.62,19.89,21.20,14.88,13.85,15.27,14.66,14.86,17.82,15.10,14.92,23.65,15.85,16.82,16.81,15.13,16.18,16.82,14.81,15.31,16.80,25.16,15.54,39.18,20.92,28.29,19.46,18.88,18.51,23.60,20.93,18.83,18.68,19.05,20.14,18.99,17.91,18.95,28.00,21.10,17.63,19.89,18.11,18.59,19.32,28.36,20.96,19.23,21.26,20.31,20.83,22.13,28.50,22.64,20.36,22.06,25.97,29.57,31.45,22.81,21.30,20.52,39.09,22.51,25.06,25.11,26.08,26.11,22.23,27.21,30.48,33.40,36.18,33.01,24.43,24.59,24.98,25.17,25.58,36.20,29.18,28.92,31.45,30.45,31.93,39.97,29.98,37.46,50.04,38.57,39.46,40.91,40.75,41.11,36.02,53.56
way/1094224072,12.81,41.11,30.51,26.45,27.84,27.48,24.67,26.37,22.97,21.13,21.13,20.00,20.55,19.71,18.25,17.32,18.41,20.19,18.76,18.26,16.09,16.53,16.44,15.17,12.02,17.35,14.03,13.52,12.92,11.90,13.03,13.36,11.34,25.71,12.35,24.99,10.34,11.30,28.58,14.86,23.88,13.28,9.56,6.17,7.49,21.33,15.88,11.83,7.76,0.00,16.76,11.87,4.64,6.45,15.52,27.43,9.17,18.38,9.35,16.25,7.17,11.48,11.32,15.70,15.01,18.60,22.80,10.06,23.36,15.16,14.66,18.65,15.32,16.18,16.88,12.37,17.67,17.94,15.84,18.37,15.07,17.25,16.99,21.05,24.11,18.74,15.29,15.85,23.94,25.25,20.91,17.08,19.22,20.45,20.15,21.88,18.32,20.21,27.70,19.08,20.87,22.10,14.10,20.39,19.75,20.11,18.54,22.09,27.92,20.83,43.23,24.97,31.05,23.51,22.20,21.74,27.65,18.40,23.67,24.97,24.34,17.61,16.46,15.38,23.00,32.05,24.89,22.92,25.52,21.34,22.64,17.54,32.41,26.41,23.28,25.31,24.36,24.88,26.18,32.55,27.93,24.41,26.14,23.44,33.62,35.50,25.27,23.75,25.82,43.14,27.80,30.36,22.57,23.55,30.15,27.53,24.68,34.53,37.45,40.23,37.06,28.92,28.95,22.45,30.46,30.88,40.25,33.32,33.60,35.94,35.13,29.40,37.44,34.66,42.14,47.51,40.19,36.92,38.37,38.22,42.73,40.71,51.03
way/674299894,16.79,40.69,30.09,26.03,27.42,27.05,28.33,30.03,26.63,24.80,20.71,19.57,25.97,27.13,27.03,27.75,28.83,27.74,22.50,25.41,26.51,24.77,24.00,23.79,22.44,27.35,22.34,17.02,23.34,14.63,23.45,23.78,18.83,12.55,16.48,11.82,20.76,21.72,15.41,25.28,10.71,13.04,19.98,16.51,13.91,8.16,4.13,10.85,14.58,18.70,0.00,14.20,18.17,17.84,3.53,16.35,16.25,6.40,15.51,10.77,20.79,23.99,15.20,9.79,15.15,5.56,8.93,18.95,12.20,26.40,14.65,9.35,13.43,12.46,5.80,23.55,9.31,13.79,27.08,14.22,16.07,15.36,17.81,11.89,13.03,16.98,17.72,17.83,10.90,14.16,12.32,19.06,16.93,16.30,11.79,10.80,19.56,11.86,16.62,18.07,9.79,13.65,25.77,17.31,22.18,11.75,20.52,13.12,16.76,12.48,32.15,13.89,19.89,11.68,19.05,20.11,16.57,29.63,18.57,16.75,15.99,28.85,27.70,26.61,11.91,21.09,19.31,14.56,17.78,23.47,11.55,24.68,21.33,18.05,12.19,14.22,13.28,13.80,15.10,21.47,19.57,13.33,19.00,34.30,22.54,24.41,20.45,21.22,17.46,32.06,18.74,22.00,33.81,31.73,19.07,19.17,34.80,23.45,26.37,29.15,25.98,21.37,21.53,33.68,21.46,21.87,29.16,22.23,22.52,24.86,24.05,39.04,47.66,23.57,31.06,57.72,33.31,46.56,48.01,47.86,35.85,29.62,49.76
node/3777486881,10.30,38.91,28.31,24.25,25.63,25.27,21.48,23.18,19.78,17.95,18.23,17.80,19.12,20.32,20.46,21.57,22.65,21.56,16.32,19.23,20.33,18.60,17.82,17.61,16.26,21.17,16.16,11.27,17.17,10.13,17.27,17.61,12.65,20.71,9.28,19.99,14.58,15.55,23.58,19.10,18.88,7.92,13.80,10.34,6.38,16.33,11.32,5.58,5.42,12.11,13.08,0.00,9.34,7.12,11.20,20.65,4.67,9.90,3.94,5.88,10.14,15.28,4.04,5.92,6.17,13.49,17.67,7.38,17.62,20.22,7.51,8.87,7.48,7.64,11.40,12.71,7.89,9.41,20.90,9.84,8.54,10.58,10.33,11.27,18.38,12.60,10.19,10.13,16.41,19.52,11.13,11.36,13.03,12.42,10.37,13.33,12.61,10.43,21.97,13.36,15.14,12.32,18.23,13.94,14.64,10.32,12.82,12.31,23.52,11.05,37.11,19.24,26.66,15.84,16.49,16.02,21.53,23.46,16.59,15.33,14.56,22.67,21.52,20.43,17.27,25.93,17.88,13.14,16.36,15.94,16.91,17.15,26.29,16.62,17.54,19.57,18.63,17.12,20.45,26.43,18.15,18.68,17.57,26.77,27.50,29.38,19.03,19.13,16.04,37.02,18.02,20.57,27.63,24.20,24.42,17.75,27.27,28.80,31.33,34.11,30.94,19.94,20.11,27.50,20.68,21.10,34.13,24.69,24.43,26.96,25.96,31.51,40.12,25.49,32.97,50.19,34.08,39.03,40.48,40.33,36.62,31.53,50.52
node/622204540,13.59,43.34,32.73,28.68,30.06,29.70,25.90,27.60,24.20,22.37,22.65,22.22,21.45,20.77,19.98,19.05,20.13,22.14,19.54,19.04,17.82,18.26,18.52,16.90,13.75,19.08,16.02,14.74,14.65,14.12,14.76,15.09,12.46,26.49,13.12,25.77,12.06,13.03,29.36,16.58,24.65,14.03,11.29,8.39,7.33,22.10,16.66,12.59,6.71,4.39,17.54,10.11,0.00,2.74,16.30,28.21,6.66,18.81,7.58,15.27,3.35,7.17,9.56,14.83,13.25,19.38,23.57,6.35,25.19,14.64,12.90,17.36,13.56,14.41,17.66,8.88,16.80,16.17,15.32,16.61,11.75,14.39,14.47,19.54,24.89,15.18,11.73,12.29,24.71,26.03,18.96,13.51,15.65,16.89,19.28,22.24,14.76,19.35,28.48,15.51,21.65,19.99,9.79,16.83,16.18,19.24,14.97,21.22,29.98,19.97,44.01,25.75,33.12,24.29,18.64,18.18,28.43,16.08,20.11,21.59,22.77,15.29,14.14,13.08,23.77,32.83,21.32,22.05,21.95,17.78,23.42,14.83,33.19,23.87,24.05,26.08,25.14,25.66,26.96,33.33,26.60,25.19,22.77,21.12,34.40,36.27,22.48,20.97,24.95,43.92,26.93,28.59,20.26,21.23,30.93,26.66,22.37,35.31,38.23,41.01,37.84,27.46,26.96,20.13,29.59,30.01,41.02,33.60,33.34,35.87,34.87,27.08,35.12,34.40,41.88,45.19,38.73,34.61,36.05,35.90,41.27,40.45,48.71
way/473868951,12.74,42.66,32.05,28.00,29.38,29.02,24.95,26.65,23.25,21.42,21.70,21.54,20.61,19.92,20.72,20.43,21.51,21.43,18.70,18.20,19.20,18.46,17.68,17.47,15.13,20.46,15.17,13.90,16.03,13.60,16.14,16.47,11.62,25.65,12.28,24.92,13.45,14.41,28.51,17.96,23.81,13.08,12.67,9.20,6.34,21.26,15.81,11.63,5.75,6.60,16.70,7.48,2.22,0.00,15.45,26.93,4.21,16.18,4.96,12.64,3.69,8.74,6.93,12.21,10.62,18.53,22.73,5.72,23.91,16.20,10.27,14.74,10.93,11.78,16.81,8.25,14.17,13.54,16.88,13.98,10.11,12.85,12.60,16.91,24.04,14.32,10.85,11.43,22.70,25.18,16.64,12.66,14.80,16.03,16.65,19.61,13.91,16.72,27.63,14.66,20.80,18.60,11.36,15.97,15.31,16.61,14.12,18.59,29.14,17.34,43.16,24.90,32.27,22.12,17.79,17.32,27.58,17.65,19.26,20.57,20.85,16.86,15.71,14.65,22.93,31.98,20.47,19.42,21.10,17.14,22.57,16.40,32.34,22.86,23.21,25.24,24.29,23.40,26.12,32.48,24.43,24.34,22.13,22.68,33.55,35.43,21.85,20.33,22.32,43.07,24.30,26.86,21.82,22.79,30.09,24.03,23.93,34.47,37.38,40.16,36.99,26.22,26.33,21.69,26.96,27.38,40.18,30.98,30.72,33.24,32.24,28.65,36.69,31.77,39.26,46.75,38.10,36.17,37.62,37.47,40.64,37.82,50.28
node/3123215557,15.08,38.26,27.66,23.61,24.99,24.63,25.91,27.61,24.21,22.38,18.29,17.15,23.55,24.71,24.61,25.32,26.40,25.31,20.07,22.98,24.08,22.35,21.57,21.36,20.01,24.92,19.92,15.42,20.92,13.02,21.02,21.36,16.40,12.75,14.05,12.03,18.33,19.30,15.62,22.85,10.92,10.61,17.55,14.09,11.48,8.37,4.88,8.42,12.15,16.27,2.68,11.78,15.74,15.41,0.00,14.47,13.82,3.97,13.09,8.33,18.37,21.56,12.77,7.67,12.62,5.64,9.84,16.53,11.45,23.97,12.53,7.23,11.32,10.35,3.92,21.12,7.20,11.68,24.65,12.11,13.65,13.25,15.69,9.78,11.15,14.87,15.29,15.56,10.98,12.29,10.41,16.79,15.02,14.40,9.68,8.92,17.65,9.74,14.74,16.16,7.91,11.63,23.34,15.40,19.75,9.64,18.24,11.25,16.31,10.37,30.27,12.01,19.44,10.55,16.94,17.99,14.69,27.21,16.45,14.64,13.87,26.42,25.27,24.18,10.04,19.09,17.20,12.45,15.67,21.04,9.68,22.25,19.45,15.94,10.31,12.35,11.40,11.92,13.22,19.59,17.46,11.45,16.89,31.88,20.66,22.54,18.34,19.11,15.35,30.18,16.86,19.89,31.38,29.31,17.19,17.06,32.38,21.57,24.49,27.27,24.10,19.25,19.42,31.25,19.58,20.00,27.29,20.36,20.64,22.98,22.17,36.62,45.23,21.70,29.18,55.29,31.43,44.13,45.59,45.43,33.97,27.74,47.88
way/304004266,22.88,45.47,34.87,30.82,32.20,31.84,32.28,33.51,30.58,28.75,25.50,25.70,31.73,32.16,32.54,38.06,39.14,33.22,25.78,30.43,36.82,30.25,29.48,33.02,32.76,36.43,30.34,23.12,33.66,20.72,33.05,34.10,27.50,16.35,23.21,15.62,31.07,32.04,17.12,35.59,13.76,23.77,30.30,26.83,24.88,13.45,17.82,21.08,25.55,29.49,16.90,22.93,29.14,28.68,15.21,0.00,26.23,18.08,23.84,18.10,31.70,34.30,23.05,17.11,22.77,14.15,16.84,27.52,10.68,36.71,23.20,18.33,21.95,20.99,14.44,31.40,16.98,19.68,37.39,22.57,23.93,23.71,26.03,16.62,13.65,21.17,25.57,22.85,14.93,12.74,16.48,24.37,21.09,20.47,16.22,16.28,23.73,16.30,12.11,22.23,14.03,17.82,33.38,21.48,28.31,16.19,24.87,17.80,11.63,16.92,23.19,19.02,12.59,15.71,23.43,24.48,15.75,39.95,22.95,21.20,20.44,39.16,38.01,35.15,17.05,15.02,23.77,19.01,22.24,29.76,16.69,31.05,16.25,22.51,17.33,19.36,18.41,18.93,20.23,17.83,24.03,18.46,23.46,40.67,19.14,16.74,24.91,25.68,21.92,24.30,23.87,26.46,42.01,38.10,24.20,23.63,41.17,21.67,19.83,22.61,19.44,25.82,25.99,41.42,26.56,26.98,24.22,27.37,27.65,28.63,27.63,45.41,54.02,24.98,30.54,64.09,38.45,52.93,54.38,54.23,40.98,31.03,54.89
node/2304484464,10.86,40.95,30.35,26.30,27.68,27.32,22.04,23.73,20.33,18.50,18.79,19.84,19.68,20.88,21.02,21.87,22.95,22.12,16.87,19.36,20.63,19.15,18.38,18.17,16.56,21.73,16.30,11.83,17.46,10.69,17.57,17.90,12.78,23.44,9.83,22.72,14.88,15.84,26.31,19.40,21.61,10.16,14.10,10.63,6.05,19.05,13.61,8.72,4.97,9.31,14.49,4.56,5.48,3.26,13.25,24.06,0.00,13.31,2.08,9.72,6.72,11.87,4.06,9.33,7.75,16.33,20.53,3.96,21.04,19.33,7.40,11.86,8.06,8.87,14.61,9.30,11.30,10.63,20.01,11.06,8.09,9.98,9.73,14.04,21.79,12.30,8.83,9.41,19.83,22.93,13.77,10.64,12.78,13.65,13.78,16.74,11.88,13.85,25.38,12.64,18.55,15.73,14.62,13.95,13.28,13.74,12.09,15.72,26.94,14.47,40.52,22.65,30.07,19.25,15.76,15.30,24.95,20.90,17.23,17.66,17.97,20.12,18.97,17.90,20.68,29.35,18.45,16.55,18.88,15.53,20.32,15.79,29.71,19.94,20.96,22.99,22.04,20.53,23.86,29.85,21.56,22.09,20.52,25.41,30.92,32.79,20.24,18.72,19.45,40.43,21.43,23.99,25.08,22.84,27.83,21.16,25.91,32.22,34.74,37.53,34.35,23.35,23.52,24.95,24.09,24.51,37.54,28.10,27.85,30.37,29.37,30.15,38.76,28.90,36.38,48.83,36.49,37.67,39.12,38.97,39.02,34.95,51.77
node/1080996458,18.27,41.45,30.85,26.79,28.18,27.82,29.10,30.79,27.39,25.56,21.47,20.34,26.73,27.89,27.79,28.51,29.59,28.50,23.26,26.17,27.27,25.54,24.76,24.55,23.20,28.11,23.10,18.61,24.10,16.21,24.21,24.54,19.59,15.94,17.24,15.22,21.52,22.48,18.81,26.04,14.10,12.51,20.74,17.27,14.67,11.55,7.55,9.82,15.34,19.46,5.87,11.68,18.93,17.42,3.19,17.66,14.97,0.00,12.58,6.21,20.44,24.75,11.79,4.81,10.81,8.81,13.00,16.27,14.64,27.16,10.82,6.82,9.60,8.64,5.69,20.15,6.45,9.97,27.84,10.40,12.67,11.54,13.98,9.37,14.34,13.16,14.32,14.01,12.95,15.48,9.69,15.24,13.59,12.98,8.93,10.60,16.48,8.99,17.93,15.11,11.10,10.88,22.36,14.50,18.77,8.88,16.69,10.87,19.50,9.61,33.46,15.20,22.63,13.74,16.19,17.24,17.88,30.32,15.70,13.89,13.12,29.53,28.38,25.38,13.22,22.28,16.44,11.70,14.91,20.07,12.87,21.28,22.64,15.19,13.50,15.53,14.59,15.11,16.41,22.78,16.71,14.64,16.14,30.90,23.85,25.72,17.59,18.36,14.60,33.37,16.58,19.13,32.24,28.33,20.38,16.31,31.40,24.76,27.68,30.46,27.29,18.50,18.67,31.65,19.24,19.65,30.48,23.25,22.99,25.52,24.52,35.64,44.26,24.05,31.53,54.32,32.64,43.16,44.61,44.46,35.18,30.09,49.09
node/4769471534,11.86,40.24,29.64,25.58,26.96,26.61,23.03,24.73,21.33,19.50,19.78,19.12,20.67,21.87,22.02,22.86,23.95,23.12,17.87,20.48,21.63,20.15,19.37,19.16,17.56,22.73,17.41,12.82,18.46,11.68,18.57,18.90,13.90,21.83,10.83,21.11,15.88,16.84,24.70,20.39,20.00,9.93,15.10,11.63,7.17,17.44,12.65,7.24,6.08,10.31,14.41,5.56,7.58,5.37,12.31,21.98,2.92,11.22,0.00,8.54,8.38,13.52,1.98,7.25,5.66,14.82,19.00,5.62,18.95,20.98,5.31,9.78,5.97,7.34,12.72,10.96,9.22,9.10,21.67,9.54,6.05,7.90,7.65,11.95,19.71,10.34,7.70,7.45,17.75,20.85,11.69,8.68,10.82,12.05,11.70,14.66,9.93,11.76,23.30,10.68,16.47,13.65,15.74,11.99,12.15,11.65,10.14,13.64,24.86,12.38,38.44,20.57,27.99,17.17,13.80,13.34,22.86,22.80,15.28,16.14,15.89,22.01,20.86,18.76,18.60,27.26,16.49,14.47,17.12,13.45,18.24,14.66,27.62,17.95,18.87,20.90,19.96,18.45,21.78,27.76,19.48,20.01,18.43,24.28,28.83,30.71,18.15,16.64,17.37,38.35,19.35,21.90,25.62,21.71,25.75,19.08,24.78,30.13,32.66,35.44,32.27,21.27,21.43,25.03,22.01,22.43,35.46,26.02,25.76,28.29,27.29,29.02,37.64,26.82,34.30,47.70,34.40,36.54,37.99,37.84,36.94,32.86,50.65
node/10937770886,14.72,39.95,29.35,25.29,26.68,26.32,25.89,27.59,24.19,22.36,19.97,18.84,23.53,24.35,24.25,24.96,26.04,24.95,20.73,22.62,23.72,21.99,21.21,21.00,19.65,24.56,19.55,15.68,20.55,13.53,20.67,21.00,16.04,17.12,13.69,16.40,17.97,18.94,19.99,22.49,15.29,7.58,17.19,13.73,11.12,12.74,7.98,4.89,10.70,15.91,9.32,6.75,14.71,12.49,6.64,17.05,10.04,6.30,7.66,0.00,15.51,20.65,6.86,2.33,6.43,9.90,14.08,11.34,14.03,23.61,6.86,5.28,6.19,5.08,7.80,15.22,4.30,6.85,24.29,7.28,7.74,8.42,9.85,7.65,14.79,10.04,9.39,9.65,12.82,15.93,7.54,10.88,10.46,9.86,6.78,9.74,12.12,6.84,18.38,11.99,11.55,8.73,17.43,11.38,13.85,6.73,12.34,8.72,19.93,7.46,33.52,15.65,23.07,12.25,14.04,15.00,17.94,25.39,13.55,11.74,10.97,24.60,23.45,20.45,13.67,22.34,14.29,9.55,12.76,15.14,13.31,16.35,22.70,13.03,13.95,15.98,15.04,13.53,16.86,22.84,14.56,15.09,13.98,25.97,23.91,25.79,15.44,16.20,12.45,33.43,14.43,16.98,27.31,23.40,20.83,14.15,26.47,25.21,27.74,30.52,27.35,16.35,16.51,26.72,17.09,17.50,30.54,21.10,20.84,23.37,22.37,30.71,39.33,21.90,29.38,49.39,30.49,38.23,39.68,39.53,33.02,27.94,46.93
node/2636758535,15.71,45.62,35.02,30.96,32.34,31.98,28.02,29.71,26.32,24.48,24.77,24.50,22.31,21.47,20.02,19.08,20.17,22.17,20.72,21.13,17.85,18.29,18.64,16.93,13.78,19.11,16.23,16.86,14.68,16.41,14.79,15.12,14.58,28.61,15.24,27.89,12.10,13.06,31.48,16.62,26.77,16.15,11.32,10.57,9.45,24.22,18.78,14.71,8.82,7.04,19.66,10.67,2.94,3.76,18.42,30.16,6.10,19.41,8.19,15.83,0.00,7.21,10.16,15.44,13.85,21.50,25.70,5.88,27.14,14.67,13.31,17.97,14.16,14.97,19.78,8.40,17.40,16.73,15.35,16.37,11.27,13.92,13.99,20.14,27.01,14.70,11.25,11.81,25.93,28.15,18.48,13.04,15.18,16.41,19.89,22.84,14.29,19.95,30.60,15.04,23.77,19.52,9.83,16.35,15.71,19.84,14.50,21.82,32.10,20.57,46.13,27.87,35.24,25.36,18.16,17.70,30.55,16.11,19.63,21.12,22.30,15.33,14.18,13.11,25.89,34.95,20.85,22.65,21.48,17.30,25.54,14.87,35.31,23.40,26.17,28.20,27.26,26.64,29.08,35.45,26.12,27.31,22.29,21.15,36.52,38.39,22.01,20.49,25.55,46.04,27.54,28.11,20.29,21.26,33.05,27.26,22.40,37.43,40.35,43.13,39.96,26.98,26.49,20.16,30.20,30.61,43.14,34.21,33.95,36.48,35.48,27.12,35.16,35.01,42.49,45.22,38.26,34.64,36.09,35.94,40.80,41.05,48.74
node/1600767375,19.06,47.37,36.77,32.71,34.09,33.73,30.92,32.62,29.22,27.39,27.39,26.25,23.84,23.00,21.54,20.61,21.69,23.70,22.25,22.65,19.38,19.82,20.17,18.46,15.31,20.64,17.75,19.77,16.21,18.15,16.32,16.65,17.94,31.97,18.60,31.24,13.62,14.59,34.83,17.68,30.13,19.51,12.85,12.10,12.80,27.58,22.13,18.07,12.18,9.50,23.02,15.66,6.42,8.30,21.77,33.69,11.36,24.37,13.14,20.83,6.91,0.00,15.12,20.39,18.80,24.86,29.05,11.13,29.61,11.88,17.79,22.88,19.07,19.97,23.13,12.24,22.36,21.54,12.56,20.60,15.50,18.14,18.21,24.53,30.37,18.62,15.17,15.72,30.19,31.50,22.40,16.95,19.09,20.32,23.86,27.80,17.32,24.90,33.96,18.95,27.12,23.43,9.45,20.27,17.51,24.80,17.71,26.78,34.17,25.52,49.48,31.23,37.30,29.76,21.46,21.00,33.91,15.74,22.93,24.53,25.69,14.95,13.80,12.74,29.25,38.31,24.15,27.61,24.77,20.32,28.89,14.49,38.67,26.27,29.53,31.56,30.62,31.04,32.44,38.81,29.36,30.67,24.16,20.77,39.88,41.75,23.65,22.13,28.58,49.39,29.80,29.75,19.91,20.88,36.41,29.76,22.02,40.79,43.71,46.49,43.31,27.30,27.33,19.78,31.13,31.54,46.50,35.14,34.88,37.41,36.41,26.74,34.78,35.93,43.42,44.84,38.58,34.26,35.71,35.56,41.11,41.98,48.37
node/2606420203,11.99,39.34,28.74,24.68,26.07,25.71,23.16,24.86,21.46,19.63,19.37,18.23,20.80,22.00,22.15,23.25,24.34,23.25,18.00,20.92,22.02,20.28,19.50,19.30,17.95,22.86,17.85,12.96,18.85,11.81,18.96,19.29,14.34,20.93,10.96,20.21,16.27,17.23,23.80,20.79,19.10,8.83,15.49,12.02,8.12,16.55,11.75,6.26,7.16,12.31,13.51,4.52,9.59,7.38,11.42,21.08,4.92,10.33,2.01,6.56,10.39,15.53,0.00,6.35,4.77,13.92,18.10,6.88,18.06,21.91,4.42,8.88,5.08,6.45,11.83,12.63,8.32,8.21,22.59,8.64,5.16,7.00,6.75,11.06,18.81,9.45,6.80,6.56,16.85,19.95,10.79,7.79,9.93,11.16,10.80,13.76,9.03,10.87,22.40,9.79,15.57,12.75,14.85,11.10,11.26,10.76,9.24,12.74,23.96,11.49,37.54,19.67,27.09,16.27,12.91,12.45,21.96,22.80,14.38,15.24,14.99,22.02,20.87,17.87,17.70,26.37,15.60,13.57,16.22,12.55,17.34,13.76,26.73,17.06,17.98,20.01,19.06,17.55,20.88,26.87,18.58,19.11,17.54,23.38,27.93,29.81,17.26,15.74,16.47,37.46,18.45,21.01,24.73,20.82,24.86,18.18,23.88,29.23,31.77,34.55,31.37,20.37,20.54,24.14,21.11,21.53,34.56,25.12,24.87,27.39,26.39,28.12,36.74,25.92,33.40,46.80,33.51,35.64,37.09,36.94,36.04,31.97,49.75
node/3254987866,16.38,39.41,28.81,24.75,26.13,25.77,27.05,28.75,25.35,23.52,19.43,18.29,24.69,25.89,25.91,26.62,27.70,26.62,21.24,24.29,25.39,23.65,22.87,22.66,21.32,26.23,21.22,16.94,22.22,14.54,22.33,22.66,17.71,16.01,15.35,15.29,19.64,20.60,18.88,24.15,14.17,9.25,18.86,15.39,12.79,11.62,10.14,6.56,12.37,17.58,8.88,8.41,16.38,14.16,6.19,15.94,11.71,4.04,9.32,3.58,17.18,22.32,8.53,0.00,8.05,8.78,12.96,13.00,12.92,25.28,7.56,4.17,6.34,5.38,6.69,16.89,3.18,6.70,25.96,7.14,9.41,8.28,10.72,6.57,13.67,9.90,11.05,10.74,11.71,14.81,6.43,11.97,10.32,9.72,5.67,8.62,13.22,5.73,17.27,11.85,10.43,7.61,19.10,11.23,15.51,5.62,13.43,7.60,18.82,6.35,32.41,14.53,21.95,11.13,12.93,13.97,16.83,27.05,12.44,10.62,9.86,26.27,25.12,22.12,12.56,21.23,13.18,8.44,11.65,16.80,12.20,18.01,21.59,11.92,12.84,14.87,13.92,12.42,15.75,21.73,13.45,13.97,12.87,27.63,22.80,24.67,14.32,15.09,11.33,32.32,13.31,15.87,28.98,25.07,19.72,13.04,28.13,24.10,26.63,29.41,26.24,15.24,15.40,28.39,15.98,16.39,29.43,19.99,19.73,22.26,21.26,32.38,40.99,20.79,28.27,51.05,29.38,39.89,41.34,41.19,31.91,26.83,45.82
node/3895220847,13.17,40.17,29.57,25.52,26.90,26.54,24.34,26.04,22.64,20.81,20.20,19.06,21.98,23.18,23.33,24.43,25.52,24.43,19.18,22.10,23.20,21.46,20.68,20.48,19.13,24.04,19.03,14.13,20.03,13.00,20.14,20.47,15.52,20.92,12.14,20.20,17.45,18.41,23.79,21.97,19.08,9.86,16.67,13.20,9.29,16.53,12.58,7.17,8.34,14.72,13.90,6.43,12.00,9.78,11.91,21.91,7.33,10.75,4.41,6.09,12.79,17.68,3.77,7.19,0.00,14.75,18.93,7.73,18.89,23.09,1.86,6.41,2.60,3.40,12.66,11.86,9.15,5.16,23.75,5.59,4.83,5.43,5.18,8.58,19.64,7.88,6.01,4.99,17.68,20.78,8.31,6.21,8.35,8.18,9.79,14.59,7.46,11.70,23.23,8.21,16.40,10.38,14.05,9.53,10.46,11.59,7.67,13.57,24.79,12.32,38.38,20.50,27.92,17.10,11.34,10.87,22.80,22.01,12.34,12.19,13.15,21.22,20.07,17.07,18.53,27.20,14.02,14.40,13.40,12.55,18.17,12.96,27.56,14.47,18.81,20.84,19.89,18.38,21.71,27.70,17.20,19.94,17.02,22.59,28.77,30.64,17.41,15.89,17.30,38.29,19.28,21.84,23.93,20.02,25.69,19.01,23.09,30.07,32.60,35.38,32.20,21.20,21.37,23.34,21.95,22.36,35.39,25.95,25.70,28.23,27.23,27.33,35.94,26.75,34.23,46.01,33.66,34.85,36.30,36.14,36.20,32.80,48.95
node/11210080138,19.94,43.12,32.52,28.47,29.85,29.49,30.77,32.47,29.07,27.24,23.15,22.01,28.41,29.57,29.47,30.18,31.26,30.18,24.94,27.84,28.94,27.21,26.43,26.22,24.88,29.79,24.78,20.25,25.78,17.86,25.89,26.22,21.26,15.76,18.91,15.03,23.19,24.16,18.62,27.71,13.92,15.47,22.42,18.95,16.35,11.37,9.16,13.28,17.01,21.14,7.61,16.15,20.61,20.27,6.68,12.61,18.68,9.54,17.06,11.33,23.23,26.43,16.27,10.33,15.70,0.00,5.34,20.75,9.58,28.83,15.20,9.90,13.98,13.01,4.20,24.63,8.26,12.90,29.51,14.77,17.15,15.91,18.36,9.85,10.09,14.39,18.80,16.07,6.57,11.22,9.71,17.60,14.32,13.69,9.44,7.93,16.95,9.52,13.68,15.46,5.68,11.04,26.60,14.70,21.54,9.41,18.10,9.44,15.25,10.15,29.20,10.95,18.38,7.36,16.66,17.71,13.63,32.07,16.17,14.42,13.67,31.28,30.13,27.24,8.97,18.03,16.99,12.23,15.46,22.98,8.62,24.27,18.39,15.73,9.25,11.28,10.34,10.86,12.16,18.53,17.25,10.39,16.68,33.89,19.60,21.47,18.13,18.61,14.41,29.12,15.80,19.39,35.23,31.32,16.13,16.65,34.39,20.51,23.43,26.21,23.04,18.84,18.92,34.64,18.52,18.93,26.22,19.29,19.58,21.92,21.11,38.63,47.25,20.63,28.12,57.31,30.37,46.15,47.60,47.45,32.91,26.68,46.82
way/1131163538,20.48,45.24,34.64,30.58,31.97,31.61,32.89,34.59,31.19,29.36,25.27,24.13,30.53,31.73,31.88,33.24,34.32,33.14,27.07,30.90,32.01,30.27,29.49,29.28,27.94,32.85,27.84,20.72,28.84,18.32,28.95,29.28,24.32,17.93,20.82,17.20,26.25,27.22,20.79,30.77,15.97,18.53,25.48,22.01,19.41,13.44,11.33,16.35,20.07,24.20,9.78,19.70,23.67,23.34,9.74,16.30,21.75,12.61,20.29,15.02,26.29,29.49,19.65,13.66,18.77,5.82,0.00,24.19,10.25,31.89,18.26,12.96,17.04,16.07,7.26,28.13,11.32,16.79,32.58,17.83,20.65,18.98,21.42,13.74,9.15,18.28,22.30,19.96,10.26,10.29,13.60,21.49,18.21,17.58,13.33,11.62,20.84,13.41,13.62,19.35,8.57,14.93,30.34,18.59,25.43,13.30,21.98,13.13,17.28,14.04,31.18,8.08,20.41,11.05,20.55,21.60,15.60,35.13,20.06,18.31,17.56,34.34,33.19,29.27,11.00,20.00,20.88,16.12,19.35,26.36,10.59,27.65,20.37,19.05,11.23,13.31,12.37,12.89,14.13,20.50,21.14,12.36,20.02,36.55,21.57,23.45,20.92,20.64,16.43,31.09,17.83,21.42,37.89,33.98,18.11,18.68,37.05,22.49,25.40,28.18,25.01,20.87,20.95,37.30,20.55,20.96,28.20,21.32,21.61,23.94,23.13,41.29,49.90,22.66,30.14,59.97,32.40,48.81,50.26,50.11,34.94,28.71,48.84
node/2304484684,14.37,44.46,33.86,29.80,31.19,30.83,25.54,27.24,23.84,22.01,22.29,23.35,23.18,23.51,23.56,22.63,23.71,25.01,20.38,21.78,21.40,21.84,21.27,20.48,17.33,22.66,18.76,15.34,18.23,14.20,18.34,18.67,15.20,26.43,13.34,25.70,15.65,16.61,29.30,20.17,24.59,13.67,14.87,12.79,9.56,22.04,17.12,11.82,8.48,9.87,18.00,8.07,5.49,5.41,16.75,26.56,3.51,15.81,5.59,13.00,5.68,10.38,7.19,11.84,8.95,19.40,23.58,0.00,23.54,17.84,7.75,12.84,9.04,10.44,17.31,7.44,13.80,12.20,18.52,10.56,5.46,8.11,8.18,15.01,24.29,9.36,5.89,6.47,22.33,25.43,13.15,7.70,9.84,11.07,14.60,19.24,8.95,16.35,27.88,9.70,21.05,14.18,13.36,11.01,10.35,16.24,9.16,18.22,29.44,16.97,43.02,25.15,32.57,21.75,12.82,12.36,27.45,19.65,14.29,15.78,16.96,18.86,17.71,16.65,23.18,31.85,15.51,19.05,16.14,12.66,22.82,12.85,32.21,18.06,23.46,25.49,24.54,23.04,26.37,32.35,20.79,24.59,17.65,22.47,33.42,35.29,17.37,15.85,21.95,42.94,23.52,23.47,23.81,19.90,30.34,23.66,22.97,34.72,37.25,40.03,36.86,22.35,21.85,23.22,26.17,26.58,40.04,30.18,29.92,32.45,31.45,27.21,35.83,30.98,38.46,45.89,33.62,34.73,36.18,36.03,36.16,37.02,48.84
node/10011137809,17.32,42.08,31.48,27.42,28.80,28.44,29.72,31.42,28.02,26.19,22.10,20.96,27.36,28.56,28.71,32.50,33.58,29.97,23.91,28.52,31.26,29.13,28.35,29.88,27.19,32.52,25.70,17.55,28.09,15.16,28.20,28.53,21.94,16.34,17.65,15.62,25.51,26.48,19.21,30.03,13.76,19.70,24.73,21.27,20.44,11.96,12.25,17.01,21.48,23.93,12.18,18.86,23.58,23.25,11.15,11.55,22.16,14.01,19.77,14.03,26.20,28.74,18.98,13.04,18.70,10.08,8.94,23.45,0.00,31.15,19.13,14.19,17.88,16.92,10.37,27.33,12.91,15.60,31.83,18.50,19.86,19.64,21.96,12.55,5.43,17.10,21.50,18.78,10.85,6.16,12.41,20.30,17.02,16.40,12.15,12.21,19.65,12.23,10.96,18.17,9.96,13.75,29.31,17.40,24.24,12.12,20.80,13.72,9.41,12.85,28.03,11.70,12.54,11.64,19.37,20.42,13.53,34.39,18.88,17.12,16.37,33.60,32.45,31.08,12.98,13.75,19.70,14.94,18.17,25.69,12.62,26.98,17.21,18.44,13.26,15.29,14.34,14.87,16.16,17.36,19.96,14.39,19.39,36.60,16.92,20.30,20.84,21.61,17.85,27.94,19.80,22.39,37.94,34.03,20.13,19.56,37.10,19.45,22.25,25.04,21.86,21.75,21.92,37.35,22.49,22.91,22.17,23.30,23.58,25.92,25.11,41.34,49.95,22.76,28.31,60.02,34.38,48.86,50.31,50.16,36.91,28.80,50.82
way/326955764,22.33,45.66,35.07,31.01,32.39,31.99,26.68,28.38,24.98,23.15,23.07,26.35,19.39,18.55,17.09,18.26,19.34,19.25,17.65,20.05,17.02,15.37,16.61,14.01,12.95,17.24,17.91,22.43,13.32,20.81,15.01,11.84,21.14,35.24,21.86,34.52,16.54,12.18,38.11,13.18,33.41,22.80,15.34,14.75,17.68,30.35,25.41,21.36,19.11,18.19,26.29,22.43,15.12,17.00,25.05,36.91,20.06,27.91,21.84,25.78,15.60,11.67,23.27,25.23,25.54,28.13,32.33,19.83,32.26,0.00,24.36,28.18,25.64,26.53,26.41,20.94,27.20,26.84,3.92,27.29,22.43,24.83,24.34,28.38,33.64,24.37,20.70,21.48,33.47,34.78,26.25,21.32,22.94,24.18,27.71,31.41,20.51,29.74,37.23,22.80,30.40,27.28,12.64,24.12,20.70,29.63,20.90,31.62,36.82,30.36,52.76,34.50,39.95,32.98,24.65,24.19,37.18,12.40,26.12,27.72,28.88,11.97,10.94,14.18,31.63,41.16,27.34,31.90,26.39,21.61,32.17,16.35,41.94,27.06,32.80,33.58,31.37,31.46,35.71,42.08,29.86,33.89,24.95,17.89,43.15,45.02,24.07,22.56,29.00,52.67,30.23,30.18,13.99,14.96,39.68,30.19,16.10,42.74,46.98,49.76,46.59,27.73,27.75,13.87,31.55,31.97,47.88,35.56,35.30,37.83,36.83,20.82,28.86,36.36,43.84,38.92,39.00,28.34,29.79,29.64,41.54,42.41,42.45
node/12196594520,13.74,40.74,30.14,26.08,27.46,27.11,24.91,26.61,23.21,21.38,20.76,19.62,22.55,23.75,23.90,25.00,26.08,25.00,19.75,22.66,23.76,22.03,21.25,21.04,19.70,24.61,19.60,14.70,20.60,13.56,20.71,21.04,16.08,20.66,12.71,19.93,18.01,18.98,23.52,22.53,18.82,10.43,17.23,13.77,9.86,16.27,13.15,7.74,8.90,14.67,13.64,7.00,11.95,9.73,11.65,22.13,7.28,10.49,4.37,6.30,12.58,16.85,3.72,6.96,2.20,14.98,18.82,6.90,19.11,23.23,0.00,6.14,2.34,3.74,12.57,11.03,9.38,5.50,22.91,5.93,4.00,4.60,4.35,8.32,19.87,7.04,5.17,4.16,17.90,21.00,8.05,5.38,7.52,8.51,9.53,14.66,6.63,11.92,23.46,7.38,16.63,10.12,13.22,8.70,9.63,11.57,6.84,13.80,24.87,12.54,38.60,20.73,28.00,17.33,10.51,10.04,23.02,21.18,11.98,12.53,13.01,20.39,19.24,16.24,18.75,27.42,13.19,14.63,13.75,11.72,18.39,12.13,27.78,14.81,19.03,21.06,20.12,18.61,21.94,27.92,17.54,20.17,16.43,21.75,28.99,30.87,16.88,15.37,17.53,38.51,19.51,22.07,23.10,19.19,25.91,19.24,22.25,30.29,32.82,35.60,32.43,21.43,21.37,22.51,22.17,22.58,35.62,26.18,25.92,28.45,27.45,26.50,35.11,26.98,34.46,45.17,33.13,34.02,35.47,35.31,35.67,33.02,48.12
node/2529991306,16.96,40.50,29.90,25.84,27.23,26.87,28.13,29.83,26.43,24.60,20.52,19.39,25.77,26.98,27.00,27.72,28.80,27.71,22.33,25.38,26.48,24.75,23.97,23.76,22.41,27.32,22.32,17.93,23.32,15.64,23.43,23.75,18.80,15.23,15.93,14.50,20.73,21.70,18.10,25.25,13.39,10.34,19.95,16.49,13.09,10.84,10.41,7.66,12.13,18.68,8.21,9.48,16.05,13.84,6.22,16.70,11.38,6.58,9.01,4.07,16.85,21.79,8.27,2.64,6.42,9.55,13.40,11.84,13.68,26.37,5.91,0.00,4.69,3.73,7.14,15.97,3.95,5.06,27.05,5.49,8.94,6.63,9.07,4.08,14.44,8.25,10.12,9.10,12.47,15.57,4.91,10.32,8.67,8.07,5.40,9.35,11.57,6.49,18.03,10.20,11.20,6.88,18.16,9.29,14.57,6.38,11.78,8.37,19.44,7.11,33.17,15.30,22.57,11.90,11.65,12.70,17.59,26.12,11.15,10.67,10.15,25.33,24.18,21.18,13.32,21.99,13.76,9.20,12.41,16.66,12.96,17.07,22.35,12.69,13.60,15.63,14.69,13.18,16.51,22.49,14.21,14.74,13.63,26.70,23.56,25.44,15.09,15.85,12.10,33.08,14.08,16.64,28.04,24.13,20.48,13.81,27.20,24.86,27.39,30.17,27.00,16.00,16.16,27.45,16.74,17.15,30.19,20.75,20.49,23.02,22.02,31.43,40.05,21.55,29.03,50.12,30.14,38.96,40.41,40.25,32.68,27.59,46.59
node/2078116017,13.44,40.41,29.81,25.75,27.13,26.77,24.61,26.31,22.91,21.08,20.43,19.29,22.25,23.45,23.60,24.70,25.79,24.70,19.45,22.37,23.47,21.73,20.95,20.74,19.40,24.31,19.30,14.40,20.30,13.26,20.41,20.74,15.79,19.49,12.41,18.77,17.72,18.68,22.36,22.23,17.65,10.09,16.94,13.47,9.56,15.10,12.97,7.41,8.60,15.30,12.47,6.70,12.53,10.31,10.48,20.96,7.86,9.31,6.12,5.21,13.33,18.47,4.75,5.79,2.89,13.81,17.65,8.95,17.94,23.36,3.02,4.97,0.00,2.17,11.40,13.07,8.21,3.93,24.04,4.36,6.05,5.50,6.39,7.15,18.70,7.12,7.22,6.20,16.73,19.83,6.88,7.43,7.55,6.95,8.36,13.49,8.68,10.75,22.29,9.08,15.46,8.95,15.26,8.46,11.68,10.40,8.89,12.63,23.70,11.37,37.43,19.56,26.83,16.16,11.17,12.08,21.85,23.22,11.11,10.96,11.84,22.43,21.28,18.28,17.58,26.25,13.38,13.46,12.18,13.72,17.23,14.18,26.61,13.25,17.86,19.89,18.95,17.44,20.77,26.75,15.97,19.00,15.79,23.80,27.82,29.70,18.35,16.91,16.36,37.34,18.34,20.89,25.14,21.23,24.74,18.07,24.30,29.12,31.65,34.43,31.26,20.26,20.43,24.55,21.00,21.42,34.45,25.01,24.75,27.28,26.28,28.54,37.16,25.81,33.29,47.22,34.40,36.06,37.51,37.36,36.94,31.85,50.17
node/5586709673,16.32,43.23,32.62,28.57,29.95,29.59,27.49,29.19,25.79,23.96,23.25,22.11,25.13,26.33,26.48,27.58,28.67,27.58,22.33,25.25,26.35,24.61,23.83,23.62,22.28,27.19,22.18,17.29,23.18,16.14,23.29,23.62,18.67,19.07,15.29,18.34,20.60,21.56,21.93,25.12,17.23,12.74,19.82,16.35,12.45,14.68,13.07,10.05,11.49,18.18,12.05,9.58,15.41,13.20,10.05,20.54,10.74,8.89,8.37,5.31,16.21,21.15,7.63,5.36,5.78,13.38,17.23,11.20,17.52,26.24,5.27,4.55,4.05,0.00,10.98,15.32,7.78,4.41,26.92,4.84,8.30,5.99,8.43,6.72,18.27,7.61,9.47,8.45,16.31,19.41,6.46,9.68,8.03,7.43,7.93,13.07,10.93,10.33,21.87,9.56,15.03,8.53,17.52,8.94,13.93,9.97,11.14,12.20,23.28,10.95,37.01,19.13,26.41,15.73,11.65,12.56,21.43,25.47,11.60,11.44,11.42,24.68,23.54,20.54,17.16,25.83,13.86,13.04,12.66,16.02,16.80,16.43,26.19,13.73,17.44,19.47,18.52,17.02,20.35,26.33,16.45,18.57,16.27,26.05,27.40,29.27,18.83,19.64,15.93,36.92,17.92,20.47,27.39,23.49,24.32,17.64,26.55,28.70,31.23,34.01,30.84,19.83,20.00,26.81,20.58,20.99,34.02,24.59,24.33,26.86,25.86,30.79,39.41,25.38,32.87,49.47,33.98,38.31,39.76,39.61,36.51,31.43,50.42
node/2939048403,17.09,40.28,29.68,25.62,27.00,26.64,27.92,29.62,26.22,24.39,20.30,19.16,25.56,26.72,26.62,27.33,28.41,27.33,22.09,25.00,26.10,24.36,23.58,23.37,22.03,26.94,21.93,17.43,22.93,15.04,23.04,23.37,18.42,14.81,16.06,14.09,20.35,21.31,17.68,24.86,12.97,12.62,19.57,16.10,13.50,10.42,7.71,10.44,14.16,18.29,5.52,12.97,17.76,17.43,3.50,14.76,15.84,5.50,13.41,8.14,20.38,23.58,12.76,6.78,12.15,3.40,7.59,17.37,11.74,25.98,11.64,6.34,10.42,9.46,0.00,21.25,4.05,10.69,26.67,11.22,13.77,12.36,14.80,7.64,11.73,12.18,15.42,13.86,7.34,12.87,7.49,15.38,12.10,11.48,7.23,5.00,14.74,7.31,15.32,13.25,6.49,8.83,23.46,12.49,19.32,7.20,15.88,7.33,16.89,7.93,30.85,12.59,20.02,8.18,14.45,15.50,15.27,29.22,13.96,12.21,11.46,28.43,27.28,26.16,10.61,19.67,14.78,10.02,13.25,20.77,10.25,22.06,20.03,13.52,10.89,12.92,11.98,12.50,13.80,20.17,15.04,12.03,14.47,31.68,21.24,23.11,15.92,16.69,12.93,30.76,14.91,17.47,33.02,29.11,17.77,14.64,32.18,22.15,25.07,27.85,24.68,16.83,17.00,32.43,17.57,17.99,27.86,20.93,21.22,23.55,22.75,36.42,45.03,22.27,29.76,55.10,30.97,43.94,45.39,45.24,33.51,28.32,47.42
way/223128134,19.06,48.22,37.62,33.56,34.94,34.58,30.23,31.93,28.53,26.70,26.98,27.10,25.66,24.82,23.36,22.43,23.51,25.52,24.07,24.47,21.19,21.64,21.99,20.27,17.12,22.45,19.57,20.02,18.03,18.88,18.14,18.47,19.03,29.82,18.03,29.10,15.44,16.41,32.69,19.96,27.99,17.90,14.66,13.92,13.89,25.43,20.62,15.22,13.16,11.31,22.39,12.76,7.39,7.75,20.31,29.95,8.20,19.20,10.28,16.39,7.58,10.17,10.58,15.23,12.34,22.80,26.98,4.63,26.93,17.63,11.15,16.23,12.43,13.83,20.70,0.00,17.20,14.90,18.32,13.96,8.85,11.50,11.57,17.89,27.69,11.97,8.53,9.09,25.72,28.82,15.76,10.31,12.45,13.69,17.22,22.63,11.56,19.74,31.28,12.31,24.45,16.79,13.16,13.62,12.98,19.26,11.77,21.62,32.83,20.36,45.95,28.58,35.97,25.16,15.44,14.97,30.37,19.45,16.91,18.39,19.57,18.66,17.51,16.44,26.54,34.77,18.12,22.50,18.75,14.57,26.21,15.49,35.13,20.67,26.85,28.78,26.68,25.84,29.76,35.27,23.40,27.99,19.56,24.48,36.34,38.21,19.28,17.77,24.21,45.86,25.44,25.39,23.62,22.54,33.73,25.76,25.61,38.11,40.17,42.95,39.77,24.26,23.76,23.49,28.08,28.50,42.96,32.09,31.83,34.36,33.36,29.85,38.47,32.89,40.37,48.53,35.53,37.37,38.82,38.67,38.07,38.94,51.48
node/2951316219,19.21,42.23,31.63,27.57,28.95,28.60,29.87,31.57,28.17,26.34,22.25,21.12,27.51,28.71,28.73,29.45,30.53,29.44,24.06,27.11,28.21,26.48,25.70,25.49,24.14,29.05,24.04,19.76,25.04,17.37,25.15,25.48,20.53,17.11,18.18,16.38,22.46,23.43,19.97,26.98,15.27,12.07,21.68,18.21,15.61,12.72,12.29,9.38,15.19,20.40,10.09,11.24,19.20,16.98,7.59,15.21,14.53,7.44,12.14,6.41,20.00,25.14,11.35,5.41,10.46,8.05,12.23,15.83,12.18,28.10,9.95,5.21,8.73,7.76,5.21,19.71,0.00,9.09,28.78,9.53,12.23,10.66,13.11,5.76,12.94,11.42,13.88,13.11,10.97,14.07,6.74,14.36,11.35,10.72,5.98,8.41,13.98,6.04,16.53,12.49,9.70,7.92,21.92,11.52,18.33,5.93,15.07,7.92,18.08,6.66,32.05,13.80,21.21,11.45,13.24,14.29,16.48,29.88,12.75,10.94,10.17,29.09,27.94,24.88,11.82,20.88,13.49,8.75,11.96,19.62,11.46,20.84,21.24,12.23,12.10,14.13,13.19,12.73,15.01,21.38,13.76,13.24,13.18,30.46,22.45,24.32,14.63,15.40,11.65,31.97,13.63,16.18,31.80,27.89,18.98,13.35,30.96,23.36,26.28,29.06,25.88,15.55,15.71,31.21,16.29,16.70,29.07,20.30,20.04,22.57,21.57,35.20,43.82,21.10,28.58,53.88,29.69,42.72,44.17,44.02,32.23,27.14,46.13
way/681503955,14.58,41.55,30.95,26.89,28.27,27.91,25.75,27.45,24.05,22.22,21.57,20.43,23.39,24.59,24.74,25.84,26.93,25.84,20.59,23.51,24.61,22.87,22.09,21.88,20.54,25.45,20.44,15.54,21.44,14.40,21.55,21.88,16.93,19.06,13.55,18.34,18.86,19.82,21.93,23.38,17.23,11.23,18.08,14.61,10.70,14.67,13.06,8.54,9.75,16.44,12.04,7.84,13.67,11.45,10.05,20.54,9.00,8.89,7.09,5.31,14.47,19.61,5.89,5.36,4.03,13.38,17.23,9.92,17.51,24.50,3.98,4.55,2.31,1.34,10.97,14.04,7.78,0.00,25.18,2.90,7.02,4.04,6.48,6.72,18.27,6.30,8.19,7.17,16.30,19.41,6.34,8.40,6.72,6.12,7.81,13.06,9.65,10.32,21.86,8.25,15.03,8.41,16.23,7.63,12.65,9.86,9.86,12.20,23.27,10.95,37.00,19.13,26.40,15.73,10.34,11.26,21.42,24.19,10.29,10.13,11.10,23.40,22.25,19.25,17.15,25.82,12.55,13.03,11.35,14.74,16.80,15.15,26.18,12.42,17.43,19.46,18.52,17.01,20.34,26.32,15.15,18.57,14.96,24.77,27.39,29.27,17.52,18.05,15.93,36.91,17.91,20.41,26.11,22.20,24.31,17.64,25.27,28.69,31.22,34.01,30.83,19.83,19.98,25.52,20.57,20.99,34.02,24.58,24.32,26.85,25.85,29.51,38.13,25.38,32.86,48.19,33.95,37.03,38.48,38.33,36.49,31.43,50.40
way/568771392,22.46,44.57,33.97,29.91,31.29,30.89,25.58,27.28,23.88,22.05,21.96,25.25,18.29,17.45,15.99,17.16,18.24,18.15,16.55,18.95,15.92,14.27,15.51,12.91,11.85,16.14,16.81,23.54,12.22,21.92,13.91,10.74,21.39,35.59,22.97,34.87,15.44,11.07,38.46,12.45,33.16,23.91,14.24,15.86,18.78,31.45,26.52,22.47,20.22,19.30,27.40,23.54,16.23,18.11,26.15,37.80,21.17,29.02,22.95,26.89,16.71,12.78,22.82,26.34,25.10,29.24,33.43,20.94,33.37,3.91,23.91,29.00,25.19,26.59,27.52,22.05,28.30,26.39,0.00,26.84,21.98,24.38,23.89,27.94,34.75,23.92,20.25,21.03,34.57,35.88,25.80,20.87,22.50,23.73,27.26,32.52,20.06,29.94,38.34,22.36,31.51,26.83,12.20,23.67,20.26,29.30,20.46,31.81,37.93,30.86,53.87,35.61,41.06,32.53,24.20,23.74,38.29,10.70,25.68,27.27,28.44,10.27,9.24,13.74,31.19,42.26,26.89,31.46,25.94,21.16,33.27,15.90,43.05,26.62,33.91,33.13,30.92,31.02,35.27,43.19,29.41,33.44,24.50,16.19,44.26,46.13,23.63,22.11,28.55,53.78,29.78,29.73,12.29,13.26,40.11,29.74,14.40,42.29,48.09,50.87,47.70,27.28,27.31,12.17,31.11,31.52,47.44,35.12,34.86,37.38,36.38,19.12,27.16,35.91,43.39,37.23,38.55,26.64,28.09,27.94,41.09,41.96,40.75
node/4678874493,17.92,44.62,34.02,29.96,31.35,30.99,29.10,30.79,27.39,25.56,24.64,23.51,26.73,27.94,28.08,29.19,30.27,29.18,23.93,26.85,27.95,26.21,25.44,25.23,23.88,28.79,23.78,18.89,24.78,17.75,24.89,25.22,20.27,22.46,16.89,21.73,22.20,23.17,25.32,26.72,20.62,14.31,21.42,17.95,14.05,18.07,16.46,11.62,13.09,17.48,15.44,10.97,13.09,12.47,13.45,23.93,10.51,12.28,7.59,8.70,13.28,17.55,6.95,8.75,6.62,16.77,20.62,7.60,20.91,23.93,4.07,7.94,5.03,4.74,14.37,11.73,11.18,6.50,23.61,0.00,4.96,1.14,3.58,10.12,21.67,8.60,5.88,5.71,19.70,22.80,9.74,6.93,9.07,9.52,11.21,16.46,8.18,13.72,25.26,8.93,18.43,11.80,13.92,10.25,10.33,13.25,8.39,15.60,26.67,14.34,40.40,22.52,29.80,19.12,12.06,11.59,24.82,21.88,13.53,13.53,14.49,21.09,19.94,16.94,20.55,29.22,14.74,16.43,14.75,12.88,20.19,12.83,29.58,15.81,20.83,22.86,21.92,20.41,23.74,29.72,18.54,21.96,17.87,22.45,30.79,32.66,17.58,16.07,19.32,40.31,21.31,23.69,23.80,19.89,27.71,21.04,22.95,32.09,34.62,37.40,34.23,22.56,22.07,23.21,23.97,24.38,37.42,27.98,27.72,30.25,29.25,27.20,35.81,28.78,36.26,45.88,33.83,34.72,36.16,36.01,36.37,34.82,48.82
node/7341225608,16.26,42.96,32.35,28.30,29.68,29.32,27.43,29.13,25.73,23.90,22.98,21.84,25.07,26.27,26.42,27.30,28.38,27.52,22.27,25.18,26.06,24.55,23.77,23.56,21.99,27.12,22.12,17.22,22.89,16.08,23.00,23.33,18.60,23.40,15.23,22.67,20.31,21.27,26.26,24.83,21.56,12.64,19.53,16.29,12.38,19.01,15.36,9.95,11.42,14.96,16.38,9.31,10.58,9.62,14.39,24.69,8.21,13.22,5.93,9.04,10.77,15.04,5.28,9.69,4.99,17.53,21.56,5.09,21.67,21.41,3.79,8.88,5.08,6.48,15.31,9.21,11.93,8.24,21.10,6.71,0.00,4.26,4.33,11.06,22.42,6.83,3.36,3.94,20.46,23.56,10.62,5.17,7.31,8.54,12.08,17.37,6.42,14.48,26.02,7.17,19.18,11.65,11.40,8.48,7.82,14.12,6.63,16.35,27.57,15.10,40.80,23.28,30.70,19.88,10.29,9.83,25.23,19.36,11.77,13.25,14.43,18.57,17.42,14.42,21.31,29.63,12.98,17.18,13.61,10.36,20.95,10.32,29.99,15.53,21.59,23.62,22.47,20.70,24.50,30.13,18.26,22.72,15.35,19.94,31.20,33.07,15.07,13.55,20.00,40.72,21.23,21.18,21.28,17.38,28.47,21.55,20.44,32.85,35.02,37.81,34.63,20.05,19.55,20.70,23.87,24.29,37.82,27.88,27.62,30.15,29.15,24.68,33.30,28.68,36.16,43.36,31.32,32.20,33.65,33.50,33.86,34.73,46.31
node/12425250871,17.19,44.16,33.56,29.50,30.88,30.52,28.37,30.06,26.67,24.83,24.18,23.05,26.00,27.21,27.35,28.46,29.54,28.45,23.20,26.12,27.22,25.48,24.71,24.50,23.15,28.06,23.05,18.16,24.05,17.02,24.16,24.49,19.54,21.68,16.16,20.95,21.47,22.43,24.54,25.99,19.84,13.85,20.69,17.23,13.32,17.29,15.68,11.16,12.36,19.05,14.65,10.45,16.29,14.07,12.66,20.75,11.62,11.50,9.71,7.92,17.08,22.22,8.50,7.97,6.65,13.59,17.77,12.53,17.73,27.11,6.60,7.16,4.92,3.96,11.50,16.66,10.33,2.61,27.79,5.51,9.63,0.00,9.10,7.33,18.48,5.36,10.80,7.04,16.52,19.62,6.25,8.83,6.63,6.03,7.73,13.06,9.65,10.40,22.07,8.16,15.24,8.32,18.85,7.54,13.73,9.77,10.29,12.28,23.63,11.75,37.59,19.34,26.76,15.81,10.25,11.16,22.01,26.80,10.19,10.04,11.00,26.02,24.87,20.56,17.37,26.41,12.46,13.84,11.26,15.17,17.01,16.46,26.77,12.32,17.65,19.68,18.73,17.33,20.55,26.91,15.05,18.78,14.87,26.08,27.98,29.85,17.43,18.24,16.75,37.50,18.73,20.32,27.42,23.52,24.52,18.46,26.58,28.90,31.81,34.59,31.42,20.65,19.89,26.83,21.39,21.81,34.60,25.40,25.15,27.68,26.68,30.82,39.44,26.20,33.68,49.50,33.86,38.34,39.79,39.64,36.40,32.25,50.31
node/178821228,17.48,44.18,33.58,29.52,30.90,30.54,28.65,30.35,26.95,25.12,24.20,23.06,26.29,27.49,27.64,28.74,29.82,28.74,23.49,26.41,27.51,25.77,24.99,24.78,23.44,28.35,23.34,18.44,24.34,17.30,24.45,24.78,19.83,24.59,16.45,23.87,21.76,22.72,27.45,26.27,22.75,13.86,20.98,17.51,13.60,20.20,16.59,11.18,12.65,17.03,17.57,10.53,12.65,12.03,15.58,25.92,10.06,14.41,7.15,10.23,12.84,17.11,6.50,10.88,6.18,18.76,22.75,7.16,22.89,23.48,3.50,10.07,6.27,7.31,16.50,11.28,13.16,9.07,23.17,6.91,4.52,4.45,0.00,12.25,23.65,8.15,5.43,5.26,21.68,24.79,11.94,6.49,8.63,9.86,13.40,18.59,7.74,15.70,27.24,8.49,20.41,12.97,13.47,9.80,9.89,15.44,7.95,17.58,28.79,16.32,42.12,24.51,31.93,21.11,11.61,11.15,26.54,21.43,13.09,14.56,15.75,20.64,19.49,16.49,22.53,30.95,14.30,18.41,14.93,12.43,22.18,12.39,31.30,16.85,22.81,24.84,23.87,22.02,25.72,31.45,19.57,23.95,17.42,22.01,32.51,34.39,17.14,15.62,21.30,42.03,23.29,23.25,23.35,19.45,29.69,23.02,22.51,34.07,36.34,39.12,35.95,22.12,21.62,22.77,25.94,26.36,39.14,29.95,29.69,32.22,31.22,26.75,35.37,30.75,38.23,45.43,33.39,34.27,35.72,35.57,35.93,36.79,48.38
way/261806925,19.55,42.57,31.97,27.91,29.30,28.94,30.21,31.91,28.52,26.68,22.59,21.46,27.86,29.06,29.07,29.79,30.87,29.78,24.40,27.45,28.55,26.82,26.04,25.83,24.48,29.39,24.38,20.11,25.38,17.71,25.50,25.82,20.87,17.30,18.52,16.57,22.80,23.77,20.17,27.32,15.46,12.41,22.02,18.56,15.95,12.91,12.48,9.72,15.00,20.75,10.28,11.55,18.93,16.71,8.29,16.47,14.26,8.65,11.89,6.14,19.73,24.67,11.15,4.71,9.29,9.31,13.50,14.72,13.45,28.44,8.78,3.72,7.57,6.60,7.22,18.84,4.21,6.20,29.12,8.36,11.81,9.50,11.95,0.00,14.20,7.69,12.99,9.38,12.24,15.34,3.54,11.01,7.62,7.01,3.96,7.93,10.36,6.19,17.80,8.87,10.96,4.54,20.01,7.92,14.95,6.01,11.51,8.07,19.35,7.47,33.32,15.06,22.48,11.60,10.28,11.33,17.74,27.97,9.79,9.31,8.78,27.18,26.03,21.78,13.09,22.14,12.40,9.56,11.24,16.39,12.73,17.68,22.50,12.33,13.37,15.40,14.45,13.54,16.27,22.64,14.59,14.50,14.01,27.30,23.71,25.59,15.46,16.23,12.47,33.23,14.46,17.01,28.64,24.73,20.25,14.18,27.80,24.63,27.54,30.32,27.15,16.38,16.54,28.05,17.12,17.53,30.34,21.13,20.87,23.40,22.40,32.04,40.66,21.93,29.41,50.72,30.52,39.56,41.01,40.86,33.05,27.97,46.96
node/12144695461,20.88,45.64,35.04,30.98,32.36,32.00,33.28,34.98,31.58,29.75,25.66,24.52,30.92,32.12,32.27,35.80,36.88,33.53,27.47,32.09,34.56,32.69,31.91,31.84,30.49,35.40,29.26,21.12,31.39,18.72,31.50,31.83,25.50,19.91,21.21,19.18,28.81,29.78,21.64,33.33,17.32,21.09,28.03,24.57,21.96,15.52,15.82,18.90,22.63,26.75,13.99,21.38,26.22,25.89,12.30,13.47,24.30,15.16,22.29,16.55,28.85,32.04,21.50,15.55,21.22,12.27,8.92,25.97,5.86,34.45,20.81,15.51,19.60,18.63,12.62,29.85,15.43,18.12,35.13,20.39,22.38,21.53,23.98,15.07,0.00,19.61,24.02,21.30,10.66,2.11,14.93,22.82,19.54,18.92,14.66,11.34,22.17,13.07,6.53,20.68,7.43,16.27,30.99,19.62,26.46,14.64,22.67,12.15,11.32,15.12,26.59,8.51,14.46,10.07,20.84,21.89,11.01,36.06,20.35,18.80,17.93,35.27,34.12,28.13,9.87,15.66,21.25,15.37,19.72,25.23,9.51,26.51,15.78,17.92,10.15,12.18,11.23,11.75,13.05,15.92,20.05,11.28,18.89,35.41,16.98,18.86,19.78,19.50,15.30,26.50,16.69,20.29,36.75,32.84,17.02,17.54,35.91,21.36,20.82,23.60,20.42,19.73,19.82,36.16,19.41,19.82,24.08,20.19,20.47,22.81,22.00,40.15,48.77,21.53,29.01,58.83,31.26,47.67,49.12,48.97,33.80,27.57,47.71
node/184049470,18.61,45.58,34.98,30.92,32.30,31.94,29.78,31.48,28.08,26.25,25.60,24.46,27.42,28.62,28.77,29.87,30.95,29.87,24.62,27.54,28.64,26.90,26.12,25.91,24.57,29.48,24.47,19.57,25.47,18.43,25.58,25.91,20.96,22.50,17.58,21.77,22.89,23.85,25.37,27.40,20.66,15.26,22.11,18.64,14.73,18.11,17.09,12.57,13.78,19.78,15.48,11.87,15.48,14.87,13.32,20.56,13.03,12.92,10.84,9.34,15.68,18.64,9.92,9.39,8.06,13.40,17.58,10.00,17.54,24.55,8.01,8.58,6.34,5.37,11.31,12.71,10.14,4.03,24.24,6.93,8.61,8.07,8.24,7.14,18.29,0.00,6.50,2.24,16.33,19.43,6.06,4.03,4.88,5.82,7.54,12.87,5.27,10.21,21.88,4.67,15.05,8.13,14.54,5.98,8.93,9.58,5.48,12.09,23.44,11.56,37.39,19.15,26.57,15.62,8.70,8.69,21.82,22.50,10.00,9.85,10.80,21.71,20.56,15.76,17.18,26.22,11.39,13.65,11.06,10.37,16.82,11.66,26.58,12.13,17.46,19.49,18.54,17.13,20.36,26.72,14.85,18.59,14.67,21.28,27.79,29.66,16.38,14.86,16.56,37.31,18.54,20.12,22.62,18.71,24.33,18.27,21.78,28.71,31.62,34.40,31.23,20.46,19.69,22.03,21.20,21.62,34.41,25.21,24.96,27.48,26.48,26.02,34.63,26.01,33.49,44.70,32.63,33.54,34.99,34.84,35.16,32.06,47.64
node/10827905563,17.09,43.79,33.19,29.13,30.51,30.15,28.26,29.96,26.56,24.73,23.81,22.67,25.90,27.10,27.25,26.36,27.44,28.35,23.10,26.02,25.12,25.38,24.60,24.21,21.06,26.39,22.95,18.05,21.96,16.91,22.07,22.40,19.43,25.39,16.06,24.67,19.38,20.34,28.26,23.89,23.55,13.47,18.60,17.12,13.21,21.00,16.19,10.79,12.25,15.25,17.96,10.18,10.98,10.74,15.88,25.52,9.10,14.77,6.79,11.56,11.17,14.10,6.15,10.80,7.51,18.37,22.55,5.98,22.50,20.68,6.31,11.40,7.60,9.00,16.27,8.17,12.76,9.25,20.37,9.24,4.59,6.79,6.29,12.24,23.25,6.33,0.00,3.44,21.29,24.39,10.11,4.66,6.80,8.04,11.57,17.14,5.91,14.24,26.85,6.66,20.02,11.14,10.67,7.97,7.08,13.61,6.12,16.12,28.05,15.59,40.29,22.93,31.18,19.51,9.79,9.32,24.72,18.63,11.26,12.74,13.92,17.84,16.69,13.69,20.89,29.12,12.47,16.86,13.10,9.63,20.87,9.59,29.48,15.02,21.51,23.84,21.74,20.19,24.22,29.62,17.75,22.64,14.62,19.21,30.69,32.56,14.34,12.82,19.26,40.21,20.49,20.44,20.55,16.64,28.38,20.82,19.71,32.77,34.52,37.30,34.12,19.31,18.82,19.96,23.14,23.55,37.31,27.15,26.89,29.42,28.42,23.95,32.56,27.95,35.43,42.63,30.58,31.47,32.92,32.77,33.12,33.99,45.57
node/2651530874,20.18,46.88,36.28,32.22,33.61,33.25,31.36,33.05,29.65,27.82,26.90,25.77,29.00,30.20,30.34,29.90,30.99,31.44,26.19,29.11,28.67,28.48,27.70,27.49,24.60,29.93,26.04,21.15,25.50,20.01,25.61,25.94,22.53,24.08,19.15,23.36,22.92,23.88,26.95,27.44,22.25,16.57,22.14,20.21,16.31,19.70,18.68,13.88,15.35,18.79,17.07,13.23,14.49,13.88,14.90,22.14,12.12,14.50,9.85,10.92,14.69,17.65,9.21,10.97,8.88,14.99,19.17,9.00,19.12,23.56,7.69,10.16,7.92,6.96,12.89,11.72,11.73,5.61,23.25,8.51,7.62,8.91,7.25,8.72,19.88,2.47,5.51,0.00,17.91,21.02,7.65,3.04,4.66,5.89,9.12,14.45,4.28,11.80,23.47,4.44,16.64,8.99,13.55,5.76,7.94,11.16,4.49,13.67,25.02,13.15,38.15,20.74,28.15,17.20,8.16,7.70,22.57,21.51,9.63,10.77,11.84,20.72,19.57,14.77,18.74,26.97,10.85,14.71,11.47,9.38,18.40,10.67,27.33,13.05,19.04,21.07,19.89,18.04,21.95,27.47,15.78,20.18,14.09,20.29,28.54,30.42,15.39,13.87,17.77,38.06,19.95,21.05,21.63,17.72,25.92,19.68,20.79,30.30,32.37,35.15,31.98,20.36,19.87,21.04,22.61,23.02,35.17,26.62,26.36,28.89,27.89,25.03,33.65,27.42,34.90,43.71,31.64,32.55,34.00,33.85,34.17,33.46,46.66
way/511539213,21.88,46.26,35.66,31.60,32.98,32.62,33.90,35.60,32.20,30.37,26.28,25.14,31.54,32.70,32.60,33.31,34.39,33.31,28.07,30.98,32.08,30.34,29.56,29.35,28.01,32.92,27.91,22.12,28.91,19.72,29.02,29.35,24.39,18.89,22.04,18.17,26.32,27.29,21.75,30.84,17.05,17.30,25.55,22.08,19.48,14.50,12.29,14.62,20.14,24.27,10.75,16.47,23.74,22.22,9.81,14.47,19.77,11.82,17.38,11.64,25.23,29.56,16.59,10.65,16.31,7.05,9.74,21.06,11.45,31.96,16.74,11.87,15.49,14.53,6.64,24.94,10.42,13.21,32.65,16.11,17.47,17.25,19.57,10.16,8.63,14.70,19.11,16.39,0.00,9.77,10.02,17.91,14.63,14.01,9.75,6.61,17.26,9.16,12.53,15.77,2.78,11.36,26.92,15.01,21.85,9.73,18.41,8.24,14.10,10.46,28.05,9.49,17.23,6.16,16.97,18.02,12.48,34.02,16.48,14.73,13.98,33.23,32.08,26.09,7.82,16.88,17.30,12.54,15.78,23.18,7.46,24.47,17.24,15.88,8.10,10.13,9.19,9.71,11.01,17.38,17.57,9.24,16.84,33.37,18.45,20.32,17.74,17.46,13.26,27.97,14.65,18.24,34.71,30.80,14.98,15.50,33.87,19.36,22.28,25.06,21.88,17.69,17.77,34.12,17.37,17.78,25.07,18.14,18.43,20.77,19.96,38.11,46.73,19.48,26.97,56.79,29.22,45.63,47.08,46.93,31.76,25.53,45.67
node/4666017389,22.06,46.82,36.22,32.16,33.55,33.18,34.46,36.16,32.76,30.93,26.84,25.70,32.10,33.30,33.45,37.60,38.68,34.72,28.65,33.27,36.36,33.87,33.09,33.64,32.29,37.20,30.44,22.30,33.20,19.90,33.30,33.63,26.69,21.10,22.39,20.38,30.61,31.58,19.57,35.13,18.52,22.89,29.83,26.37,23.76,16.70,17.00,20.70,24.43,28.55,15.79,23.18,28.02,27.69,14.10,11.40,26.10,16.96,24.09,18.35,30.65,33.84,23.30,17.36,23.02,13.45,10.10,27.77,7.04,36.25,22.61,17.31,21.40,20.43,13.80,31.65,17.23,19.92,36.93,22.19,24.18,23.33,25.77,16.87,3.17,21.41,25.82,23.10,11.85,0.00,16.73,24.23,21.25,20.63,16.32,12.52,23.17,14.25,5.19,20.80,8.61,17.11,31.03,19.13,25.97,15.13,22.18,13.34,9.02,14.63,25.25,9.66,12.15,10.11,20.35,21.40,9.67,36.11,19.86,18.31,17.70,35.32,34.17,28.18,9.91,13.35,21.29,14.95,19.77,25.27,9.76,26.56,14.44,17.96,10.40,12.22,11.28,11.80,12.09,14.57,20.10,11.15,18.93,35.46,15.64,17.52,19.83,19.55,15.35,25.16,16.74,20.33,36.80,32.89,17.28,17.58,35.96,19.61,19.47,22.25,19.08,19.78,19.86,36.21,19.45,19.87,22.27,20.23,20.52,22.85,22.05,40.20,48.81,21.57,28.48,58.88,31.31,47.72,49.17,49.02,33.85,27.62,47.76
node/2621636923,19.10,43.49,32.89,28.83,30.22,29.86,30.27,31.97,28.57,26.74,23.52,22.38,27.91,29.11,29.26,30.36,31.45,30.36,25.11,28.03,29.13,27.39,26.61,26.40,25.06,29.97,24.96,20.06,25.96,18.63,26.07,26.40,21.45,18.60,18.07,17.87,23.38,24.34,21.46,27.89,16.76,13.33,22.60,19.13,15.22,14.21,13.77,10.65,14.26,20.96,11.57,12.36,18.19,15.97,9.41,16.65,13.52,10.36,11.46,7.67,18.99,22.50,10.41,6.67,8.55,9.50,13.68,13.86,13.63,26.90,8.36,5.69,6.83,5.86,7.40,16.57,6.17,4.55,26.59,7.45,11.39,8.59,11.03,2.95,14.39,6.04,10.36,7.72,12.42,15.53,0.00,7.89,4.87,3.99,2.12,7.69,7.24,4.79,17.98,5.75,11.15,2.76,16.89,4.99,11.83,4.16,8.39,6.67,19.53,6.24,32.02,14.66,22.67,10.20,7.44,8.49,16.45,24.85,6.95,6.47,5.95,24.06,22.91,18.67,12.28,20.85,9.56,8.32,8.41,13.28,12.60,14.56,21.21,9.49,13.24,15.38,13.77,11.92,15.95,21.35,12.09,14.37,12.03,24.18,22.42,24.29,14.23,15.00,11.24,31.93,13.22,15.78,25.53,21.62,20.11,12.95,24.68,24.49,26.25,29.03,25.85,15.14,15.31,24.94,15.88,16.30,29.04,19.89,19.63,22.16,21.16,28.93,37.54,20.69,28.17,47.61,29.28,36.45,37.89,37.74,31.82,26.73,45.73
node/902327015,18.75,45.45,34.85,30.79,32.18,31.82,29.93,31.62,28.23,26.39,25.47,24.34,27.57,28.77,28.91,28.48,29.56,30.01,24.76,27.68,27.24,27.05,26.27,26.06,23.17,28.50,24.61,19.72,24.07,18.58,24.18,24.51,21.10,25.86,17.72,25.14,21.49,22.45,28.73,26.01,24.03,15.14,20.71,18.79,14.88,21.48,17.86,12.45,13.92,17.36,18.84,11.80,13.06,12.45,16.85,25.25,10.70,15.69,8.42,11.50,13.26,16.22,7.78,12.16,7.46,18.09,22.27,7.58,22.22,22.13,6.26,11.35,7.54,8.94,15.99,10.29,14.43,8.71,21.82,9.94,6.19,7.48,5.82,11.60,22.98,5.79,4.08,2.91,21.01,24.12,9.47,0.00,6.16,7.39,10.93,16.50,4.78,13.60,26.43,6.02,19.74,10.50,12.12,7.33,8.53,12.97,5.29,15.48,27.40,14.95,39.66,22.29,30.54,18.87,8.95,8.49,24.08,20.08,10.43,12.02,13.19,19.29,18.14,15.14,20.25,28.48,11.64,16.21,12.27,10.17,20.23,11.04,28.84,14.37,20.87,23.35,21.40,19.55,23.58,28.98,17.10,22.00,14.88,20.66,30.05,31.92,15.79,14.27,19.28,39.57,21.45,21.89,22.00,18.09,27.75,21.18,21.16,32.12,33.88,36.66,33.48,20.76,20.27,21.41,24.12,24.53,36.67,28.12,27.87,30.39,29.39,25.40,34.02,28.92,36.41,44.08,32.04,32.92,34.37,34.22,34.58,34.97,47.02
node/363997548,19.66,46.63,36.03,31.97,33.35,32.99,30.83,32.53,29.13,27.30,26.65,25.51,28.47,29.68,29.82,30.93,32.01,30.92,25.67,28.59,29.69,27.95,27.18,26.96,25.62,30.53,25.52,20.62,26.52,19.48,26.63,26.96,22.01,22.48,18.63,21.75,23.94,24.90,25.35,28.46,20.64,16.31,23.16,19.69,15.79,18.09,17.66,13.63,14.83,20.52,15.46,12.92,16.23,15.61,13.30,20.54,13.86,13.97,11.59,10.39,16.42,19.38,10.94,10.43,9.12,13.38,17.56,10.74,17.52,23.78,9.07,8.74,7.39,6.42,11.29,13.45,9.84,5.08,23.47,7.98,9.35,9.12,8.98,6.83,18.27,2.87,7.24,4.78,16.31,19.41,4.69,4.77,0.00,2.62,6.16,11.72,4.12,8.83,21.69,2.63,15.03,5.76,13.78,3.08,8.71,8.20,5.27,10.71,22.67,10.21,34.92,17.55,25.80,14.13,5.66,6.62,19.34,21.73,7.56,7.81,8.61,20.94,19.79,15.55,15.51,23.74,8.35,11.48,9.03,10.15,15.50,11.44,24.10,10.09,16.13,18.61,16.66,14.81,18.85,24.24,12.82,17.27,12.64,21.07,25.31,27.19,14.41,14.01,14.54,34.83,16.72,18.09,22.41,18.50,23.01,16.45,21.57,27.39,29.14,31.92,28.75,18.64,17.66,21.82,19.38,19.80,31.94,23.39,23.13,25.66,24.66,25.80,34.42,24.19,31.67,44.48,31.63,33.33,34.77,34.62,34.17,30.23,47.43
node/1128664813,18.18,45.15,34.55,30.49,31.87,31.51,29.35,31.05,27.65,25.82,25.17,24.03,26.99,28.19,28.34,29.44,30.52,29.44,24.19,27.11,28.21,26.47,25.69,25.48,24.14,29.05,24.04,19.14,25.04,18.00,25.15,25.48,20.53,20.79,17.15,20.07,22.46,23.42,23.66,26.98,18.95,14.83,21.68,18.21,14.30,16.40,15.97,12.15,13.35,20.04,13.77,11.44,16.61,15.05,11.61,18.85,12.60,12.29,10.69,8.71,16.80,19.77,9.49,8.74,7.63,11.69,15.88,11.12,15.83,24.17,7.58,7.05,5.91,4.94,9.60,13.84,8.15,3.60,23.85,6.50,9.74,7.64,9.37,5.14,16.58,4.61,7.63,5.58,14.62,17.72,3.01,5.16,2.13,0.00,4.47,10.04,4.51,7.14,20.18,3.02,13.34,4.45,14.16,3.14,9.10,6.51,5.65,9.02,21.36,8.59,33.61,16.24,24.49,12.55,5.71,6.68,18.03,22.12,7.07,6.92,7.30,21.33,20.18,15.93,14.20,22.43,8.40,10.17,8.13,10.54,14.18,11.83,22.79,9.20,14.82,17.30,15.35,13.50,17.53,22.93,11.93,15.95,11.75,21.45,24.00,25.87,14.31,14.06,13.23,33.52,15.40,17.20,22.79,18.88,21.70,15.13,21.95,26.08,27.83,30.61,27.44,17.32,16.77,22.20,18.07,18.48,30.62,22.08,21.82,24.35,23.35,26.19,34.80,22.88,30.36,44.87,30.74,33.71,35.16,35.01,33.28,28.92,47.18
node/4610137789,19.53,42.55,31.95,27.90,29.28,28.92,30.20,31.90,28.50,26.67,22.58,21.44,27.84,29.04,29.06,29.77,30.85,29.77,24.39,27.43,28.54,26.80,26.02,25.81,24.47,29.38,24.37,20.09,25.37,17.69,25.48,25.81,20.86,17.71,18.50,16.99,22.79,23.75,20.58,27.30,15.88,12.40,22.01,18.54,15.94,13.32,12.89,9.71,15.51,20.73,10.69,11.56,19.52,17.31,8.53,16.49,14.85,9.48,12.36,6.73,20.32,24.31,11.68,5.79,10.04,9.33,13.51,15.67,13.46,28.43,9.84,5.77,8.31,7.35,7.24,18.38,5.66,6.04,28.40,8.94,12.56,10.07,12.52,4.01,14.22,7.53,12.17,9.21,12.25,15.36,1.81,9.70,6.67,5.79,0.00,5.57,9.05,2.67,16.95,7.40,9.46,2.18,18.70,6.04,13.62,2.04,9.83,4.55,17.93,4.12,30.18,12.81,21.06,8.08,7.79,8.85,14.60,26.66,7.31,6.98,6.46,25.87,24.72,20.42,10.16,19.00,9.91,6.21,8.76,15.03,10.75,16.32,19.36,9.71,11.39,13.26,12.04,10.19,14.10,19.50,11.23,12.53,10.66,25.94,20.57,22.45,12.11,12.88,9.12,30.09,11.10,13.66,27.28,23.37,18.27,10.83,26.44,22.65,24.40,27.18,24.01,13.02,13.19,26.69,13.76,14.18,27.20,17.77,17.52,20.05,19.05,30.68,39.30,18.57,26.05,49.36,27.16,38.20,39.65,39.50,29.70,24.62,43.61
node/6121549487,22.47,45.49,34.89,30.83,32.22,31.86,33.13,34.83,31.43,29.60,25.51,24.38,30.77,31.98,31.99,32.71,33.79,32.70,27.32,30.37,31.47,29.73,28.96,28.75,27.40,32.31,27.30,23.02,28.30,20.63,28.41,28.74,23.79,20.59,21.44,19.87,25.72,26.68,23.46,30.24,18.75,15.33,24.94,21.48,18.87,16.20,13.60,12.64,18.45,23.66,11.40,14.50,22.46,20.24,9.34,18.02,17.79,11.35,15.40,9.67,23.26,28.40,14.61,8.67,14.34,9.28,13.28,19.09,15.00,31.36,14.72,9.66,13.49,12.53,6.16,22.97,7.29,11.21,32.04,14.11,15.49,15.25,17.59,7.80,12.74,12.70,17.14,14.39,9.26,13.88,7.25,15.14,12.12,11.24,5.44,0.00,14.49,2.79,16.14,12.84,6.61,7.39,24.14,11.25,18.61,5.40,14.81,2.32,17.19,5.38,29.44,12.07,20.32,5.85,12.98,14.03,13.86,32.10,12.49,10.63,10.02,31.31,30.16,24.90,7.94,18.26,13.66,6.71,12.14,20.02,10.01,21.30,18.62,12.26,10.65,11.03,10.44,10.56,12.76,18.76,13.78,10.93,13.21,30.93,19.83,21.70,14.66,15.43,11.67,29.35,13.66,16.21,32.27,28.36,17.53,13.38,31.43,21.91,23.66,26.44,23.27,15.58,15.74,31.68,16.32,16.73,26.46,19.33,19.62,21.95,21.14,35.67,44.28,20.67,28.15,54.35,29.72,43.19,44.64,44.48,32.26,26.72,46.16
node/622204591,18.64,45.34,34.74,30.68,32.07,31.70,29.81,31.51,28.11,26.28,25.36,24.23,27.45,28.65,28.80,28.36,29.45,29.90,24.65,27.57,27.13,26.93,26.15,25.95,23.06,28.39,24.50,19.61,23.96,18.46,24.07,24.40,20.99,24.85,17.61,24.12,21.38,22.34,27.71,25.89,23.01,15.03,20.60,18.67,14.76,20.46,17.75,12.34,13.81,17.25,17.83,11.69,12.95,12.34,15.67,22.91,10.58,15.58,8.31,11.39,13.15,16.11,7.67,12.05,7.34,15.75,19.93,7.46,19.89,20.38,6.15,11.11,7.43,8.83,13.66,10.18,12.21,7.66,20.06,9.82,6.08,7.37,5.71,9.20,20.64,5.20,3.97,2.31,18.68,21.78,7.06,1.50,3.76,4.99,8.53,14.10,0.00,11.20,24.02,3.62,17.40,8.10,10.37,4.93,6.41,10.57,2.97,13.08,25.00,12.54,37.25,19.88,28.13,16.46,6.64,6.17,21.67,18.32,8.11,9.70,10.87,17.54,16.39,13.25,17.85,26.07,9.32,13.81,9.95,7.86,17.83,9.14,26.43,11.98,18.46,20.94,19.00,17.15,21.18,26.57,14.71,19.60,12.56,18.77,27.64,29.52,13.86,12.35,16.87,37.16,19.05,19.97,20.11,16.20,25.34,18.78,19.27,29.72,31.47,34.26,31.08,18.84,18.35,19.52,21.71,22.13,34.27,25.72,25.46,27.99,26.99,23.50,32.12,26.52,34.00,42.18,30.11,31.02,32.48,32.32,32.65,32.57,45.13
node/3523190952,20.09,43.11,32.51,28.45,29.83,29.48,30.75,32.45,29.05,27.22,23.13,22.00,28.39,29.60,29.61,30.33,31.41,30.32,24.94,27.99,29.09,27.36,26.58,26.37,25.02,29.93,24.92,20.64,25.92,18.25,26.03,26.36,21.41,18.27,19.06,17.54,23.34,24.30,21.13,27.86,16.43,12.95,22.56,19.10,16.49,13.88,13.44,10.26,16.07,21.28,11.25,12.12,20.08,17.86,9.09,17.04,15.41,10.04,12.91,7.29,20.88,26.02,12.23,6.34,11.96,9.88,14.06,16.71,14.02,28.98,12.38,7.57,10.96,10.00,7.47,20.59,6.12,8.68,29.66,11.58,13.11,12.72,15.17,6.64,12.92,10.17,14.76,11.86,9.77,14.05,4.46,12.35,9.32,8.44,2.65,2.90,11.70,0.00,15.76,10.05,6.79,4.60,21.35,8.46,16.04,2.60,12.25,1.88,16.74,3.70,28.99,11.62,19.87,5.41,10.21,11.26,13.41,29.31,9.72,8.30,7.55,28.52,27.37,22.25,7.49,17.82,10.87,6.11,9.34,17.45,9.57,18.74,18.18,9.61,10.20,10.59,9.99,10.09,12.32,18.32,11.14,10.49,10.56,28.36,19.38,21.26,12.01,12.78,9.03,28.90,11.01,13.56,29.70,25.79,17.08,10.74,28.86,21.46,23.21,26.00,22.82,12.93,13.09,29.11,13.67,14.08,26.01,17.68,17.42,19.95,18.95,33.10,41.72,18.48,25.96,51.78,27.07,40.62,42.07,41.92,29.61,24.52,43.51
way/170505341,23.46,48.08,37.48,33.42,34.81,34.45,34.89,36.12,33.19,31.36,28.10,27.11,33.51,34.71,34.85,38.50,39.58,35.83,28.39,33.04,37.26,32.86,32.08,34.54,33.19,38.10,31.84,23.70,34.09,21.30,34.20,34.53,28.09,18.96,23.79,18.23,31.51,32.48,18.72,36.03,16.37,23.79,30.73,27.27,24.66,16.05,18.40,21.60,25.33,29.45,16.68,24.08,28.92,28.59,15.00,10.55,27.00,17.86,24.99,19.25,31.55,34.74,24.20,18.25,23.92,16.04,13.11,28.67,10.75,37.15,23.51,18.21,22.30,21.33,16.32,32.55,18.13,20.82,37.83,23.09,25.07,24.23,26.67,17.77,7.60,22.31,26.48,24.00,14.34,5.22,17.63,24.00,21.03,20.40,16.09,14.95,22.94,15.14,0.00,20.57,11.10,16.88,31.75,18.91,25.74,14.91,21.95,14.22,6.88,14.40,22.08,10.56,10.01,9.88,20.12,21.17,6.50,37.01,19.63,18.08,17.47,36.22,35.07,29.08,10.81,10.90,21.87,14.73,20.66,26.17,10.24,27.46,11.26,18.86,10.88,13.12,12.17,12.70,13.50,11.40,20.92,12.01,19.83,36.36,12.47,14.34,20.73,20.45,16.24,21.99,17.63,21.23,37.70,33.79,17.76,18.48,36.86,16.63,16.30,19.08,15.91,20.68,20.76,37.11,20.35,20.77,19.10,21.13,21.42,23.75,22.94,41.09,49.71,20.39,25.94,59.77,32.21,48.62,50.07,49.91,34.74,26.43,48.65
node/674477959,20.86,47.63,37.03,32.98,34.36,34.00,32.03,33.73,30.33,28.50,27.66,26.52,29.67,30.87,31.02,30.66,31.74,32.12,26.87,29.78,29.42,29.15,28.37,28.16,25.35,30.68,26.72,21.82,26.25,20.68,26.37,26.70,23.20,23.47,19.83,22.74,23.67,24.64,26.33,28.19,21.63,17.32,22.89,20.89,16.98,19.08,18.64,14.63,16.02,19.54,16.45,13.99,15.25,14.63,14.29,21.53,12.88,14.96,10.61,11.38,15.44,18.40,9.96,11.41,9.64,14.37,18.55,9.76,18.50,22.74,8.44,9.73,8.59,7.62,12.28,12.47,10.82,6.28,22.43,9.18,8.37,9.66,8.00,7.82,19.26,4.10,6.26,4.23,17.30,20.40,5.68,3.79,2.38,3.61,7.14,12.71,2.50,9.82,21.36,0.00,16.02,5.59,12.74,1.86,7.15,8.68,3.71,11.70,22.34,9.88,34.59,17.22,25.47,13.80,4.59,5.55,19.01,20.69,6.49,6.88,7.97,19.90,18.75,13.98,15.18,23.41,7.28,10.96,8.09,8.59,15.16,9.88,23.77,9.16,15.80,18.28,16.14,14.29,18.51,23.91,11.89,16.93,11.70,19.50,24.98,26.86,13.34,12.94,14.02,34.50,16.39,17.15,20.84,16.93,22.68,16.11,20.00,27.06,28.81,31.59,28.42,18.31,16.72,20.25,19.05,19.46,31.61,23.06,22.80,25.33,24.33,24.24,32.86,23.86,31.34,42.92,30.70,31.76,33.21,33.06,33.23,29.90,45.87
node/26289763,21.70,44.89,34.29,30.23,31.62,31.25,32.53,34.23,30.83,29.00,24.91,23.77,30.17,31.33,31.23,31.95,33.03,31.94,26.70,29.61,30.71,28.97,28.20,27.98,26.64,31.55,26.54,22.05,27.54,19.65,27.65,27.98,23.03,18.93,20.68,18.20,24.96,25.92,21.79,29.48,17.09,17.23,24.18,20.71,18.11,14.54,12.33,14.66,18.78,22.90,10.13,16.51,22.37,22.04,8.45,14.51,19.80,11.31,17.42,11.68,24.99,28.19,16.63,10.68,16.35,7.09,8.41,21.10,10.01,30.60,16.78,11.66,15.53,14.56,6.74,24.98,10.51,13.25,31.28,16.15,17.50,17.29,19.61,10.20,7.14,14.74,19.15,16.43,3.34,8.28,10.06,17.95,14.67,14.04,9.41,5.26,17.30,6.76,10.55,15.81,0.00,11.35,26.95,14.73,21.57,9.36,17.78,5.84,12.12,9.34,26.29,8.00,15.25,3.75,15.95,17.00,10.71,32.53,15.46,13.91,13.30,31.74,30.59,24.60,6.33,15.12,17.34,10.55,15.81,21.69,5.98,22.98,15.48,14.39,6.61,8.64,7.70,8.22,9.52,15.62,16.52,7.75,15.35,31.88,16.68,18.56,16.25,15.97,11.77,26.20,13.16,16.75,33.22,29.31,13.49,14.01,32.38,17.87,20.52,23.30,20.12,16.20,16.28,32.63,15.88,16.29,23.31,16.65,16.94,19.28,18.47,36.62,45.24,18.00,25.48,55.30,27.73,44.14,45.59,45.44,30.27,24.04,44.18
node/327528975,21.11,44.59,33.99,29.93,31.31,30.95,32.23,33.93,30.53,28.70,24.61,23.47,29.87,31.07,31.09,31.80,32.89,31.80,26.42,29.47,30.57,28.83,28.05,27.85,26.50,31.41,26.40,22.07,27.40,19.73,27.51,27.84,22.89,19.69,20.08,18.96,24.82,25.78,22.55,29.34,17.85,14.43,24.04,20.57,17.23,15.30,14.87,11.74,16.27,22.76,12.67,13.59,20.20,17.98,10.51,17.75,15.53,11.46,13.47,8.76,20.44,23.40,12.42,7.77,10.56,10.59,14.77,14.76,14.73,27.74,10.36,6.79,8.84,7.87,8.50,17.47,7.27,6.56,27.43,9.46,13.37,10.60,13.00,4.46,15.48,8.05,11.26,9.22,13.52,16.62,2.36,8.79,5.81,5.19,2.28,7.86,8.03,4.96,17.47,5.53,11.75,0.00,17.74,3.86,11.73,3.27,7.94,6.84,18.45,5.54,30.70,13.33,21.58,9.91,6.12,7.17,15.12,25.69,5.63,5.14,4.62,24.90,23.75,18.54,11.29,19.52,8.23,7.26,7.08,13.14,11.27,14.43,19.88,8.16,11.91,14.39,12.44,10.59,14.62,20.02,10.76,13.04,10.71,24.05,21.09,22.96,13.27,14.08,10.32,30.61,12.50,15.05,25.39,21.49,18.79,12.22,24.55,23.17,24.92,27.70,24.53,14.41,14.58,24.81,15.16,15.57,27.71,19.17,18.91,21.44,20.44,28.79,37.41,19.96,27.45,47.47,28.55,36.31,37.76,37.61,31.09,26.01,45.00
node/614939487,21.46,49.40,38.80,34.74,36.12,35.77,32.95,34.65,31.25,29.42,29.42,28.29,26.24,25.40,23.94,23.01,24.09,26.10,24.65,25.05,21.77,22.22,22.57,20.86,17.70,23.04,20.15,21.81,18.61,20.19,18.72,19.05,20.33,31.84,21.00,31.11,16.02,16.99,34.70,19.97,30.00,19.92,15.25,14.13,15.20,27.45,22.64,17.23,14.58,11.90,24.40,16.62,8.82,10.70,22.32,31.42,13.76,21.22,13.24,18.65,9.31,8.53,12.60,17.24,14.88,24.27,28.45,13.24,28.40,11.72,13.69,18.77,14.97,16.37,22.17,14.64,19.21,16.17,11.41,16.61,11.76,14.16,13.67,17.71,29.15,13.70,10.03,10.81,27.19,30.29,15.58,10.65,12.27,13.50,17.04,22.61,9.84,19.71,32.11,12.13,25.92,16.61,0.00,13.45,10.03,19.08,10.23,21.59,33.09,20.63,45.34,27.97,36.22,24.55,13.98,13.52,29.76,9.67,15.45,17.05,18.21,8.88,7.74,5.61,24.09,34.16,16.67,21.65,17.30,12.85,25.91,7.29,34.52,18.80,26.55,26.03,23.82,23.92,28.18,34.66,21.88,26.34,16.68,14.71,35.73,37.61,16.53,15.01,21.46,45.25,22.68,22.63,13.85,14.34,33.01,22.64,15.96,35.19,39.56,42.34,39.17,20.18,20.21,13.72,24.01,24.42,40.34,28.02,27.76,30.29,29.29,20.68,28.71,28.82,36.30,38.78,31.45,28.20,29.65,29.50,33.99,34.86,42.30
node/4338377884,20.31,47.28,36.68,32.62,34.01,33.65,31.48,33.18,29.79,27.95,27.30,26.17,29.12,30.33,30.47,31.58,32.66,31.57,26.32,29.24,30.34,28.61,27.83,27.62,26.27,31.18,26.17,21.28,27.17,20.14,27.28,27.61,22.66,23.07,19.28,22.34,24.59,25.55,25.93,29.11,21.23,16.96,23.81,20.35,16.44,18.68,18.25,14.28,15.48,21.21,16.05,13.57,16.91,16.30,13.89,21.13,14.54,14.56,12.27,10.98,17.11,20.07,11.62,11.01,9.77,13.97,18.15,11.43,18.11,24.41,9.72,9.33,8.04,7.08,11.88,14.14,10.43,5.73,24.10,8.63,10.04,9.77,9.67,7.42,18.86,5.77,7.93,5.89,16.90,19.38,5.19,5.46,3.34,3.67,5.81,11.38,4.17,8.49,19.50,1.67,14.75,3.73,14.40,0.00,8.81,6.83,5.13,10.37,20.48,8.02,32.73,15.36,23.61,11.94,3.52,4.49,17.15,22.36,5.40,5.25,6.11,21.57,20.42,15.65,13.32,21.55,6.21,9.10,6.46,10.26,13.30,11.55,21.91,7.53,13.94,16.41,14.28,12.43,16.65,22.05,10.26,15.07,10.07,21.17,23.12,24.99,12.28,11.88,12.16,32.64,14.52,15.52,22.51,18.60,20.82,14.25,21.67,25.20,26.95,29.73,26.55,16.44,15.09,21.92,17.18,17.60,29.74,21.20,20.94,23.46,22.46,25.91,34.52,21.99,29.48,44.59,29.07,33.43,34.88,34.73,31.61,28.04,45.51
node/11269074158,22.58,49.27,38.67,34.62,36.00,35.64,33.75,35.45,32.05,30.22,29.30,28.16,31.39,32.59,32.74,32.34,33.43,33.84,28.59,31.50,31.11,30.87,30.09,29.88,27.04,32.37,28.44,23.54,27.94,22.40,28.05,28.38,24.92,29.67,21.55,28.95,25.36,26.32,32.54,28.73,27.83,18.96,24.58,22.61,18.70,25.28,21.68,16.27,17.74,21.20,22.65,15.66,16.81,16.19,20.49,27.73,14.44,20.26,12.28,16.21,17.00,17.86,11.64,16.29,12.16,20.57,24.75,11.32,24.71,21.06,10.97,15.93,12.25,13.65,18.48,14.73,17.03,12.48,20.75,14.59,9.94,12.13,10.53,14.02,25.46,10.03,8.00,7.13,23.50,26.37,11.89,6.32,8.58,9.81,13.35,18.67,4.82,16.02,26.49,7.55,21.74,11.56,11.05,8.50,0.00,14.42,5.00,17.75,27.47,15.01,39.72,22.35,30.60,18.93,8.36,7.71,24.14,19.01,9.84,11.43,12.60,18.22,17.07,11.88,20.17,28.54,11.05,16.03,11.68,6.49,20.30,7.78,28.90,13.78,20.93,22.00,19.90,19.43,23.64,29.04,16.51,22.07,11.95,17.40,30.11,31.99,12.50,10.98,17.43,39.63,18.65,18.60,18.74,14.83,27.81,18.98,17.90,32.19,33.94,36.72,33.55,17.48,16.98,18.15,21.30,21.71,36.74,25.31,25.05,27.58,26.58,22.14,30.76,26.11,33.59,40.82,28.75,29.66,31.11,30.96,31.29,32.15,43.77
node/5109205856,20.23,43.26,32.66,28.60,29.98,29.62,30.90,32.60,29.20,27.37,23.28,22.14,28.54,29.74,29.76,30.47,31.55,30.47,25.09,28.13,29.23,27.50,26.72,26.51,25.17,30.08,25.07,20.79,26.07,18.39,26.18,26.51,21.55,18.41,19.20,17.69,23.48,24.45,21.28,28.00,16.57,13.10,22.71,19.24,16.64,14.02,13.59,10.41,16.21,21.43,11.39,12.26,20.23,18.01,9.23,17.19,15.55,10.18,13.06,7.43,21.02,25.39,12.38,6.49,12.10,10.03,14.21,16.75,14.16,29.12,12.23,7.72,10.71,9.74,7.94,19.46,6.36,8.43,29.48,11.32,13.26,12.46,14.91,6.32,14.92,9.91,13.25,11.21,12.77,16.06,4.23,10.78,7.81,7.19,2.47,5.89,10.12,2.99,17.75,7.62,9.78,2.45,19.79,6.28,13.89,0.00,10.10,4.87,18.73,3.28,30.98,13.61,21.86,8.40,8.06,9.11,15.40,27.74,7.57,7.13,6.44,26.95,25.80,20.69,10.48,19.80,10.18,6.68,9.03,15.30,11.55,16.59,20.16,10.11,12.19,13.58,12.34,10.49,14.90,20.30,12.03,13.32,11.46,26.21,21.37,23.24,12.91,13.68,9.92,30.89,11.90,14.46,27.55,23.64,19.07,11.63,26.71,23.45,25.20,27.98,24.80,13.82,13.99,26.96,14.56,14.97,27.99,18.57,18.31,20.84,19.84,30.95,39.57,19.37,26.85,49.63,27.96,38.47,39.92,39.77,30.50,25.41,44.41
node/4077525244,20.25,46.95,36.35,32.29,33.67,33.32,31.42,33.12,29.72,27.89,26.97,25.83,29.06,30.27,30.41,29.97,31.05,31.51,26.26,29.18,28.74,28.54,27.77,27.55,24.67,30.00,26.11,21.21,25.57,20.07,25.68,26.01,22.60,25.89,19.22,25.16,22.99,23.95,28.75,27.50,24.05,16.64,22.21,20.28,16.38,21.50,19.36,13.95,15.42,18.86,18.87,13.30,14.56,13.95,16.71,23.95,12.19,17.19,9.92,13.00,14.75,17.72,9.28,13.66,8.95,16.79,20.97,9.07,20.93,21.04,7.76,12.15,9.04,10.04,14.70,11.79,13.25,8.70,20.73,11.43,7.69,8.98,7.32,10.24,21.68,6.59,5.58,3.92,19.72,22.18,8.10,3.10,4.80,6.03,9.50,14.48,1.61,12.18,22.30,3.32,17.55,7.37,11.03,4.31,5.03,10.23,0.00,13.57,23.28,10.83,35.53,18.17,26.42,14.75,3.88,3.41,19.95,18.99,5.35,6.95,8.11,18.20,17.05,11.83,16.13,24.36,6.56,11.54,7.19,6.44,16.11,7.73,24.72,9.29,16.75,19.22,16.86,15.01,19.46,24.86,12.02,17.88,9.80,17.35,25.93,27.80,11.20,10.80,14.86,35.45,16.87,17.29,18.69,14.78,23.62,17.06,17.85,28.00,29.75,32.54,29.36,17.43,16.86,18.10,19.99,20.41,32.55,24.00,23.75,26.27,25.27,22.09,30.71,24.80,32.28,40.77,28.70,29.61,31.06,30.91,31.24,30.85,43.72
node/3056287062,22.33,45.36,34.76,30.70,32.08,31.72,33.00,34.70,31.30,29.47,25.38,24.24,30.64,31.84,31.86,32.57,33.66,32.57,27.19,30.24,31.34,29.60,28.82,28.61,27.27,32.18,27.17,22.89,28.17,20.49,28.28,28.61,23.66,20.51,21.30,19.79,25.59,26.55,23.38,30.11,18.68,15.20,24.81,21.34,18.74,16.12,14.84,12.51,18.32,23.53,12.90,14.36,22.33,20.11,10.84,17.02,17.66,12.28,15.16,9.53,23.12,28.27,14.48,8.59,14.20,9.60,12.28,18.95,13.91,31.23,14.63,9.82,13.21,12.24,7.66,22.83,8.46,10.93,31.91,13.83,15.36,14.97,17.41,8.91,11.04,12.42,17.00,14.10,7.90,12.18,6.70,14.59,11.57,10.69,4.89,2.84,13.95,2.25,13.88,12.29,4.91,6.84,23.60,10.71,18.14,4.85,14.35,0.00,14.87,4.83,27.12,9.75,18.00,3.53,12.46,13.51,11.54,31.55,11.97,10.17,9.56,30.77,29.62,24.45,5.61,15.94,13.12,6.25,11.59,19.56,7.69,20.85,16.30,11.80,8.33,8.71,8.12,8.64,10.44,16.44,13.32,8.61,12.75,30.47,17.51,19.38,14.20,14.97,11.21,27.03,13.20,15.75,31.81,27.90,15.21,12.93,30.97,19.58,21.34,24.12,20.95,15.12,15.28,31.22,15.86,16.27,24.13,17.01,17.29,19.63,18.82,35.21,43.82,18.35,25.83,53.89,28.15,42.73,44.18,44.02,30.69,24.39,44.60
way/1454716354,24.57,48.15,37.55,33.49,34.88,34.52,34.96,36.19,33.26,31.43,28.18,28.21,34.41,34.84,35.22,39.75,40.83,35.90,28.46,33.11,38.51,32.93,32.16,35.71,34.44,39.11,32.95,24.80,35.34,22.41,35.45,35.78,29.19,19.03,24.90,18.30,32.76,33.73,21.89,37.28,16.45,27.28,31.98,28.52,27.69,16.12,19.50,25.10,28.82,31.18,19.43,27.36,30.83,30.50,18.84,14.20,30.50,21.70,28.27,22.53,33.45,35.99,27.48,21.54,27.20,18.58,18.80,31.95,11.85,38.40,26.73,21.43,25.52,24.55,18.87,35.84,21.40,24.11,39.08,26.31,28.36,27.45,29.90,21.05,12.67,25.60,30.00,27.28,18.18,11.04,20.91,28.50,25.52,24.90,20.59,18.85,27.44,19.64,10.12,25.07,14.95,21.38,35.77,23.40,30.24,19.41,26.45,18.72,0.00,18.90,22.93,14.40,6.30,14.38,24.62,25.67,11.00,40.85,24.13,22.58,21.97,40.06,38.91,32.92,14.65,7.50,26.03,19.23,24.50,30.01,14.50,31.30,11.94,22.70,15.14,16.96,16.02,16.54,17.54,12.25,24.83,16.27,23.67,40.20,11.49,15.20,24.57,24.29,20.08,22.84,21.48,25.07,41.54,37.63,22.02,22.32,40.70,17.88,17.15,19.93,16.76,24.52,24.60,40.95,24.20,24.60,19.39,24.53,24.82,24.84,23.84,44.94,53.55,21.19,26.75,63.62,36.05,52.46,53.91,53.76,38.59,27.24,52.49
node/3014835252,21.30,44.32,33.72,29.66,31.05,30.69,31.96,33.66,30.27,28.43,24.34,23.21,29.61,30.81,30.82,31.54,32.62,31.53,26.15,29.20,30.30,28.57,27.79,27.58,26.23,31.14,26.13,21.86,27.13,19.46,27.25,27.57,22.62,19.48,20.27,18.75,24.55,25.52,22.34,29.07,17.64,14.16,23.77,20.31,17.70,15.09,14.65,11.47,17.28,22.50,12.46,13.33,21.29,19.07,10.30,18.25,16.62,11.25,14.12,8.50,22.09,27.23,13.45,7.56,13.17,11.10,15.28,17.92,15.23,30.19,13.60,8.78,12.76,11.79,9.00,21.80,7.43,10.61,30.87,13.51,14.32,14.65,16.43,8.20,15.99,12.10,15.97,13.79,13.35,16.70,6.38,13.52,10.54,9.92,4.58,6.37,12.86,4.15,16.82,10.36,10.37,5.18,22.15,9.01,16.14,2.87,12.35,5.46,17.80,0.00,30.05,12.69,20.93,8.62,10.52,11.57,14.47,29.57,9.01,6.72,6.11,28.78,27.63,21.64,9.78,18.88,10.50,4.53,9.30,17.56,10.63,18.85,19.24,8.99,11.26,12.44,10.36,8.51,13.98,19.38,10.51,12.40,9.94,28.47,20.45,22.32,11.39,12.16,8.40,29.96,10.39,12.95,29.81,25.90,18.14,10.12,28.97,22.52,24.27,27.06,23.88,12.31,12.47,29.22,13.05,13.46,27.07,17.06,16.80,19.33,18.33,33.21,41.82,17.86,25.34,51.89,26.45,40.73,42.18,42.02,28.99,23.90,42.89
way/1139030278,40.96,59.88,53.95,49.89,51.27,50.91,51.35,52.59,49.65,47.82,44.57,44.60,50.80,51.23,51.61,54.99,56.08,52.29,44.86,49.51,53.76,49.33,48.55,51.03,49.69,54.60,49.34,41.20,50.59,38.80,50.70,51.03,45.58,27.98,41.29,27.61,48.01,48.97,30.02,52.52,29.96,40.05,47.23,43.76,41.16,32.52,35.38,37.37,41.83,45.95,33.18,39.22,45.42,44.97,31.49,24.10,42.52,34.36,40.02,34.39,47.98,51.24,39.34,33.45,39.06,32.37,32.33,43.81,28.24,53.65,39.49,34.68,38.59,37.62,32.51,47.17,33.32,36.31,54.33,39.21,40.22,40.35,42.32,34.09,29.06,37.80,40.96,38.92,30.67,27.30,32.39,38.49,35.52,34.89,30.58,29.43,37.43,29.63,25.54,35.06,27.43,31.37,46.24,33.40,40.23,29.40,36.44,28.71,21.88,28.89,0.00,27.92,19.59,24.37,34.61,35.66,20.80,53.01,34.12,32.57,31.96,52.22,51.07,45.08,26.81,19.32,36.36,29.22,35.16,41.64,24.73,42.93,14.34,33.88,25.37,29.12,28.17,28.70,27.99,15.63,35.41,26.50,34.84,52.35,19.81,10.23,36.29,36.45,32.24,13.92,32.59,37.23,53.70,49.79,32.24,34.48,52.85,29.17,15.80,19.41,16.23,36.67,36.76,53.11,35.11,34.91,21.53,34.84,35.13,35.16,34.16,57.09,65.71,31.50,30.78,75.77,48.21,64.61,66.06,65.91,50.74,37.55,64.65
node/5210751039,23.49,46.67,36.07,32.01,33.40,33.04,34.32,36.01,32.62,30.78,26.69,25.56,31.95,33.12,33.01,33.73,34.81,33.72,28.48,31.39,32.49,30.75,29.98,29.77,28.42,33.33,28.32,23.83,29.32,21.43,29.43,29.76,24.81,21.20,22.46,20.48,26.74,27.70,24.07,31.26,19.37,19.02,25.96,22.50,19.89,16.82,14.11,16.83,20.56,24.68,11.91,19.31,24.15,23.82,10.23,18.28,22.23,13.09,20.22,14.48,26.77,29.97,19.43,13.48,19.15,11.27,7.77,23.90,11.25,32.38,18.74,13.44,17.53,16.56,11.55,27.78,13.36,16.05,33.06,18.32,20.30,19.46,21.90,13.00,8.38,17.54,21.95,19.23,9.57,9.52,12.86,20.75,17.47,16.85,12.59,10.24,20.04,11.97,11.96,17.67,6.33,13.98,27.45,16.00,22.84,12.01,19.05,11.05,13.94,11.50,26.48,0.00,17.07,6.81,17.22,18.27,10.90,32.52,16.73,15.18,14.38,31.73,30.58,24.59,6.33,15.30,17.70,11.83,16.18,21.68,5.89,22.97,15.66,14.38,6.53,8.63,7.69,8.21,9.43,15.80,16.51,7.66,15.35,31.87,16.87,18.75,16.24,15.96,11.76,26.39,13.15,16.74,33.21,29.30,13.40,14.00,32.37,17.79,20.70,23.48,20.31,16.19,16.27,32.62,15.87,16.28,23.50,16.64,16.93,19.27,18.46,36.61,45.23,17.99,25.47,55.29,27.72,44.13,45.58,45.43,30.26,24.03,44.17
node/1762579478,25.23,48.82,38.22,34.16,35.54,35.18,35.63,36.86,33.93,32.09,28.84,28.88,35.08,35.50,35.88,40.41,41.49,36.57,29.13,33.78,39.17,33.60,32.82,36.37,35.11,39.77,33.61,25.47,36.01,23.07,36.12,36.45,29.86,19.70,25.56,18.97,33.42,34.39,22.56,37.94,17.11,27.95,32.65,29.18,28.35,16.79,20.17,25.76,29.49,31.84,20.09,28.03,31.50,31.17,19.50,13.93,31.16,22.37,28.93,23.20,34.12,36.66,28.14,22.20,27.87,19.25,19.47,32.62,12.52,39.07,27.40,22.10,26.18,25.22,19.53,36.50,22.07,24.77,39.74,26.98,29.02,28.12,30.56,21.72,13.33,26.26,30.67,27.95,18.84,11.71,21.58,28.92,25.95,25.32,21.01,19.52,27.86,20.05,10.78,25.49,15.61,21.80,36.44,23.82,30.66,19.82,26.87,19.13,4.03,19.32,19.65,15.07,0.00,14.80,25.04,26.09,11.23,41.51,24.55,23.00,22.39,40.73,39.58,33.58,15.32,3.13,26.70,19.64,25.17,30.68,15.16,31.96,7.20,23.37,15.79,17.62,16.68,17.20,18.21,7.79,25.50,16.93,24.34,40.86,9.29,12.35,25.23,24.95,20.75,19.91,22.14,25.73,42.20,38.29,22.67,22.99,41.36,18.55,14.95,17.73,14.56,25.18,25.27,41.62,24.86,25.27,17.19,25.20,25.48,25.51,24.51,45.60,54.22,21.86,25.80,64.28,36.71,53.12,54.57,54.42,39.25,27.90,53.16
node/1452885165,24.26,47.45,36.84,32.79,34.17,33.81,35.09,36.79,33.39,31.56,27.47,26.33,32.73,33.89,33.79,34.50,35.58,34.49,29.26,32.16,33.26,31.53,30.75,30.54,29.20,34.10,29.10,24.60,30.10,22.20,30.21,30.54,25.58,21.62,23.23,20.90,27.51,28.48,24.49,32.03,19.79,18.61,26.73,23.27,20.67,17.23,14.88,15.92,21.33,25.46,12.69,17.77,24.93,23.52,11.00,17.21,21.07,13.87,18.57,12.94,26.54,30.75,17.89,12.00,17.61,9.79,11.86,22.36,13.46,32.70,18.04,13.23,17.14,16.18,9.43,25.72,11.88,14.86,32.38,17.76,18.77,18.90,20.87,12.65,10.59,16.35,19.52,17.47,8.08,11.07,10.94,17.04,14.07,13.45,9.13,6.35,15.98,6.54,11.19,13.61,5.10,9.92,24.79,11.95,18.78,7.95,14.99,5.62,12.17,7.44,24.42,7.06,15.30,0.00,13.16,14.21,8.84,30.26,12.67,11.12,10.51,29.47,28.32,22.33,4.06,13.25,14.91,7.77,13.71,19.42,5.00,20.71,13.60,12.11,5.63,6.37,5.42,5.95,7.75,13.75,13.96,5.92,13.08,29.61,14.81,16.69,13.97,13.70,9.49,24.33,10.88,14.48,30.95,27.04,12.51,11.73,30.11,16.89,18.64,21.43,18.25,13.93,14.01,30.36,13.60,14.02,21.44,14.31,14.60,16.94,16.13,34.34,42.96,15.66,23.14,53.02,25.46,41.87,43.32,43.16,28.00,21.70,41.90
node/4769476622,23.45,49.89,39.29,35.23,36.61,36.25,34.62,36.32,32.92,31.09,29.91,28.77,32.26,33.47,33.61,33.17,34.26,34.71,29.46,32.38,31.94,31.74,30.96,30.75,27.87,33.20,29.31,24.42,28.77,23.27,28.88,29.21,25.80,25.05,22.42,24.32,26.19,27.15,27.91,30.70,23.21,19.73,25.41,23.48,19.57,20.66,20.22,17.04,18.62,22.06,18.02,16.50,17.76,17.14,15.87,23.25,15.39,16.81,13.12,14.06,17.95,20.75,12.48,13.12,12.15,16.09,20.27,12.27,20.23,23.95,10.96,12.03,11.46,10.50,14.00,14.99,12.77,9.15,23.64,12.05,10.89,12.18,10.52,9.85,20.31,7.28,8.78,7.12,19.02,20.80,7.76,6.31,5.35,6.49,7.79,13.09,5.14,10.46,20.92,3.17,16.17,5.65,13.94,4.25,7.94,8.77,3.95,12.18,21.90,9.44,34.15,16.78,25.03,13.36,0.00,2.16,18.57,21.90,2.24,3.68,5.49,21.11,19.96,14.74,14.47,22.97,2.69,8.81,3.86,9.35,14.72,10.64,23.33,5.98,15.36,16.97,13.83,11.98,18.07,23.47,8.78,16.50,8.19,20.26,24.54,26.42,9.59,9.19,11.72,34.06,13.62,14.04,21.60,17.69,22.24,13.92,20.76,26.62,28.37,31.15,27.98,15.48,13.62,21.01,16.96,17.38,31.17,20.97,20.71,23.24,22.24,25.00,33.62,21.77,29.25,43.68,27.59,32.52,33.97,33.82,30.13,27.81,44.03
node/1992854977,23.80,50.49,39.89,35.84,37.22,36.86,34.97,36.66,33.27,31.43,30.52,29.38,32.61,33.81,33.95,33.52,34.60,35.05,29.80,32.72,32.28,32.09,31.31,31.10,28.21,33.54,29.65,24.76,29.11,23.62,29.22,29.55,26.14,26.48,22.77,25.76,26.53,27.50,29.35,30.50,24.65,20.18,25.75,23.83,19.92,22.10,21.66,17.49,18.96,22.40,19.46,16.85,18.11,17.49,17.30,24.69,15.74,18.25,13.46,15.29,18.30,20.19,12.82,14.56,12.50,17.53,21.71,12.62,21.67,23.39,11.30,13.46,12.49,11.53,15.44,15.33,14.21,10.18,23.07,13.08,11.23,12.52,10.86,11.29,21.75,8.30,9.12,7.46,20.46,22.24,9.20,6.65,6.38,7.51,9.22,14.53,5.48,11.90,22.36,4.21,17.61,7.09,13.38,5.28,8.01,10.21,3.93,13.62,23.34,10.88,35.59,18.22,26.47,14.80,2.90,0.00,20.01,21.34,4.33,5.93,7.09,20.55,19.40,13.66,16.18,24.41,5.08,10.53,6.18,8.26,16.16,9.55,24.77,8.26,16.80,18.90,15.85,14.00,19.51,24.91,11.01,17.93,7.17,19.18,25.98,27.85,8.57,8.17,13.84,35.50,15.56,15.13,20.52,16.61,23.68,15.86,19.68,28.06,29.81,32.59,29.42,16.28,14.41,19.93,18.99,19.41,32.60,23.00,22.74,25.27,24.27,23.92,32.53,23.80,31.28,42.59,28.39,31.43,32.88,32.73,30.93,29.85,44.84
node/3974972557,27.83,51.23,40.63,36.58,37.96,37.60,38.22,39.46,36.52,34.69,31.26,30.12,36.52,37.68,37.58,38.29,39.37,38.28,31.73,35.95,37.05,35.32,34.54,34.33,32.98,37.89,32.89,28.07,33.89,25.67,34.00,34.33,29.37,22.29,27.02,21.57,31.30,32.27,25.16,35.82,19.71,23.35,30.52,27.06,24.45,19.39,18.67,20.67,25.12,29.25,16.48,22.52,28.71,28.26,14.79,17.53,25.81,17.65,23.32,17.69,31.28,34.53,22.63,16.75,22.36,15.67,15.62,27.11,15.11,36.94,22.79,17.97,21.89,20.92,15.81,30.47,16.62,19.61,37.62,22.51,23.51,23.65,25.62,17.39,12.80,21.10,24.26,22.22,13.96,10.60,15.69,21.79,18.82,18.19,13.88,12.73,20.73,12.92,8.84,18.36,10.73,14.67,29.53,16.69,23.53,12.69,19.74,12.00,8.55,12.19,20.80,11.22,11.68,7.67,17.91,18.96,0.00,36.30,17.42,15.87,15.26,35.51,34.36,28.37,10.10,9.62,19.65,12.51,18.45,24.94,8.03,26.23,9.98,17.18,8.66,12.41,11.47,11.99,11.29,10.12,18.70,9.80,18.13,35.65,11.19,13.07,19.58,19.74,15.54,20.71,15.89,20.52,36.99,33.08,15.54,17.78,36.15,15.35,15.02,17.80,14.63,19.97,20.05,36.40,19.65,19.73,17.82,19.65,19.94,22.27,21.47,40.39,49.01,19.53,25.09,59.07,31.50,47.91,49.36,49.21,34.04,25.58,47.95
way/997439163,24.29,46.40,35.80,31.74,33.12,32.73,27.42,29.12,25.72,23.88,23.80,27.08,20.12,19.29,17.83,18.99,20.07,19.98,18.39,20.78,17.75,16.10,17.35,14.74,13.69,17.98,18.64,25.06,14.06,23.44,15.74,12.57,23.22,37.42,24.50,36.70,17.27,12.91,40.29,14.42,34.99,25.44,16.07,17.38,20.31,32.98,28.04,23.99,21.74,19.12,28.92,25.07,16.05,17.93,27.68,39.54,20.98,30.14,22.16,27.58,16.53,15.75,21.52,26.17,23.80,30.76,34.96,20.75,34.89,7.58,22.61,27.70,23.89,25.29,29.04,21.86,28.13,25.09,6.41,25.54,20.68,23.08,22.59,26.63,36.27,22.62,18.95,19.73,36.10,37.41,24.50,19.57,21.20,22.43,25.96,31.53,18.76,28.63,39.35,21.05,32.98,25.53,10.89,22.37,18.95,28.00,19.15,30.51,39.45,29.55,54.26,36.89,42.58,31.17,22.90,22.44,38.68,0.00,24.38,25.97,27.14,5.91,5.30,12.38,29.83,43.08,25.59,30.10,24.58,19.80,33.22,14.54,43.44,25.25,33.86,31.77,29.56,29.65,33.91,43.58,28.05,32.08,23.14,10.45,44.18,46.53,22.27,20.75,27.19,54.17,28.42,28.37,10.83,11.80,38.75,28.38,12.94,40.93,48.48,51.26,48.09,25.92,25.95,10.71,29.74,30.16,46.08,33.75,33.49,36.02,35.02,17.66,25.70,34.55,42.03,34.42,37.19,25.18,26.63,26.48,39.73,40.60,39.29
node/12433858548,23.11,48.03,37.43,33.38,34.76,34.40,34.28,35.98,32.58,30.75,28.06,26.92,31.92,33.12,33.27,34.37,35.45,34.36,29.12,32.03,33.13,31.40,30.62,30.41,29.06,33.97,28.96,24.07,29.96,22.93,30.07,30.40,25.45,23.19,22.07,22.47,27.38,28.35,26.06,31.90,21.36,17.88,26.60,23.14,19.23,18.80,18.37,15.19,18.27,23.59,16.17,16.36,19.29,18.68,14.01,21.97,16.93,14.96,14.65,12.21,19.49,22.25,14.01,11.27,12.56,14.81,18.99,13.80,18.94,25.45,12.49,11.24,10.84,9.87,12.71,16.52,11.14,8.53,25.13,11.43,12.42,12.56,12.05,9.07,19.53,9.00,10.31,8.65,17.73,20.02,6.97,7.84,7.08,7.29,7.00,11.83,6.67,8.94,20.13,4.90,15.38,4.87,15.44,4.24,9.44,7.22,5.24,10.81,21.11,7.93,33.36,16.00,24.25,12.57,1.90,3.45,17.79,23.40,0.00,1.68,3.49,22.61,21.46,16.24,12.54,22.19,3.04,6.82,1.93,10.85,13.94,12.13,22.55,4.05,14.57,14.97,11.89,10.04,17.12,22.69,6.78,15.29,6.54,21.76,23.75,25.63,9.11,9.26,9.72,33.27,11.63,12.05,23.10,19.19,21.45,11.93,22.26,25.83,27.58,30.37,27.19,13.48,11.62,22.51,14.96,15.38,30.38,18.98,18.72,21.25,20.25,26.50,35.11,19.77,27.25,45.18,25.59,34.02,35.47,35.32,28.13,25.82,42.04
node/3113588327,23.33,46.35,35.75,31.70,33.08,32.72,34.00,35.70,32.30,30.46,26.38,25.24,31.64,32.84,32.86,33.57,34.65,33.57,28.18,31.23,32.33,30.60,29.82,29.61,28.27,33.17,28.17,23.89,29.17,21.49,29.28,29.61,24.65,21.51,22.30,20.79,26.58,27.55,24.38,31.10,19.67,16.19,25.80,22.34,19.51,17.12,16.69,13.51,18.55,24.53,14.49,15.36,20.63,20.02,12.33,20.29,17.80,13.28,15.81,10.53,20.82,23.62,14.69,9.59,12.84,13.13,17.31,15.14,17.26,26.82,12.71,10.81,11.11,10.15,11.03,17.86,9.46,8.80,26.51,11.70,13.76,12.84,13.39,8.90,18.02,10.30,11.65,9.99,16.05,18.68,6.64,9.18,8.11,7.49,6.72,10.15,8.01,7.26,18.80,6.38,14.04,4.87,16.81,4.94,10.81,5.54,7.01,9.13,19.78,6.25,32.03,14.66,22.91,11.24,3.92,5.39,16.45,24.77,2.29,0.00,1.81,23.98,22.83,17.33,11.10,20.86,3.79,5.14,2.58,12.22,12.61,13.51,21.21,3.80,13.24,13.98,10.45,8.60,15.96,21.36,6.53,14.38,6.34,23.13,22.42,24.30,8.90,9.71,8.56,31.94,11.14,11.79,24.47,20.56,20.12,10.87,23.63,24.50,26.25,29.04,25.86,13.06,11.36,23.88,13.80,14.22,29.05,17.81,17.55,20.08,19.08,27.87,36.48,18.61,26.09,46.55,25.33,35.39,36.84,36.69,27.87,24.65,41.78
node/4609504482,23.23,46.25,35.65,31.59,32.97,32.61,33.89,35.59,32.19,30.36,26.27,25.13,31.53,32.73,32.75,33.47,34.55,33.46,28.08,31.13,32.23,30.49,29.71,29.50,28.16,33.07,28.06,23.78,29.06,21.38,29.17,29.50,24.55,21.40,22.20,20.68,26.48,27.44,24.27,31.00,19.57,16.09,25.70,22.23,19.37,17.02,16.58,13.40,18.41,24.42,14.38,15.25,21.92,20.12,12.22,20.18,17.66,13.17,15.60,10.43,22.12,24.91,14.55,9.48,12.70,13.02,17.20,16.43,17.16,28.11,12.50,10.04,10.97,10.00,10.93,19.14,9.36,8.69,27.80,11.59,15.05,12.73,14.68,8.13,17.91,10.18,12.94,11.30,15.90,18.07,5.88,10.46,7.90,7.27,6.24,10.05,9.29,7.15,18.70,7.44,12.67,4.11,18.10,5.78,12.10,5.43,8.06,9.03,19.68,6.15,31.93,14.56,22.81,10.86,5.22,6.27,16.35,26.05,3.88,1.59,0.00,25.26,24.11,18.12,9.51,20.75,5.37,4.42,4.09,13.51,12.50,14.80,21.11,4.60,13.14,12.40,8.87,7.02,14.82,21.25,7.19,12.99,7.14,24.42,22.32,24.19,9.70,10.50,6.75,31.84,9.33,11.88,25.76,21.85,19.66,9.05,24.92,24.04,26.15,28.93,25.76,11.25,11.41,25.17,11.99,12.40,28.95,16.00,15.74,18.27,17.27,29.16,37.77,16.80,24.28,47.84,25.39,36.68,38.13,37.98,27.93,22.84,41.83
node/332074128,26.06,48.93,38.33,34.27,35.66,35.26,29.95,31.65,28.25,26.42,26.33,29.61,22.66,21.82,20.36,21.52,22.61,22.52,20.92,23.31,20.29,18.64,19.88,17.27,16.22,20.51,21.17,26.16,16.59,24.54,18.27,15.11,24.87,38.97,25.60,38.25,19.80,15.44,41.84,16.95,37.14,26.54,18.60,18.48,21.41,34.08,29.14,25.09,22.84,20.22,30.02,26.17,17.15,19.02,28.78,40.64,22.08,31.24,23.26,28.68,17.63,16.85,22.62,27.27,24.90,31.86,36.06,21.85,35.99,10.11,23.71,28.80,24.99,26.39,30.14,22.96,29.23,26.19,8.95,26.64,21.78,24.18,23.69,27.73,37.37,23.72,20.05,20.83,37.20,38.51,25.60,20.67,22.30,23.53,27.06,32.63,19.86,29.73,40.45,22.15,34.08,26.63,11.99,23.47,20.05,29.10,20.25,31.61,40.55,30.65,55.36,37.99,43.68,32.27,24.00,23.54,39.78,4.75,25.48,27.07,28.24,0.00,2.42,13.47,30.93,44.18,26.69,31.20,25.68,20.90,34.32,15.64,44.54,26.36,34.96,32.87,30.66,30.75,35.01,44.68,29.15,33.18,24.24,8.99,45.28,47.63,23.37,21.85,28.29,55.27,29.52,29.47,8.85,9.82,39.85,29.48,10.96,42.03,49.58,52.36,49.19,27.02,27.05,8.72,30.84,31.26,47.17,34.85,34.59,37.12,36.12,15.68,23.72,35.65,43.13,33.78,38.29,23.20,24.65,24.50,40.83,41.70,37.30
way/945061262,25.38,49.11,38.51,34.45,35.83,35.43,30.12,31.82,28.42,26.59,26.50,29.79,22.83,21.99,20.53,21.70,22.78,22.69,21.10,23.49,20.46,18.81,20.05,17.45,16.39,20.68,21.35,25.48,16.76,23.86,18.45,15.28,24.19,38.29,24.91,37.57,19.98,15.62,41.16,17.12,36.46,25.86,18.77,17.80,20.73,33.40,28.46,24.41,22.16,19.54,29.34,25.48,16.46,18.34,28.10,39.96,21.40,30.56,22.58,28.00,16.95,16.17,21.94,26.58,24.22,31.18,35.38,21.17,35.31,10.28,23.03,28.12,24.31,25.71,29.46,22.28,28.55,25.51,9.12,25.95,21.10,23.50,23.01,27.05,36.69,23.04,19.37,20.15,36.52,37.83,24.92,19.99,21.61,22.85,26.38,31.95,19.18,29.05,39.77,21.47,33.40,25.95,11.31,22.79,19.37,28.42,19.57,30.93,39.87,29.97,54.68,37.31,43.00,31.59,23.32,22.86,39.10,4.93,24.79,26.39,27.55,3.10,0.00,12.79,30.25,43.50,26.01,30.52,25.00,20.21,33.64,14.71,43.86,25.67,34.28,32.18,29.98,30.07,34.33,44.00,28.46,32.50,23.55,7.63,44.59,46.95,22.68,21.17,27.61,54.59,28.84,28.79,9.02,9.99,39.17,28.80,11.13,41.35,48.90,51.68,48.51,26.34,26.37,8.90,30.16,30.58,46.49,34.17,33.91,36.44,35.44,15.85,23.89,34.97,42.45,33.95,37.61,23.37,24.82,24.67,40.15,41.02,37.48
node/336262498,22.85,50.54,39.94,35.88,37.26,36.90,34.09,35.79,32.39,30.56,30.56,29.42,28.01,27.17,25.71,24.79,25.87,27.87,26.42,26.83,23.55,23.99,24.34,22.63,19.48,24.81,21.93,22.95,20.38,21.33,20.49,20.82,21.66,34.74,22.38,34.02,17.80,18.76,37.61,21.11,32.91,22.82,17.02,15.27,18.20,30.36,25.55,20.14,18.73,16.04,26.81,19.53,12.97,14.85,25.23,34.39,17.90,24.12,16.15,21.56,13.45,12.67,15.50,20.15,18.04,27.23,31.02,16.14,31.37,14.63,16.85,21.93,18.13,19.53,25.14,18.59,22.12,19.14,14.32,19.77,14.67,17.31,16.83,20.68,29.75,16.69,13.19,13.79,27.20,29.37,18.55,12.98,15.24,16.48,20.01,25.33,11.48,22.57,30.33,14.21,23.96,18.22,6.86,15.16,11.71,20.85,11.66,24.42,31.90,21.68,45.28,27.92,35.03,22.15,15.03,14.17,29.71,12.20,16.50,17.99,18.53,11.41,10.26,0.00,20.81,34.11,16.85,21.08,15.56,10.78,24.20,5.52,34.47,16.24,24.84,22.75,20.54,20.64,24.89,34.61,19.03,23.06,14.12,13.82,35.16,37.55,13.25,11.73,18.18,45.20,19.40,19.35,15.16,11.25,29.73,19.36,14.32,31.91,39.51,42.29,39.12,16.90,16.93,14.57,20.73,21.14,37.06,24.73,24.48,27.00,26.00,18.56,27.18,25.53,33.02,37.24,28.17,26.08,27.53,27.38,30.71,31.58,40.19
node/6566648095,23.26,46.45,35.84,31.79,33.17,32.81,34.09,35.79,32.39,30.56,26.47,25.33,31.73,32.89,32.79,33.50,34.58,33.49,28.26,31.16,32.26,30.53,29.75,29.54,28.20,33.10,28.10,23.60,29.10,21.20,29.21,29.54,24.58,20.98,22.23,20.25,26.51,27.48,23.84,31.03,19.14,17.20,25.73,22.27,19.67,16.59,13.88,14.51,20.32,24.46,11.69,16.36,23.93,22.11,10.00,18.05,19.66,12.87,17.16,11.54,25.13,29.75,16.48,10.60,16.21,11.43,11.94,20.96,13.54,31.14,16.63,11.82,15.74,14.77,11.07,24.32,10.47,13.46,30.83,16.36,17.36,17.50,19.46,11.24,10.67,14.95,18.11,16.07,8.12,10.29,9.53,15.64,12.66,12.04,7.73,6.71,14.57,6.76,11.25,12.21,4.89,8.51,23.38,10.54,17.38,6.54,13.59,5.84,12.82,6.04,26.21,8.84,15.95,3.08,11.75,12.80,10.63,28.70,11.26,9.72,9.11,27.91,26.76,20.77,0.00,15.03,13.50,6.36,12.30,17.86,6.78,19.15,15.39,10.56,7.42,4.05,3.87,4.39,8.40,15.53,12.55,6.56,11.53,28.05,16.60,18.47,12.42,12.14,7.94,26.12,9.33,12.92,29.39,25.48,13.24,10.18,28.55,17.62,20.43,23.21,20.04,12.37,12.45,28.80,12.05,12.46,23.23,14.75,15.03,17.37,16.56,32.79,41.41,16.09,23.57,51.47,23.90,40.31,41.76,41.61,26.44,22.13,40.35
node/627574779,27.44,51.02,40.42,36.37,37.75,37.39,37.83,39.07,36.13,34.30,31.05,31.08,37.28,37.71,38.09,42.62,43.70,38.77,31.33,35.98,41.38,35.80,35.03,38.58,37.31,41.98,35.82,27.68,38.22,25.28,38.33,38.66,32.06,21.90,27.77,21.18,35.63,36.60,24.77,40.15,19.32,29.80,34.85,31.39,30.56,19.00,22.38,27.12,31.57,34.05,22.30,28.97,33.70,33.37,21.24,17.07,32.26,24.11,29.77,24.14,36.33,38.86,29.09,23.20,28.81,21.45,21.68,33.56,14.72,41.27,29.24,24.31,28.34,27.37,21.74,36.92,23.07,26.06,41.95,28.96,29.96,30.10,32.07,23.84,15.54,27.55,30.71,28.67,20.42,13.92,22.14,28.24,25.27,24.64,20.33,19.18,27.18,19.38,12.99,24.81,17.18,21.12,35.98,23.14,29.98,19.14,26.19,18.45,6.24,18.64,18.37,17.27,4.96,14.12,24.36,25.41,10.55,42.75,23.87,22.32,21.71,41.97,40.82,34.82,16.56,0.00,26.11,18.96,24.90,31.39,14.48,32.68,5.91,23.63,15.12,18.87,17.92,18.44,17.74,6.50,25.16,16.25,24.58,42.10,8.61,11.06,26.04,26.20,21.99,18.62,22.34,26.98,43.44,39.53,21.99,24.23,42.60,18.54,13.89,16.67,13.50,26.42,26.50,42.86,25.45,25.26,16.51,25.19,25.48,25.50,24.50,46.84,55.46,21.85,25.12,65.52,37.95,54.36,55.81,55.66,40.49,27.90,54.40
node/302790436,25.01,49.53,38.93,34.88,36.26,35.90,36.18,37.88,34.48,32.65,29.55,28.42,33.82,35.02,35.17,36.27,37.36,36.27,31.02,33.94,35.04,33.30,32.52,32.31,30.97,35.88,30.87,25.97,31.87,24.67,31.98,32.31,27.36,24.69,23.98,23.96,29.29,30.25,27.55,32.78,22.85,19.37,28.51,25.04,21.13,20.30,19.87,16.69,20.18,25.25,17.67,18.27,20.95,20.34,15.51,23.46,18.59,16.46,16.32,13.71,21.15,23.93,15.67,12.77,14.46,16.31,20.49,15.47,20.44,26.31,14.15,13.56,12.74,11.77,14.21,18.18,12.64,10.43,26.00,13.33,14.08,14.47,13.71,11.39,21.20,10.47,11.97,10.31,19.23,21.47,9.29,9.50,8.55,9.20,9.32,13.33,8.33,10.44,21.98,6.37,16.07,7.19,17.12,6.56,11.13,8.71,7.14,12.31,22.96,9.43,35.21,17.85,26.09,14.26,3.19,4.97,19.63,23.87,2.32,3.70,4.89,23.08,21.93,15.94,12.91,24.04,0.00,7.82,2.30,12.00,15.79,13.29,24.39,4.43,16.42,15.44,12.27,10.42,17.59,24.54,7.25,15.75,6.63,22.91,25.60,27.48,8.72,8.32,10.22,35.12,12.10,12.52,24.25,20.35,22.43,12.40,23.41,26.80,29.43,32.22,29.04,13.95,12.09,23.67,15.47,15.88,32.23,19.48,19.22,21.75,20.75,27.65,36.27,20.27,27.76,46.33,26.06,35.17,36.62,36.47,28.60,26.32,42.51
way/585852861,23.06,46.08,35.48,31.42,32.80,32.45,33.72,35.42,32.02,30.19,26.10,24.96,31.36,32.57,32.58,33.30,34.38,33.29,27.91,30.96,32.06,30.32,29.55,29.34,27.99,32.90,27.89,23.61,28.89,21.22,29.00,29.33,24.38,21.24,22.03,20.51,26.31,27.27,24.10,30.83,19.40,15.92,25.53,22.07,19.46,16.85,16.41,13.23,19.04,24.25,14.22,15.09,23.05,20.83,12.06,20.01,18.38,13.00,15.88,10.26,23.85,28.59,15.20,9.31,14.93,12.85,17.04,19.68,16.99,30.38,15.35,10.54,14.52,13.55,10.76,22.82,9.19,12.48,30.07,15.31,16.08,16.45,18.18,9.96,15.84,13.97,16.61,14.96,13.29,15.46,8.25,14.14,12.06,11.43,6.45,7.63,12.97,6.92,16.42,11.35,10.05,7.65,21.78,9.91,15.78,5.26,11.98,6.72,17.99,4.51,31.26,13.89,21.12,8.24,9.12,10.24,15.68,27.95,7.24,5.20,4.43,27.16,26.01,20.02,6.90,20.08,7.75,0.00,6.22,16.19,11.83,17.48,20.44,6.14,12.47,9.78,6.25,4.41,13.57,20.58,8.04,11.74,8.02,27.10,21.65,23.52,9.47,10.54,6.28,31.17,8.55,11.32,28.45,24.54,18.40,8.49,27.60,22.79,25.48,28.26,25.09,10.69,10.85,27.86,11.43,11.84,28.27,15.44,15.18,17.71,16.71,31.84,40.46,16.24,23.72,50.52,24.83,39.36,40.81,40.66,27.37,22.28,41.27
node/2580708138,23.72,47.54,36.94,32.88,34.26,33.90,34.89,36.59,33.19,31.36,27.56,26.42,32.53,33.73,33.88,34.75,35.84,34.75,29.37,32.42,33.52,31.78,31.00,30.79,29.45,34.36,29.35,24.68,30.35,22.67,30.46,30.79,25.84,22.69,22.69,21.97,27.77,28.73,25.56,32.28,20.86,17.38,26.99,23.52,19.84,18.30,17.87,14.69,18.88,25.27,15.67,16.54,20.97,20.35,13.51,21.47,18.14,14.46,16.23,11.71,21.16,23.96,15.03,10.77,13.17,14.31,18.49,15.48,18.45,26.02,13.12,12.00,11.45,10.48,12.22,18.19,10.65,9.14,25.70,12.04,14.09,13.18,13.72,10.68,19.20,10.64,11.98,10.33,17.00,19.17,8.51,9.51,8.53,7.91,7.90,11.34,8.34,8.44,20.02,6.71,13.77,6.48,17.15,5.28,11.14,6.72,7.35,10.32,21.00,8.06,33.25,15.88,24.13,11.96,4.16,5.71,17.67,23.58,2.26,2.43,2.97,22.79,21.64,15.65,10.62,22.07,2.65,5.52,0.00,11.90,13.82,13.18,22.43,2.13,14.46,13.14,9.97,8.12,15.29,22.57,4.95,13.46,4.67,22.80,23.64,25.52,7.23,8.03,7.92,33.16,9.79,10.22,24.15,20.24,20.12,10.10,23.30,24.50,27.47,30.25,27.08,11.65,9.79,23.56,13.17,13.58,30.27,17.18,16.92,19.45,18.45,27.55,36.16,17.98,25.46,46.23,23.76,35.07,36.52,36.36,26.30,24.02,40.21
node/5884199085,21.61,48.31,37.71,33.65,35.03,34.67,32.78,34.48,31.08,29.25,28.33,27.19,30.42,30.34,28.88,27.95,29.03,31.04,27.62,30.00,26.71,27.16,27.51,25.80,22.65,27.98,25.10,22.57,23.55,21.43,23.66,23.99,23.95,29.91,20.58,29.19,20.96,21.93,32.78,24.28,28.07,17.99,20.19,18.44,17.73,25.52,20.71,15.30,16.77,17.23,22.48,14.70,14.15,15.26,20.39,29.56,14.06,19.29,11.31,16.73,14.64,13.85,10.67,15.32,13.21,22.40,26.58,11.31,26.54,17.05,12.01,17.10,13.30,14.70,20.31,13.76,17.29,14.31,16.74,14.93,9.83,12.48,12.00,15.85,27.29,11.85,8.35,8.96,25.00,27.16,13.71,8.14,10.41,11.64,15.18,20.49,6.65,17.85,28.13,9.38,21.76,13.39,7.05,10.33,6.88,16.25,6.82,19.58,29.30,16.84,41.55,24.18,32.43,19.95,10.19,9.34,25.97,15.00,11.66,13.26,14.43,14.21,13.06,7.43,18.61,30.37,12.88,17.86,12.93,0.00,21.89,3.33,30.73,12.55,22.53,20.43,18.34,18.32,22.58,30.87,15.64,20.75,10.44,12.95,31.94,33.82,10.93,9.42,15.86,41.46,17.09,17.04,14.29,10.38,27.42,17.41,13.45,30.92,35.77,38.55,35.38,15.91,15.41,13.71,19.73,20.15,36.07,23.75,23.49,26.02,25.02,17.69,26.31,24.54,32.02,36.37,27.18,25.21,26.66,26.51,29.72,30.59,39.32
node/3211789361,25.13,48.32,37.72,33.66,35.04,34.68,35.96,37.66,34.26,32.43,28.34,27.20,33.60,34.76,34.66,35.38,36.46,35.37,30.13,33.04,34.14,32.40,31.62,31.42,30.07,34.98,29.97,25.48,30.97,23.08,31.08,31.41,26.46,22.85,24.11,22.13,28.39,29.35,25.72,32.91,21.02,20.67,27.61,24.14,21.54,18.46,15.76,18.48,22.21,26.33,13.56,20.61,25.80,25.47,11.88,19.93,23.88,14.74,21.41,15.79,28.42,31.62,20.73,14.84,20.45,12.75,12.73,25.20,14.33,34.03,20.39,15.09,19.18,18.21,13.03,28.57,14.72,17.70,34.50,19.97,21.61,21.11,23.55,14.65,11.46,19.19,22.36,20.31,11.05,11.95,13.78,19.88,16.91,16.29,11.97,10.83,18.82,11.02,12.91,16.45,7.82,12.76,26.78,14.79,21.62,10.79,17.83,10.10,14.48,10.29,27.87,8.91,17.61,5.77,16.00,17.05,12.29,32.37,15.51,13.96,13.35,31.58,30.43,24.44,7.94,16.69,17.11,10.61,15.58,21.02,0.00,22.31,17.05,13.71,0.64,7.64,9.31,9.83,6.02,17.19,15.85,4.19,14.68,31.72,18.26,20.13,15.58,15.30,11.10,27.78,10.28,16.08,33.06,29.15,10.86,13.34,32.22,15.24,22.09,24.87,21.70,15.53,15.61,32.47,14.77,14.58,24.88,14.51,14.79,17.13,16.32,36.46,45.08,15.85,23.33,55.14,27.57,43.98,45.43,45.28,30.11,21.90,44.02
node/4921020221,23.15,49.85,39.25,35.19,36.58,36.22,34.32,36.02,32.62,30.79,29.87,28.73,29.23,28.39,26.93,26.00,27.08,29.08,27.63,28.04,24.76,25.20,25.56,23.84,20.69,26.02,23.14,24.12,21.60,22.54,21.70,22.04,22.87,31.45,22.12,30.73,19.01,19.98,34.32,22.32,29.62,19.54,18.23,16.48,19.27,27.07,22.26,16.85,18.32,17.77,24.02,16.24,14.70,16.58,21.94,31.10,15.61,20.83,12.86,18.27,15.18,14.40,12.21,16.86,14.75,23.95,28.13,12.85,28.08,15.85,13.56,18.64,14.84,16.24,21.85,15.30,18.83,15.85,15.54,16.48,11.38,14.02,13.54,17.39,28.04,13.40,9.90,10.50,25.48,27.65,15.26,9.69,11.95,13.19,16.72,22.04,8.19,19.39,28.62,10.92,22.25,14.93,7.54,11.87,8.42,17.79,8.37,21.12,30.18,18.38,43.09,25.73,33.32,20.44,11.74,10.88,27.51,13.41,13.21,14.80,15.97,12.62,11.47,5.48,19.10,31.92,14.42,19.37,13.85,9.06,22.49,0.00,32.27,14.10,23.13,21.04,18.82,18.92,23.18,32.41,17.18,21.35,11.98,11.00,33.45,35.36,11.53,10.02,16.46,43.00,17.69,17.64,12.34,8.43,28.02,17.65,11.50,30.20,37.31,40.09,36.92,15.19,15.21,11.75,19.01,19.43,35.34,23.02,22.76,25.29,24.29,15.74,24.36,23.82,31.30,34.42,26.46,23.26,24.71,24.56,29.00,29.87,37.37
node/4343081824,31.21,54.79,44.20,40.14,41.52,41.16,41.60,42.84,39.90,38.07,34.82,34.85,41.05,41.48,41.86,45.24,46.33,42.54,35.11,39.76,44.01,39.58,38.80,41.28,39.94,44.85,39.59,31.45,40.84,29.05,40.95,41.28,35.83,25.67,31.54,24.95,38.26,39.22,28.04,42.77,23.09,30.30,37.48,34.01,31.41,22.77,25.63,27.62,32.08,36.20,23.43,29.47,35.67,35.22,21.74,15.75,32.77,24.61,30.27,24.64,38.23,41.49,29.59,23.70,29.31,22.62,22.57,34.06,18.49,43.90,29.74,24.93,28.84,27.88,22.76,37.42,23.57,26.56,44.58,29.46,30.47,30.60,32.57,24.34,19.31,28.05,31.21,29.17,20.92,17.55,22.64,28.74,25.77,25.14,20.83,19.68,27.68,19.88,15.79,25.31,17.68,21.62,36.49,23.64,30.48,19.65,26.69,18.96,10.16,19.14,13.76,18.17,7.46,14.62,24.86,25.91,11.05,43.26,24.37,22.82,22.21,42.47,41.32,35.33,17.06,6.58,26.61,19.47,25.41,31.89,14.98,33.18,0.00,24.13,15.62,19.37,18.42,18.95,18.24,2.89,25.66,16.75,25.08,42.60,10.06,6.46,26.54,26.70,22.49,14.02,22.85,27.48,43.95,40.04,22.50,24.73,43.10,19.42,10.80,14.40,11.23,26.92,27.01,43.36,26.34,26.14,17.63,26.07,26.36,26.39,25.39,47.34,55.96,22.73,26.57,66.02,38.46,54.86,56.31,56.16,40.99,28.78,54.90
node/3770301444,26.28,49.30,38.71,34.65,36.03,35.67,36.95,38.65,35.25,33.42,29.33,28.19,34.59,35.79,35.81,36.52,37.60,36.52,31.14,34.18,35.28,33.55,32.77,32.56,31.22,36.13,31.12,26.84,32.12,24.44,32.23,32.56,27.61,24.46,25.25,23.74,29.54,30.50,27.33,33.48,22.62,19.14,28.76,25.29,22.44,20.07,19.64,16.46,21.48,27.48,17.44,18.31,23.56,22.95,15.28,23.24,20.73,16.23,18.82,13.48,23.75,24.76,17.62,12.54,15.77,16.08,20.26,18.07,20.21,27.00,15.72,13.77,14.04,13.08,13.99,20.79,12.41,11.73,26.69,14.63,16.69,15.77,16.32,13.18,20.48,13.24,14.58,12.92,17.93,20.10,11.10,12.10,11.12,10.50,9.67,13.10,10.94,10.21,21.06,9.31,14.70,9.07,17.95,7.87,13.74,8.49,9.95,12.09,22.63,9.82,34.98,17.62,25.76,12.88,6.39,6.98,19.40,24.56,4.71,5.03,5.56,23.77,22.62,16.63,11.54,23.81,5.01,7.52,3.69,12.19,14.82,13.48,24.17,0.00,15.46,13.37,11.27,10.71,15.51,24.31,5.75,13.68,3.44,23.10,25.38,27.25,6.01,7.05,8.09,34.89,10.02,9.99,24.44,20.54,20.35,10.32,23.60,24.73,29.20,31.99,28.81,11.88,10.01,23.86,13.34,13.75,31.11,17.35,17.09,19.62,18.62,27.84,36.46,18.14,25.62,46.52,23.99,35.36,36.81,36.66,26.52,24.19,40.43
way/1360293399,24.50,47.68,37.08,33.02,34.41,34.05,35.33,37.02,33.63,31.80,27.70,26.57,32.97,34.13,34.02,34.74,35.82,34.73,29.50,32.40,33.50,31.77,30.99,30.78,29.43,34.34,29.33,24.84,30.33,22.44,30.45,30.77,25.82,22.22,23.47,21.49,27.75,28.72,25.08,32.27,20.38,20.03,26.97,23.51,20.90,17.83,15.12,17.84,21.57,25.70,12.93,19.98,25.16,24.83,11.24,19.29,23.24,14.10,20.77,15.15,27.79,30.98,20.10,14.21,19.82,12.12,12.10,24.57,13.70,33.39,19.75,14.45,18.54,17.57,12.40,27.93,14.08,17.06,33.86,19.33,20.97,20.47,22.92,14.01,10.82,18.55,21.72,19.68,10.41,11.31,13.15,19.25,16.27,15.65,11.34,10.19,18.19,10.38,12.28,15.82,7.18,12.13,26.15,14.15,20.99,10.15,17.20,9.46,13.85,9.65,27.23,8.27,16.98,5.13,15.37,16.42,11.65,31.73,14.88,13.33,12.72,30.95,29.80,23.80,7.31,16.05,16.47,9.97,14.95,20.38,5.54,21.67,16.41,13.08,0.00,7.00,8.67,9.20,5.38,16.55,15.21,3.55,14.04,31.08,17.62,19.50,14.94,14.66,10.46,27.14,9.65,15.44,32.42,28.52,10.22,12.70,31.58,14.60,21.45,24.23,21.06,14.89,14.97,31.84,14.14,13.95,24.25,13.87,14.16,16.50,15.69,35.82,44.44,15.21,22.70,54.50,26.93,43.34,44.79,44.64,29.47,21.26,43.38
node/2182364515,26.01,49.20,38.60,34.54,35.92,35.56,36.84,38.54,35.14,33.31,29.22,28.08,34.48,35.64,35.54,36.25,37.33,36.25,31.01,33.91,35.02,33.28,32.50,32.29,30.95,35.86,30.85,26.35,31.85,23.95,31.96,32.29,27.33,23.73,24.98,23.00,29.27,30.23,26.60,33.78,21.89,21.04,28.49,25.02,22.42,19.34,16.64,18.35,23.08,27.21,14.44,20.20,26.68,25.95,12.75,20.80,23.50,15.62,21.00,15.37,28.96,31.68,20.32,14.43,20.04,14.18,14.70,24.79,16.30,32.90,20.47,15.66,19.57,18.61,13.82,28.15,14.30,17.29,32.59,20.19,21.20,21.33,23.30,15.07,13.43,18.78,21.94,19.90,10.87,13.04,13.37,19.47,16.50,15.87,11.56,10.54,18.41,10.60,14.00,16.04,7.64,12.35,24.87,14.38,21.21,10.38,17.42,9.68,15.57,9.87,28.96,11.59,18.70,5.83,15.59,16.64,13.38,30.46,14.69,13.55,12.65,29.67,28.52,22.53,3.83,17.78,15.20,10.10,13.67,19.11,6.68,20.40,18.14,11.80,7.31,0.00,5.96,6.48,7.37,18.28,13.94,5.54,12.77,29.81,19.35,21.23,13.67,13.39,9.19,28.87,8.37,14.17,31.15,27.24,12.21,11.43,30.31,16.59,23.18,25.96,22.79,13.62,13.70,30.56,13.43,13.23,25.66,13.16,13.45,15.78,14.97,34.55,43.17,14.50,21.98,53.23,25.66,42.07,43.52,43.37,28.20,20.55,42.11
way/293463784,24.36,47.54,36.94,32.88,34.27,33.91,35.18,36.88,33.48,31.65,27.56,26.43,32.83,33.98,33.88,34.60,35.68,34.59,29.35,32.26,33.36,31.62,30.85,30.64,29.29,34.20,29.19,24.70,30.19,22.30,30.30,30.63,25.68,22.07,23.33,21.35,27.61,28.57,24.94,32.13,20.24,19.89,26.83,23.37,20.76,17.69,14.98,17.34,21.43,25.55,12.78,19.19,25.02,24.69,11.10,19.15,22.49,13.96,19.99,14.36,27.64,28.77,19.31,13.42,19.03,12.53,13.04,23.77,14.64,29.48,19.46,14.31,18.40,17.43,12.17,26.21,13.29,16.28,29.17,19.18,20.19,20.32,22.29,13.87,11.77,17.77,20.81,18.89,9.21,11.38,12.36,18.46,15.49,14.87,10.55,9.23,17.40,9.43,12.35,15.03,5.98,11.34,21.96,13.37,19.74,9.37,16.41,8.51,13.92,8.86,27.30,9.94,17.05,4.17,13.31,14.85,11.72,27.04,11.41,10.18,8.60,26.25,25.10,19.11,2.83,16.13,11.92,6.04,10.39,16.20,7.88,17.49,16.49,8.90,8.51,5.71,0.00,2.42,9.49,16.63,11.03,7.66,9.86,26.39,17.70,19.57,10.76,10.48,6.28,27.21,7.64,11.26,27.73,23.82,14.33,8.52,26.89,18.71,21.52,24.31,21.13,10.71,10.79,27.14,10.39,10.80,24.32,14.40,14.14,16.67,15.67,31.13,39.74,15.20,22.68,49.81,22.24,38.65,40.10,39.95,24.78,21.24,38.69
node/10606501241,24.98,48.00,37.40,33.34,34.73,34.37,35.65,37.34,33.95,32.12,28.02,26.89,33.29,34.49,34.51,35.22,36.30,35.22,29.83,32.88,33.98,32.25,31.47,31.26,29.92,34.83,29.82,25.54,30.82,23.14,30.93,31.26,26.30,23.16,23.95,22.43,28.23,29.20,26.02,32.75,21.32,17.84,27.45,23.99,21.38,18.77,16.54,15.16,20.96,26.18,14.35,17.01,24.97,22.75,12.66,20.71,20.30,14.93,17.81,12.18,25.77,30.36,17.13,11.24,16.85,14.09,14.60,21.60,16.20,31.32,17.28,12.46,16.44,15.48,12.68,25.07,11.11,14.40,31.01,17.24,18.00,18.38,20.11,11.88,13.33,15.90,18.86,17.20,10.78,12.95,10.18,16.39,13.89,13.27,8.37,10.79,15.21,8.91,13.91,13.44,7.54,9.57,23.55,11.77,18.02,7.19,14.22,9.91,15.48,7.71,28.87,11.50,18.61,5.74,10.89,12.43,13.29,28.88,8.99,7.76,6.17,28.10,26.95,20.95,4.39,17.69,9.49,3.62,7.97,17.79,9.44,19.08,18.05,7.87,10.08,7.27,3.74,0.00,11.06,18.19,9.77,9.22,9.74,28.23,19.26,21.13,11.20,12.07,7.10,28.78,6.44,12.85,29.57,25.67,15.90,9.85,28.73,20.27,23.09,25.87,22.70,11.84,12.38,28.99,12.23,12.65,25.88,16.24,15.98,18.51,17.51,32.97,41.59,17.04,24.52,51.65,24.08,40.49,41.94,41.79,26.62,23.08,40.53
way/1360293417,26.47,49.66,39.06,35.00,36.38,36.02,37.30,39.00,35.60,33.77,29.68,28.54,34.94,36.10,36.00,36.71,37.79,36.71,31.47,34.38,35.48,33.74,32.96,32.75,31.41,36.32,31.31,26.81,32.31,24.42,32.42,32.75,27.80,24.19,25.44,23.47,29.73,30.69,27.06,34.24,22.36,22.00,28.95,25.48,22.88,19.80,17.10,19.82,23.55,27.67,14.90,21.95,27.14,26.81,13.21,21.27,25.22,16.08,22.75,17.12,29.76,32.96,22.07,16.18,21.79,14.09,14.07,26.54,15.67,35.37,21.73,16.43,20.51,19.55,14.37,29.90,16.05,19.04,35.84,21.31,22.95,22.45,24.89,15.99,12.80,20.53,23.70,21.65,12.39,13.29,15.12,21.22,18.25,17.62,13.31,12.16,20.16,12.36,14.25,17.79,9.15,14.10,28.12,16.13,22.96,12.13,19.17,11.44,15.82,11.62,29.20,10.25,18.95,7.11,17.34,18.39,13.63,33.71,16.85,15.30,14.69,32.92,31.77,25.78,9.28,18.03,18.45,11.95,16.92,22.36,3.99,23.65,18.39,15.05,4.62,8.97,10.65,11.17,0.00,18.53,17.18,5.53,16.02,33.06,19.60,21.47,16.91,16.64,12.43,29.12,11.62,17.42,34.40,30.49,12.20,14.67,33.56,16.58,23.43,26.21,23.04,16.86,16.95,33.81,16.11,15.92,26.22,15.85,16.13,18.47,17.66,37.80,46.41,17.19,24.67,56.48,28.91,45.32,46.77,46.62,31.45,23.23,45.36
node/13176973077,30.36,53.94,43.34,39.28,40.67,40.31,40.75,41.98,39.05,37.22,33.96,34.00,40.20,40.63,41.01,44.39,45.47,41.69,34.25,38.90,43.15,38.72,37.94,40.43,39.09,43.99,38.73,30.59,39.99,28.20,40.10,40.43,34.98,24.82,30.68,24.09,37.40,38.37,27.68,41.92,22.23,29.45,36.62,33.16,30.55,21.91,24.77,26.77,31.22,35.35,22.58,28.62,34.82,34.36,20.89,17.37,31.91,23.75,29.42,23.79,37.38,40.63,28.73,22.85,28.46,21.77,21.72,33.21,17.64,43.04,28.88,24.07,27.99,27.02,21.91,36.57,22.72,25.71,43.72,28.61,29.61,29.75,31.71,23.49,18.45,27.20,30.36,28.32,20.07,16.70,21.79,27.89,24.92,24.29,19.98,18.83,26.83,19.02,14.94,24.46,16.83,20.77,35.63,22.79,29.63,18.79,25.84,18.10,11.28,18.29,15.38,17.32,8.79,13.77,24.01,25.06,10.20,42.40,23.52,21.97,21.36,41.61,40.46,34.47,16.20,7.91,25.75,18.61,24.55,31.04,14.13,32.33,2.93,23.28,14.76,18.51,17.57,18.09,17.39,0.00,24.80,15.90,24.23,41.75,9.21,8.08,25.68,25.84,21.64,15.64,21.99,26.62,43.09,39.18,21.64,23.88,42.25,18.57,12.42,16.02,12.85,26.07,26.15,42.50,25.48,25.29,17.11,25.22,25.50,25.53,24.53,46.49,55.11,21.88,25.72,65.17,37.60,54.01,55.46,55.31,40.14,27.93,54.05
node/13904673940,25.44,48.47,37.87,33.81,35.19,34.83,36.11,37.81,34.41,32.58,28.49,27.35,33.75,34.95,34.97,35.68,36.76,35.68,30.30,33.34,34.45,32.71,31.93,31.72,30.38,35.29,30.28,26.00,31.28,23.60,31.39,31.72,26.77,23.62,24.41,22.90,28.70,29.66,26.49,33.21,21.79,18.30,27.92,24.45,21.85,19.23,18.80,15.62,21.42,26.64,16.60,17.47,24.45,23.22,14.44,22.40,20.77,15.39,18.27,12.64,24.64,25.55,17.59,11.70,16.66,15.24,19.42,18.96,19.37,27.52,16.61,12.93,14.93,13.97,13.15,21.68,11.57,12.62,27.21,15.52,17.58,16.66,17.21,12.34,18.87,14.12,15.47,13.81,16.31,18.48,10.64,13.00,12.01,11.39,8.83,12.26,11.82,9.37,19.44,10.20,13.08,9.26,18.74,8.76,14.63,7.65,10.84,11.25,21.01,8.99,34.14,16.78,24.14,11.27,7.50,9.04,18.57,25.08,5.59,4.95,5.57,24.30,23.15,17.15,9.92,22.97,6.10,6.84,4.58,12.98,13.21,14.26,23.33,2.51,13.84,11.75,9.65,9.64,13.90,23.47,0.00,12.06,4.80,23.89,24.54,26.41,6.44,7.57,7.01,34.05,8.40,8.83,25.23,21.32,18.73,8.71,24.39,23.12,28.37,31.15,27.97,10.26,8.40,24.64,11.84,12.25,29.62,15.85,15.59,18.12,17.12,28.63,37.24,16.65,24.13,47.31,22.37,36.15,37.60,37.45,24.91,22.69,38.82
node/4715569699,26.96,50.14,39.54,35.48,36.87,36.51,37.79,39.48,36.09,34.26,30.17,29.03,35.43,36.59,36.48,37.20,38.28,37.19,31.95,34.86,35.96,34.23,33.45,33.24,31.89,36.80,31.80,27.30,32.80,24.90,32.91,33.23,28.28,24.68,25.93,23.95,30.21,31.18,27.54,34.73,22.84,22.28,29.43,25.97,23.36,20.29,17.58,19.59,24.03,28.15,15.38,21.44,27.62,27.19,13.70,21.12,24.74,16.56,22.24,16.61,30.20,31.81,21.56,15.67,21.28,13.69,14.55,26.03,16.15,33.03,21.71,16.90,20.81,19.85,13.34,29.25,15.54,18.53,32.72,21.43,22.44,22.57,24.54,16.32,13.29,20.02,23.18,21.14,11.99,12.32,14.61,20.71,17.74,17.12,12.80,10.26,19.65,10.45,13.65,17.28,9.00,13.59,25.00,15.62,22.45,11.62,18.66,9.53,16.08,11.11,28.33,10.73,19.21,5.20,16.72,17.88,12.75,30.59,14.82,14.65,13.09,29.80,28.65,22.66,6.53,17.15,15.33,11.44,13.80,19.24,3.96,20.52,17.51,11.93,4.59,5.85,7.89,8.41,4.28,17.65,14.06,0.00,12.90,29.94,18.72,20.60,13.79,13.52,9.31,28.24,8.50,14.30,31.28,27.37,7.04,11.55,30.44,11.43,22.55,25.33,22.16,13.74,13.83,30.69,12.29,12.10,21.77,12.03,12.32,14.65,13.85,34.68,43.29,13.37,20.67,53.36,25.79,42.20,43.65,43.49,28.33,19.42,42.23
way/499614429,26.70,49.72,39.12,35.06,36.44,36.08,37.36,39.06,35.66,33.83,29.74,28.60,35.00,36.20,35.42,34.49,35.57,36.93,31.55,34.60,33.26,33.70,33.18,32.34,29.19,34.52,31.53,27.25,30.09,24.86,30.20,30.53,28.02,24.88,25.67,24.15,27.50,28.47,27.74,30.82,23.04,19.56,26.73,24.98,23.10,20.49,20.05,16.87,22.47,25.48,17.86,18.72,22.26,20.95,15.70,23.65,19.76,16.64,17.01,13.90,22.45,22.11,16.37,12.95,17.54,16.49,20.67,17.01,20.63,24.34,17.49,14.18,15.82,14.85,14.40,19.45,12.83,13.51,24.03,16.41,15.53,17.55,17.34,13.60,19.83,14.78,14.05,13.94,17.27,19.44,11.89,13.12,12.86,12.27,10.09,13.52,11.96,10.62,20.40,10.68,14.04,10.85,15.30,9.64,12.56,8.90,10.40,12.50,21.98,10.24,35.36,18.00,25.11,12.23,8.38,7.16,19.78,21.90,6.48,6.80,7.33,21.12,19.96,13.97,10.88,24.18,6.99,8.97,5.46,9.53,14.17,10.82,24.55,3.39,14.80,12.71,10.62,10.60,14.86,24.68,6.18,13.03,0.00,20.44,25.75,27.63,3.35,4.39,8.14,35.27,9.37,8.94,21.79,17.88,19.70,9.67,20.94,24.08,29.58,32.37,29.19,10.13,8.26,21.20,12.80,13.21,30.58,16.81,16.55,19.08,18.08,25.18,33.80,17.61,25.09,43.86,22.24,32.70,34.15,34.00,24.77,23.65,38.68
way/743710865,28.86,54.02,43.41,39.36,40.74,40.34,35.03,36.73,33.33,31.50,31.42,34.70,27.74,26.90,25.44,26.61,27.69,27.60,26.00,28.40,25.37,23.72,24.96,22.36,21.30,25.59,26.26,28.96,21.67,27.34,23.36,20.19,27.67,38.44,28.40,37.72,23.81,20.52,41.30,22.03,36.60,26.52,23.03,21.28,24.21,34.05,29.24,23.83,25.30,24.15,31.00,23.22,21.08,22.96,28.92,38.09,22.59,27.82,19.84,25.26,21.56,20.46,19.20,23.85,21.73,30.93,35.11,19.84,35.07,15.19,20.54,25.63,21.82,23.22,28.84,22.29,25.81,22.84,14.03,23.46,18.36,21.01,20.52,24.38,34.83,20.38,16.88,17.49,32.28,34.45,22.24,16.67,18.94,20.17,23.70,29.02,15.18,26.38,35.41,17.91,29.05,21.92,14.58,18.86,15.40,24.77,15.35,28.11,36.98,25.37,50.08,32.71,40.11,27.23,18.72,17.87,34.50,9.69,20.19,21.79,22.95,8.72,7.11,10.28,25.89,38.90,21.41,26.16,20.64,15.86,29.29,9.22,39.26,21.08,29.92,27.83,25.62,25.72,29.98,39.40,24.11,28.14,18.96,0.00,40.24,42.34,18.33,16.81,23.26,49.99,24.48,24.43,10.57,6.40,34.81,24.44,9.73,36.99,44.30,47.08,43.91,21.98,22.01,9.99,25.81,26.22,42.14,29.82,29.56,32.09,31.09,16.39,22.59,30.62,38.10,32.65,33.26,23.91,25.36,25.21,35.79,36.66,38.02
node/871073568,28.82,52.41,41.81,37.75,39.14,38.78,39.22,40.45,37.52,35.69,32.43,32.47,38.67,39.10,39.48,43.42,44.51,40.16,32.72,37.37,42.19,37.19,36.41,39.46,38.12,43.03,37.20,29.06,39.02,26.67,39.13,39.46,33.45,23.29,29.15,22.56,36.44,37.40,26.15,40.96,20.70,28.48,35.66,32.19,29.59,20.38,23.76,25.80,30.25,34.38,21.61,27.65,33.85,33.40,19.92,19.59,30.95,22.79,28.45,22.82,36.41,39.67,27.77,21.88,27.49,20.80,20.75,32.24,16.11,42.08,27.92,23.11,27.02,26.05,20.94,35.60,21.75,24.74,42.76,27.64,28.65,28.78,30.75,22.52,16.93,26.23,29.39,27.35,19.10,15.74,20.82,26.92,23.95,23.32,19.01,17.86,25.86,18.06,13.97,23.49,15.87,19.80,34.67,21.82,28.66,17.83,24.87,17.14,9.43,17.32,20.17,16.35,10.28,12.80,23.04,24.09,9.24,41.43,22.55,21.00,20.39,40.65,39.50,33.51,15.24,8.05,24.79,17.65,23.59,30.07,13.16,31.36,9.36,22.32,13.80,17.55,16.60,17.12,16.42,9.50,23.84,14.93,23.27,40.78,0.00,12.44,24.72,24.88,20.67,20.08,21.02,25.66,42.12,38.22,18.62,22.91,41.28,13.62,14.40,17.18,14.00,25.10,25.19,41.54,20.53,20.34,11.59,20.27,20.55,20.58,19.58,45.52,54.14,16.93,20.19,64.20,36.63,53.04,54.49,54.34,38.77,22.97,52.63
way/376470743,33.00,56.59,45.98,41.93,43.31,42.95,43.39,44.62,41.69,39.86,36.61,36.64,42.84,43.27,43.65,47.03,48.12,44.33,36.89,41.54,45.80,41.37,40.59,43.07,41.73,46.64,41.38,33.23,42.63,30.84,42.74,43.07,37.62,27.46,33.33,26.74,40.05,41.01,28.43,44.57,24.88,32.09,39.27,35.80,33.20,24.56,27.42,29.41,33.87,37.99,25.22,31.26,37.46,37.01,23.53,16.14,34.55,26.40,32.06,26.43,40.02,43.28,31.38,25.49,31.10,24.41,24.37,35.85,20.28,45.69,31.53,26.72,30.63,29.67,24.55,39.21,25.36,28.35,46.37,31.25,32.26,32.39,34.36,26.13,21.10,29.84,33.00,30.96,22.71,19.35,24.43,30.53,27.56,26.93,22.62,21.47,29.47,21.67,17.58,27.10,19.48,23.41,38.28,25.43,32.27,21.44,28.48,20.75,13.93,20.93,10.82,19.96,11.63,16.41,26.65,27.70,12.85,45.04,26.16,24.61,24.00,44.26,43.11,37.12,18.85,11.37,28.40,21.26,27.20,33.68,16.77,34.97,6.38,25.93,17.41,21.16,20.21,20.73,20.03,7.67,27.45,18.54,26.88,44.39,11.85,0.00,28.33,28.49,24.28,11.08,24.63,29.27,45.73,41.83,24.29,26.52,44.89,21.21,7.61,11.21,8.04,28.71,28.80,45.15,26.91,26.72,13.34,26.65,26.93,26.96,25.96,49.13,57.75,23.31,22.58,67.81,40.24,56.65,58.10,57.95,42.78,29.36,56.69
node/262353392,27.75,51.09,40.49,36.43,37.82,37.46,38.74,40.43,37.04,35.21,31.12,29.98,36.38,36.54,35.09,34.16,35.24,37.24,32.92,35.97,32.92,33.36,33.71,32.00,28.85,34.18,31.30,28.63,29.75,26.23,29.86,30.19,29.39,26.25,26.72,25.52,27.17,28.13,29.12,30.48,24.41,20.93,26.39,24.64,23.87,21.86,21.43,18.25,22.91,25.83,19.23,20.10,22.70,21.40,17.07,25.02,20.20,18.02,17.45,15.27,22.90,22.46,16.81,14.33,19.35,17.87,21.33,17.45,22.00,24.00,18.15,15.55,17.62,16.65,15.77,19.90,14.20,15.31,23.69,18.21,15.97,18.62,18.13,14.97,20.06,16.59,14.49,15.28,17.51,19.68,13.27,14.70,14.66,14.08,11.46,14.89,13.20,12.00,20.64,12.49,14.27,12.65,15.65,11.45,13.43,10.28,12.21,13.87,22.21,11.61,35.59,18.23,25.34,12.46,10.19,8.96,20.02,21.57,8.28,8.60,9.14,20.78,19.63,13.64,11.12,24.42,8.79,10.34,7.26,9.88,14.40,11.17,24.78,5.19,15.04,12.95,10.85,10.84,15.09,24.92,7.91,13.26,3.08,20.80,25.99,27.86,0.00,4.05,8.37,35.51,9.60,9.12,22.14,18.23,19.93,9.93,21.30,24.31,29.82,32.60,29.43,9.79,7.93,21.55,13.06,13.47,30.84,17.07,16.81,19.34,18.34,25.54,34.15,17.87,25.35,44.22,21.90,33.05,34.51,34.35,24.44,23.91,38.35
node/2551116095,25.00,51.70,41.10,37.04,38.42,38.06,36.17,37.87,34.47,32.64,31.72,30.58,33.81,33.79,32.34,31.40,32.49,34.49,31.01,33.45,30.17,30.61,30.96,29.25,26.10,31.43,28.55,25.96,27.00,24.82,27.11,27.44,27.35,27.20,23.97,26.47,24.42,25.38,30.06,27.73,25.36,21.38,23.64,21.89,21.12,22.81,22.37,18.70,20.16,23.08,20.18,18.08,19.95,18.65,18.02,25.97,17.45,18.96,14.71,16.21,20.15,19.71,14.06,15.27,16.60,18.81,21.50,14.70,22.95,21.25,15.40,16.50,16.69,17.64,16.72,17.15,15.15,16.30,20.94,18.32,13.22,15.87,15.38,15.92,20.23,14.88,11.74,12.53,17.68,19.85,14.21,11.95,12.96,14.09,12.40,15.84,10.45,12.94,20.81,10.78,14.44,13.14,12.90,11.85,10.68,11.22,10.50,14.82,22.38,12.56,35.77,18.40,25.51,12.63,9.21,7.26,20.19,18.82,8.28,9.59,10.12,18.03,16.88,10.89,11.29,24.59,7.54,11.54,7.16,7.14,14.57,8.42,24.95,6.48,15.21,13.12,11.02,11.00,15.26,25.09,9.27,13.43,4.36,18.05,26.16,28.03,3.49,0.00,8.54,35.68,9.77,8.34,19.39,15.48,20.10,10.10,18.55,24.48,29.99,32.77,29.60,9.96,8.10,18.80,13.23,13.64,31.01,17.24,16.98,19.51,18.51,22.79,31.40,18.04,25.52,41.47,22.07,30.30,31.75,31.60,24.61,24.08,38.52
node/2606625338,26.81,49.83,39.23,35.17,36.55,36.20,37.47,39.17,35.77,33.94,29.85,28.71,35.11,36.32,36.33,37.05,38.13,37.04,31.66,34.71,35.81,34.08,33.30,33.09,31.74,36.65,31.64,27.36,32.64,24.97,32.75,33.08,28.13,24.99,25.78,24.26,30.06,31.02,27.85,34.58,23.15,19.67,29.28,25.82,23.21,20.60,19.36,16.98,22.79,28.00,17.16,18.83,26.80,24.58,15.47,23.53,22.13,16.75,19.63,14.01,27.60,27.48,18.95,13.06,18.68,16.60,17.42,22.48,19.02,29.03,19.10,14.29,18.27,17.30,14.51,24.93,12.94,16.23,28.72,19.06,19.83,20.20,21.93,13.71,16.15,17.72,19.52,18.62,13.59,15.76,12.00,17.80,15.96,15.34,10.20,13.25,16.63,10.73,16.73,15.00,10.36,11.40,20.68,13.56,18.45,9.01,15.64,12.34,18.30,10.13,31.68,14.31,21.43,8.55,12.30,13.85,16.10,26.60,10.40,9.83,8.24,25.81,24.66,18.67,7.21,20.50,10.91,6.65,9.38,14.91,10.49,16.20,20.87,7.31,11.12,9.03,6.94,6.92,11.18,21.00,8.58,9.35,8.57,25.82,22.07,23.95,9.47,9.19,0.00,31.59,5.69,9.97,27.17,23.26,16.02,7.00,26.32,20.40,25.90,28.68,25.51,9.42,9.50,26.58,10.71,11.13,28.49,14.72,14.46,16.99,15.99,30.56,39.18,15.52,23.00,49.24,23.48,38.08,39.53,39.38,26.02,21.57,39.92
node/2134285281,40.61,64.19,53.59,49.53,50.92,50.56,51.00,52.23,49.30,47.47,44.22,44.25,50.45,50.88,51.26,54.64,55.72,51.94,44.50,49.15,53.41,48.97,48.20,50.68,49.34,54.25,48.98,40.84,50.24,38.45,50.35,50.68,45.23,35.07,40.94,34.34,47.66,48.62,36.04,52.17,32.48,39.70,46.88,43.41,40.81,32.16,35.02,37.02,41.47,45.60,32.83,38.87,45.07,44.62,31.14,23.75,42.16,34.01,39.67,34.04,47.63,50.89,38.99,33.10,38.71,32.02,31.97,43.46,27.89,53.29,39.14,34.33,38.24,37.27,32.16,46.82,32.97,35.96,53.98,38.86,39.87,40.00,41.97,33.74,28.71,37.45,40.61,38.57,30.32,26.95,32.04,38.14,35.17,34.54,30.23,29.08,37.08,29.27,25.19,34.71,27.08,31.02,45.88,33.04,39.88,29.05,36.09,28.36,21.53,28.54,14.28,27.57,19.24,24.02,34.26,35.31,20.45,52.65,33.77,32.22,31.61,51.87,50.72,44.72,26.46,18.97,36.01,28.87,34.80,41.29,24.38,42.58,13.99,33.53,25.02,28.77,27.82,28.34,27.64,15.28,35.06,26.15,34.48,52.00,19.46,9.29,35.93,36.09,31.89,0.00,32.24,36.88,53.34,49.43,31.63,34.13,52.50,28.82,9.67,8.97,7.75,36.32,36.41,52.76,33.00,32.81,19.42,32.73,33.02,33.05,32.05,56.74,65.36,29.40,28.67,75.42,47.85,64.26,65.71,65.56,50.39,35.44,64.30
node/5176377207,27.24,50.26,39.66,35.60,36.98,36.62,37.90,39.60,36.20,34.37,30.28,29.14,35.54,36.74,36.76,37.48,38.56,37.47,32.09,35.14,36.24,34.51,33.73,33.52,32.17,37.08,32.07,27.79,33.07,25.40,33.18,33.51,28.56,25.42,26.21,24.69,30.49,31.45,28.28,35.01,23.58,20.10,29.71,26.25,23.64,21.03,18.48,17.41,23.22,28.43,16.29,19.27,27.23,25.01,14.60,22.65,22.56,17.18,20.06,14.44,28.03,27.92,19.38,13.50,19.11,16.03,16.54,22.91,18.14,29.46,19.53,14.72,18.70,17.73,14.94,25.36,13.37,16.66,29.15,19.49,20.26,20.63,22.36,14.14,15.27,18.15,19.95,19.10,12.72,14.89,12.43,18.28,16.92,16.30,10.63,12.74,17.11,11.16,15.85,15.48,9.49,11.83,21.11,14.04,18.88,9.44,16.12,12.01,17.42,10.78,30.81,13.44,20.55,7.67,12.83,14.37,15.23,27.02,10.93,10.76,9.20,26.24,25.09,19.10,6.33,19.63,11.43,8.02,9.91,15.34,11.29,16.63,19.99,8.04,11.92,7.67,6.06,6.05,11.97,20.13,10.17,10.14,9.00,26.25,21.20,23.07,9.90,9.62,5.42,30.72,0.00,10.40,27.60,23.69,16.81,5.69,26.75,21.19,25.03,27.81,24.64,7.65,9.93,27.01,11.14,11.56,27.82,15.15,14.89,17.42,16.42,30.99,39.61,15.95,23.43,49.67,23.91,38.51,39.96,39.81,26.45,22.00,40.35
node/9540446866,27.68,50.71,40.11,36.05,37.43,37.07,38.35,40.05,36.65,34.82,30.73,29.59,35.99,37.19,36.31,35.38,36.46,37.92,32.54,35.59,34.14,34.59,34.17,33.23,30.07,35.41,32.52,28.24,30.98,25.84,31.09,31.42,29.01,25.86,26.65,25.14,28.39,29.36,28.73,31.70,24.03,20.55,27.62,25.87,24.09,21.48,21.04,17.86,23.67,27.05,18.84,19.71,23.93,22.62,16.68,24.64,21.43,17.63,18.68,14.88,24.12,23.68,18.04,13.94,18.62,17.48,20.73,18.68,21.62,25.23,18.57,15.17,16.89,15.93,15.39,21.12,13.81,14.58,24.92,17.48,17.20,18.62,19.17,14.59,19.46,16.09,15.72,15.77,16.90,19.07,12.88,14.96,13.97,13.35,11.07,14.50,13.79,11.61,20.04,12.16,13.67,11.77,16.87,10.72,14.65,9.89,12.79,13.49,21.61,11.23,34.99,17.63,24.74,11.86,9.50,11.05,19.42,22.79,7.60,7.46,8.08,22.00,20.85,14.86,10.52,23.82,8.11,9.35,6.58,11.11,13.80,12.40,24.18,4.71,14.44,12.35,10.25,10.23,14.49,24.32,6.16,12.66,5.53,22.02,25.38,27.26,5.67,5.39,7.77,34.91,9.00,0.00,23.36,19.45,19.33,9.30,22.52,23.71,29.21,32.00,28.82,7.56,5.70,22.77,11.49,11.91,29.77,16.01,15.75,18.28,17.28,26.76,35.38,16.80,24.29,45.44,19.67,34.28,35.73,35.58,22.21,22.85,36.12
node/4394136790,28.82,51.74,41.14,37.09,38.47,38.07,32.76,34.46,31.06,29.23,29.14,32.43,25.47,24.63,23.17,24.34,25.42,25.33,23.73,26.13,23.10,21.45,22.69,20.09,19.03,23.32,23.99,28.91,19.40,27.29,21.09,17.92,27.62,41.73,28.35,41.00,22.62,18.25,44.59,19.76,39.89,29.29,21.42,21.24,24.16,36.83,31.89,27.85,25.60,22.97,32.78,28.23,19.90,21.78,31.53,43.10,24.84,32.83,24.86,30.27,20.38,19.60,24.21,28.86,26.75,34.62,38.81,24.61,38.75,12.92,25.55,30.64,26.84,28.23,32.90,25.72,30.82,27.85,11.76,28.47,23.37,26.02,25.54,29.39,39.84,25.39,21.89,22.50,37.29,39.46,27.25,21.68,23.95,25.18,28.71,34.03,20.19,31.39,40.42,22.92,34.06,26.93,14.75,23.87,20.42,29.79,20.36,33.12,41.99,30.38,55.09,37.72,45.12,32.25,23.73,22.88,39.51,9.67,25.20,26.80,27.96,10.99,12.38,15.29,30.90,43.91,26.42,31.17,25.65,20.87,34.30,14.23,44.27,26.09,34.93,32.84,30.63,30.73,34.99,44.41,29.12,33.16,23.98,11.79,45.25,47.36,23.34,21.82,28.27,55.00,29.50,29.45,0.00,7.81,39.83,29.45,8.95,42.00,49.31,52.09,48.92,26.99,27.02,8.06,30.82,31.23,47.15,34.83,34.57,37.10,36.10,15.19,21.70,35.63,43.11,31.77,38.27,22.71,24.16,24.01,40.80,41.67,36.82
node/5830690815,27.80,52.87,42.27,38.21,39.59,39.19,33.88,35.58,32.18,30.35,30.27,33.55,26.59,25.75,24.30,25.46,26.54,26.45,24.86,27.25,24.22,22.57,23.82,21.21,20.15,24.45,25.11,27.90,20.52,26.28,22.21,19.04,26.61,37.38,27.34,36.66,22.75,19.38,40.25,20.88,35.54,25.46,21.97,20.23,23.15,32.99,28.18,22.77,24.24,23.09,29.95,22.17,20.02,21.90,27.87,37.03,21.53,26.76,18.79,24.20,20.50,19.40,18.14,22.79,20.68,29.87,34.05,18.78,34.01,14.04,19.48,24.57,20.77,22.17,27.78,21.23,24.75,21.78,12.88,22.40,17.30,19.95,19.46,23.32,33.77,19.32,15.82,16.43,31.22,33.39,21.18,15.62,17.88,19.11,22.64,27.96,14.12,25.32,34.35,16.85,27.99,20.86,13.52,17.80,14.35,23.72,14.29,27.05,35.92,24.31,49.02,31.65,39.05,26.18,17.66,16.81,33.44,10.79,19.13,20.73,21.89,12.11,12.06,9.22,24.83,37.84,20.35,25.10,19.58,14.80,28.23,8.16,38.20,20.02,28.86,26.77,24.56,24.66,28.92,38.34,23.05,27.08,17.90,5.72,39.18,41.28,17.27,15.75,22.20,48.93,23.43,23.38,6.08,0.00,33.76,23.38,5.24,35.93,43.24,46.02,42.85,20.92,20.95,5.50,24.75,25.16,41.08,28.76,28.50,31.03,30.03,12.62,18.10,29.56,37.04,28.16,32.20,20.14,21.60,21.44,34.73,35.60,34.25
way/994058707,28.94,52.13,41.53,37.47,38.85,38.49,39.77,41.47,38.07,36.24,32.15,31.01,37.41,38.57,38.47,39.18,40.27,39.18,33.94,36.85,37.95,36.21,35.43,35.22,33.88,38.79,33.78,29.28,34.78,26.89,34.89,35.22,30.27,26.66,27.91,25.94,32.20,33.16,29.53,36.72,24.82,24.47,31.42,27.95,25.35,22.27,19.57,22.29,26.02,30.14,17.37,24.44,29.61,29.28,15.68,23.74,27.69,18.55,25.24,19.62,32.23,34.28,24.56,18.67,24.29,16.58,16.56,29.04,18.16,35.49,24.20,18.90,22.98,22.02,16.38,31.72,18.55,21.51,35.18,23.78,25.44,24.92,27.36,18.46,15.29,23.00,26.19,24.14,13.80,15.36,17.61,23.71,20.74,20.12,15.80,13.30,22.65,13.49,16.69,20.29,10.57,16.59,27.47,18.62,25.25,14.62,21.66,12.57,18.31,14.12,31.37,12.74,21.44,8.24,19.19,20.73,15.79,33.06,17.29,17.12,15.56,32.27,31.12,25.13,9.57,20.19,17.80,14.44,16.27,21.70,7.00,22.99,20.55,14.40,7.64,7.85,10.54,11.07,6.96,20.69,16.53,3.22,15.37,32.41,21.76,23.64,16.26,15.99,11.78,31.28,10.97,16.77,33.75,29.84,0.00,14.02,32.91,12.34,25.59,28.37,25.20,16.21,16.30,33.16,12.81,12.62,22.68,12.54,12.83,15.16,14.36,37.14,45.76,13.88,21.37,55.83,28.26,44.66,46.12,45.96,30.80,19.93,44.70
node/3057780133,25.61,48.63,38.03,33.97,35.35,34.99,36.27,37.97,34.57,32.74,28.65,27.51,33.91,35.11,35.13,35.84,36.93,35.84,30.46,33.51,34.61,32.87,32.09,31.88,30.54,35.45,30.44,26.16,31.44,23.77,31.55,31.88,26.93,23.79,24.57,23.06,28.86,29.82,26.65,33.38,21.95,18.47,28.08,24.61,22.01,19.40,18.96,15.78,21.59,26.80,16.77,17.63,25.60,23.38,14.60,22.56,20.93,15.55,18.43,12.80,26.40,26.65,17.75,11.86,17.48,15.40,18.88,21.65,19.54,28.20,17.90,13.09,17.07,16.10,13.31,24.09,11.74,15.03,27.89,17.86,18.63,19.00,20.73,12.51,17.61,16.52,18.69,18.06,15.06,17.23,10.80,17.25,15.29,14.66,9.00,12.43,16.07,9.53,18.19,14.45,11.82,10.20,19.84,13.01,17.62,7.81,15.09,11.41,19.76,9.15,33.15,15.78,22.89,10.01,11.79,13.34,17.57,25.76,9.89,9.13,7.57,24.97,23.82,17.83,8.67,21.97,10.40,8.13,8.87,14.08,11.95,15.37,22.33,7.00,12.59,10.50,8.40,8.38,12.64,22.47,8.81,10.81,7.97,24.99,23.54,25.41,8.64,8.36,5.61,33.06,5.20,9.14,26.33,22.42,17.48,0.00,25.49,20.58,27.37,30.15,26.98,4.53,8.67,25.74,9.27,9.21,25.73,13.28,13.02,15.55,14.55,29.73,38.35,14.08,21.56,48.41,22.41,37.25,38.70,38.55,24.95,20.12,38.86
way/908382642,30.93,53.86,43.26,39.20,40.59,40.19,34.88,36.58,33.18,31.35,31.26,34.54,27.59,26.75,25.29,26.45,27.54,27.44,25.85,28.24,25.22,23.57,24.81,22.20,21.15,25.44,26.10,31.03,21.52,29.41,23.20,20.04,29.74,40.77,30.46,40.05,24.73,20.37,43.64,21.88,38.94,28.86,23.53,23.35,26.28,36.39,31.58,26.17,27.64,25.09,33.34,25.56,22.02,23.89,31.26,40.42,24.93,30.15,22.18,27.59,22.50,21.72,21.53,26.18,24.07,33.27,37.45,22.18,37.40,15.04,22.88,27.96,24.16,25.56,31.17,24.62,28.15,25.17,13.88,25.80,20.70,23.34,22.86,26.71,37.17,22.72,19.21,19.82,34.61,36.78,24.58,19.01,21.27,22.50,26.04,31.36,17.51,28.71,37.74,20.24,31.38,24.25,16.86,21.19,17.74,27.11,17.69,30.45,39.32,27.70,52.41,35.04,42.45,29.57,21.05,20.20,36.83,11.78,22.53,24.12,25.29,13.10,14.49,12.61,28.23,41.23,23.74,28.50,22.98,18.20,31.62,11.55,41.59,23.42,32.26,30.17,27.95,28.05,32.31,41.73,26.45,30.48,21.30,9.11,42.58,44.68,20.66,19.15,25.59,52.32,26.82,26.77,7.08,5.13,37.15,26.78,0.00,39.33,46.63,49.41,46.24,24.32,24.35,4.55,28.14,28.56,44.47,32.15,31.89,34.42,33.42,12.09,19.09,32.95,40.43,29.16,35.59,19.61,21.06,20.91,38.13,38.99,33.72
node/831025935,31.68,55.27,44.67,40.61,41.99,41.63,42.08,43.31,40.38,38.55,35.29,35.33,41.53,41.96,42.33,46.86,47.95,43.02,35.58,40.23,45.63,40.05,39.27,42.82,41.56,46.23,40.06,31.92,42.46,29.52,42.57,42.90,36.31,26.15,32.01,25.42,39.88,40.84,29.01,44.39,23.56,33.25,39.10,35.63,34.13,23.24,26.62,31.07,34.79,38.29,26.15,33.54,37.95,37.62,24.46,22.45,36.47,27.33,34.39,28.71,40.57,43.11,33.66,27.72,33.38,25.50,24.43,38.13,18.97,43.29,32.98,27.68,31.76,30.80,25.53,40.87,27.59,30.29,42.98,32.55,34.54,33.70,36.14,27.23,19.78,31.78,35.34,33.30,22.95,19.83,26.77,32.87,29.89,29.27,24.96,22.45,31.81,22.64,17.00,29.44,19.72,25.75,36.62,27.77,34.40,23.77,30.82,21.73,15.74,23.27,28.96,20.03,18.87,17.39,28.34,29.89,15.29,40.86,26.44,26.27,24.71,40.07,38.92,32.93,18.72,18.08,26.95,23.59,25.42,30.86,16.15,32.15,18.14,23.55,16.79,17.00,19.70,20.22,16.11,18.29,25.68,12.37,24.52,40.21,13.66,21.23,25.42,25.14,20.93,28.87,20.12,25.92,41.55,37.64,9.15,23.17,40.71,0.00,23.18,25.96,22.79,24.67,24.90,40.96,19.68,19.49,14.15,19.42,19.70,19.73,18.73,44.95,53.56,16.08,21.46,63.62,36.06,52.47,53.91,53.76,37.92,22.13,51.78
node/810206915,34.25,57.83,47.23,43.17,44.56,44.20,44.64,45.87,42.94,41.11,37.86,37.89,44.09,44.52,44.90,48.28,49.36,45.58,38.14,42.79,47.04,42.61,41.84,44.32,42.98,47.89,42.62,34.48,43.88,32.09,43.99,44.32,38.87,28.71,34.58,27.98,41.29,42.26,31.42,45.81,26.12,33.34,40.52,37.05,34.45,25.80,28.67,30.66,35.11,39.24,26.47,32.51,38.71,38.26,24.78,19.13,35.80,27.65,33.31,27.68,41.27,44.53,32.63,26.74,32.35,25.66,25.61,37.10,21.53,46.93,32.78,27.96,31.88,30.91,25.80,40.46,26.61,29.60,47.62,32.50,33.51,33.64,35.61,27.38,22.35,31.09,34.25,32.21,23.96,20.59,25.68,31.78,28.81,28.18,23.87,22.72,30.72,22.92,18.83,28.35,20.72,24.66,39.52,26.68,33.52,22.68,29.73,22.00,15.17,22.18,16.15,21.21,14.62,17.66,27.90,28.95,14.09,46.29,27.41,25.86,25.25,45.51,44.36,38.36,20.10,13.79,29.65,22.50,28.45,34.93,18.02,36.22,10.75,27.17,18.65,22.40,21.46,21.98,21.28,10.66,28.70,19.79,28.12,45.64,13.10,7.84,29.57,29.73,25.53,10.68,25.88,30.52,46.98,43.08,25.53,27.77,46.14,22.46,0.00,7.67,4.26,29.96,30.05,46.39,27.11,26.92,13.54,26.85,27.13,27.16,26.16,50.38,59.00,23.51,22.79,69.06,41.49,57.90,59.35,59.20,44.03,29.56,57.94
node/637776200,37.77,61.36,50.76,46.70,48.09,47.73,48.17,49.40,46.47,44.64,41.38,41.42,47.62,48.04,48.42,51.81,52.89,49.11,41.67,46.32,50.57,46.14,45.36,47.85,46.50,51.41,46.15,38.01,47.41,35.61,47.52,47.84,42.40,32.24,38.10,31.51,44.82,45.79,34.95,49.34,29.65,36.87,44.04,40.58,37.97,29.33,32.19,34.18,38.64,42.77,30.00,36.03,42.23,41.78,28.31,22.66,39.33,31.17,36.83,31.21,44.80,48.05,36.15,30.27,35.88,29.18,29.14,40.63,25.06,50.46,36.30,31.49,35.41,34.44,29.33,43.99,30.14,33.13,51.14,36.03,37.03,37.17,39.13,30.91,25.87,34.62,37.78,35.73,27.48,24.12,29.20,35.31,32.33,31.71,27.40,26.25,34.24,26.44,22.35,31.88,24.25,28.18,43.05,30.21,37.05,26.21,33.26,25.52,18.70,25.71,20.67,24.74,18.15,21.19,31.43,32.48,17.62,49.82,30.93,29.39,28.78,49.03,47.88,41.89,23.62,17.32,33.17,26.03,31.97,38.46,21.55,39.75,14.28,30.70,22.18,25.93,24.99,25.51,24.81,14.19,32.22,23.32,31.65,49.17,16.62,12.36,33.10,33.26,29.06,10.64,29.41,34.04,50.51,46.60,29.06,31.30,49.67,25.99,7.32,0.00,5.54,33.49,33.57,49.92,31.63,31.44,18.05,31.37,31.65,31.68,30.68,53.91,62.52,28.03,27.30,72.59,45.02,61.43,62.88,62.73,47.56,34.07,61.47
way/313495189,33.87,57.46,46.86,42.80,44.18,43.83,44.27,45.50,42.57,40.74,37.48,37.52,43.72,44.14,44.52,47.91,48.99,45.21,37.77,42.42,46.67,42.24,41.46,43.95,42.60,47.51,42.25,34.11,43.51,31.71,43.62,43.95,38.50,28.34,34.20,27.61,40.92,41.89,31.05,45.44,25.75,32.97,40.14,36.68,34.07,25.43,28.29,30.28,34.74,38.87,26.10,32.13,38.33,37.88,24.41,18.76,35.43,27.27,32.93,27.31,40.90,44.15,32.25,26.37,31.98,25.29,25.24,36.73,21.16,46.56,32.40,27.59,31.51,30.54,25.43,40.09,26.24,29.23,47.24,32.13,33.13,33.27,35.23,27.01,21.97,30.72,33.88,31.83,23.58,20.22,25.30,31.41,28.43,27.81,23.50,22.35,30.35,22.54,18.45,27.98,20.35,24.29,39.15,26.31,33.15,22.31,29.36,21.62,14.80,21.81,16.77,20.84,14.25,17.29,27.52,28.57,13.72,45.92,27.04,25.49,24.88,45.13,43.98,37.99,19.72,13.42,29.27,22.13,28.07,34.56,17.64,35.85,10.38,26.80,18.28,22.03,21.09,21.61,20.91,10.29,28.32,19.42,27.75,45.27,12.72,8.46,29.20,29.36,25.16,8.23,25.51,30.14,46.61,42.70,25.16,27.40,45.77,22.09,2.54,5.49,0.00,29.59,29.67,46.02,27.73,27.54,14.15,27.47,27.75,27.78,26.78,50.01,58.62,24.13,23.40,68.69,41.12,57.53,58.98,58.83,43.66,30.17,57.57
node/4734171440,27.39,50.41,39.81,35.76,37.14,36.78,38.06,39.76,36.36,34.52,30.43,29.30,35.70,36.90,36.92,37.32,38.40,37.62,32.24,35.29,36.08,34.66,33.88,33.67,32.02,37.23,32.23,27.95,32.92,25.55,33.03,33.36,28.71,25.57,26.36,24.85,30.33,31.30,28.43,33.65,23.73,20.25,29.55,26.40,23.80,21.18,20.75,17.57,23.37,28.59,18.55,19.42,27.38,25.17,16.39,24.35,22.71,17.34,20.22,14.59,27.75,26.98,19.54,13.65,19.26,17.19,20.67,22.30,21.32,27.17,19.69,14.88,18.85,17.89,15.09,24.75,13.52,16.82,26.86,19.65,20.42,20.79,22.52,14.29,19.40,18.30,19.35,19.85,16.84,19.01,12.59,19.03,17.07,16.45,10.78,14.21,17.86,11.32,19.97,16.23,13.61,11.99,20.50,14.79,18.28,9.60,16.87,13.19,21.54,10.93,34.93,17.56,24.68,11.80,13.58,15.12,19.35,24.73,11.68,10.91,9.35,23.94,22.79,16.80,10.45,23.75,12.18,9.91,10.66,14.74,13.74,16.03,24.11,8.79,14.37,12.28,10.18,10.17,14.43,24.25,10.59,12.60,9.75,24.08,24.98,27.20,10.42,10.15,7.71,34.84,7.63,10.93,25.42,21.51,19.27,3.71,24.58,21.73,29.15,31.93,28.76,0.00,7.52,24.83,7.90,8.32,26.18,12.42,12.16,14.69,13.69,28.82,37.44,13.21,20.70,47.50,19.50,36.34,37.79,37.64,22.04,19.26,35.94
node/299938277,29.26,52.28,41.68,37.62,39.01,38.65,39.93,41.62,38.23,36.39,32.30,31.17,37.57,38.77,37.49,36.57,37.65,39.49,34.12,37.16,35.33,35.77,35.75,34.41,31.26,36.59,33.71,29.82,32.16,27.42,32.27,32.60,30.58,27.44,28.23,26.71,29.58,30.54,30.30,32.89,25.60,22.12,28.80,27.05,25.67,23.05,22.62,19.44,25.24,29.20,20.42,21.29,26.08,24.77,18.26,26.21,23.57,19.21,20.83,16.46,26.27,25.83,20.18,15.52,21.13,19.06,21.75,20.82,23.19,26.42,21.52,16.75,20.40,19.43,16.96,23.27,15.39,18.09,26.10,20.99,19.35,21.99,21.51,16.16,20.48,19.59,17.86,18.65,17.92,20.09,14.46,18.07,17.48,16.85,12.65,16.08,16.57,13.19,21.05,15.66,14.69,13.85,19.02,14.22,16.80,11.46,16.30,15.06,22.62,12.80,36.01,18.64,25.75,12.88,13.01,13.68,20.43,23.98,11.10,11.42,11.22,23.19,22.04,16.05,11.53,24.83,11.61,11.79,10.09,13.26,14.82,14.54,25.19,8.22,15.45,13.36,11.26,11.25,15.51,25.33,10.35,13.68,8.29,23.32,26.40,28.28,7.81,7.54,8.79,35.92,10.01,8.55,24.67,20.76,20.35,9.50,23.82,23.73,30.23,33.01,29.84,5.97,0.00,24.08,9.90,10.32,28.18,14.42,14.16,16.69,15.69,28.07,36.68,15.21,22.70,46.74,19.55,35.59,37.03,36.88,22.09,21.26,36.00
node/529705675,30.15,53.08,42.48,38.42,39.80,39.41,34.10,35.80,32.40,30.57,30.48,33.76,26.81,25.97,24.51,25.67,26.75,26.66,25.07,27.46,24.44,22.79,24.03,21.42,20.37,24.66,25.32,30.25,20.74,28.63,22.42,19.25,28.96,43.06,29.68,42.34,23.95,19.59,45.93,21.10,41.23,30.63,22.75,22.57,25.50,38.17,33.23,28.75,26.93,24.31,34.11,28.14,21.24,23.12,32.87,43.01,26.17,32.74,24.77,30.18,21.72,20.94,24.12,28.77,26.66,35.85,40.03,24.76,39.99,14.26,25.46,30.55,26.75,28.14,33.76,27.05,30.73,27.76,13.10,28.38,23.28,25.93,25.45,29.30,39.76,25.30,21.80,22.41,37.20,39.37,27.17,21.60,23.86,25.09,28.62,33.94,20.10,31.30,40.33,22.83,33.97,26.84,16.08,23.78,20.32,29.70,20.27,33.03,41.90,30.29,55.00,37.63,45.03,32.16,23.64,22.79,39.42,11.00,25.11,26.71,27.88,12.32,13.71,15.20,30.81,43.82,26.33,31.08,25.56,20.78,34.21,14.14,44.18,26.00,34.84,32.75,30.54,30.64,34.90,44.32,29.03,33.07,23.88,11.70,45.16,47.27,23.25,21.73,28.18,54.91,29.40,29.36,7.33,7.72,39.73,29.36,6.92,41.91,49.22,52.00,48.83,26.90,26.93,0.00,30.73,31.14,47.06,34.74,34.48,37.01,36.01,11.70,19.84,35.54,43.02,29.90,38.18,19.22,20.67,20.52,40.72,41.58,33.32
node/6922982209,30.34,53.36,42.76,38.71,40.09,39.73,41.01,42.71,39.31,37.48,33.38,32.25,38.65,39.85,39.87,39.65,40.73,40.58,35.20,38.24,38.41,37.61,36.83,36.62,34.35,39.68,35.18,30.90,35.25,28.50,35.36,35.69,31.66,28.52,29.31,27.80,32.66,33.63,31.38,35.98,26.68,23.20,31.89,29.35,26.75,24.13,23.70,20.52,26.32,31.54,21.50,22.37,29.89,28.12,19.34,27.30,25.66,20.29,23.17,17.54,30.08,29.32,22.49,16.60,22.21,20.14,21.96,24.64,23.56,29.50,22.64,17.82,21.80,20.84,18.04,27.08,16.47,19.77,29.19,22.60,23.16,23.74,25.32,17.24,20.69,21.25,21.68,22.46,18.13,20.30,15.54,21.88,20.02,19.40,13.73,17.16,20.38,14.27,21.26,19.18,14.90,14.94,22.83,17.74,20.61,12.54,19.82,16.14,22.56,13.88,34.27,18.85,25.69,13.09,16.53,18.07,20.64,27.06,14.62,13.86,12.30,26.27,25.12,19.13,11.74,24.91,15.13,12.87,13.61,17.07,15.99,18.36,24.97,11.74,16.63,12.38,11.47,11.67,15.73,25.11,13.54,13.02,12.71,26.41,20.48,25.95,13.37,13.10,10.66,32.41,10.55,13.88,27.75,23.85,17.72,9.23,26.91,17.23,27.55,31.15,27.98,9.38,9.23,27.17,0.00,3.22,21.69,7.37,7.67,9.66,9.19,31.15,39.77,8.72,16.20,49.83,22.26,38.67,40.12,39.97,24.80,14.77,38.71
node/3876914565,30.83,53.85,43.25,39.20,40.58,40.22,41.50,43.20,39.80,37.97,33.88,32.74,39.14,40.34,40.36,40.14,41.22,41.07,35.68,38.73,38.91,38.10,37.32,37.11,34.84,40.17,35.67,31.39,35.74,28.99,35.85,36.18,32.15,29.01,29.80,28.29,33.16,34.12,31.88,36.47,27.17,23.69,32.38,29.84,27.23,24.62,23.62,21.01,26.81,32.03,21.43,22.86,30.38,28.61,19.74,27.79,26.15,20.78,23.66,18.03,30.57,29.80,22.98,17.09,22.70,20.63,21.68,25.13,23.28,29.99,23.13,18.32,22.29,21.33,18.53,27.57,16.96,20.25,29.68,23.09,23.65,24.23,25.81,17.73,20.41,21.75,22.17,22.95,17.86,20.03,16.03,22.37,20.51,19.89,14.22,17.65,20.88,14.76,20.99,19.67,14.62,15.43,23.32,18.23,21.10,13.04,20.31,16.63,22.56,14.37,34.33,18.38,25.69,12.62,17.02,18.56,20.17,27.55,15.12,14.35,12.79,26.77,25.62,19.62,12.23,24.57,15.62,13.35,14.10,17.56,15.51,18.85,24.93,12.23,16.15,11.90,11.96,12.16,15.26,25.07,14.03,12.55,13.20,26.90,20.55,26.02,13.86,13.59,11.15,32.48,11.04,14.37,28.24,24.33,17.67,9.30,27.40,17.30,27.61,31.22,28.04,9.38,9.23,27.65,4.62,0.00,21.76,4.67,5.88,6.97,7.78,31.64,40.26,8.79,16.27,50.32,22.43,39.16,40.61,40.46,24.97,14.84,38.88
way/1349747787,35.03,58.62,48.02,43.96,45.34,44.98,45.42,46.66,43.72,41.89,38.64,38.67,44.87,45.30,45.68,50.21,51.29,46.36,38.92,43.58,48.97,43.39,42.62,46.17,44.90,49.57,43.41,35.27,45.80,32.87,45.91,46.24,39.65,29.49,35.36,28.77,43.22,44.19,32.36,47.74,26.91,36.60,42.44,38.98,37.47,26.59,29.97,34.13,38.14,41.64,29.49,35.98,41.29,40.96,27.81,24.12,39.27,30.67,36.78,31.15,43.91,45.41,36.10,30.21,35.82,28.85,27.77,40.57,22.31,45.59,36.25,31.02,35.11,34.14,29.13,43.18,30.08,33.07,45.28,35.90,36.98,37.04,39.08,30.58,23.13,34.56,37.72,35.68,27.15,23.18,29.15,35.25,32.28,31.65,27.34,26.19,34.19,26.39,20.35,31.82,23.91,28.13,38.93,30.15,36.70,26.16,33.20,25.47,17.88,25.65,21.77,23.37,18.73,21.13,31.37,32.42,17.48,43.16,30.88,29.33,28.72,42.37,41.22,35.23,23.57,16.50,32.20,25.98,30.68,33.16,21.49,34.45,16.68,28.81,22.13,23.54,24.93,25.14,24.75,16.59,30.69,21.59,29.78,42.51,12.08,13.46,30.52,30.24,26.19,19.92,24.74,31.02,43.85,39.94,18.38,26.53,43.01,13.38,15.05,18.65,15.48,26.97,27.20,43.26,21.98,21.79,0.00,21.72,22.00,20.27,18.48,47.24,55.86,15.64,13.51,65.92,38.36,54.77,56.22,56.06,38.70,22.90,52.55
node/2068640057,33.69,56.71,46.11,42.05,43.44,43.08,44.36,46.05,42.66,40.82,36.73,35.60,41.99,43.20,43.22,43.00,44.08,43.92,38.54,41.59,41.76,40.96,40.18,39.97,37.70,43.02,38.52,34.24,38.60,31.85,38.71,39.04,35.01,31.87,32.66,31.14,36.01,36.98,34.73,39.33,29.77,26.55,35.23,32.70,30.09,27.48,24.79,23.87,29.67,34.88,22.59,25.72,33.24,31.46,20.91,28.66,29.01,23.64,26.52,20.89,33.43,32.66,25.83,19.95,25.56,22.28,22.85,27.98,24.45,32.85,25.98,21.17,25.15,24.18,21.39,30.43,19.82,23.11,32.54,25.95,26.51,27.08,28.67,20.59,21.58,24.60,25.02,25.81,19.02,21.19,18.88,25.23,23.37,22.75,17.08,18.84,23.73,17.62,22.16,22.53,15.79,18.28,26.18,21.09,23.96,15.89,23.17,18.12,21.95,17.23,33.65,19.55,25.08,13.78,19.88,21.42,21.33,30.41,17.97,17.21,15.65,29.62,28.47,22.48,15.09,24.30,18.48,16.21,16.95,20.42,16.68,21.71,24.36,15.09,17.32,13.07,14.82,15.02,16.42,24.50,16.89,13.71,16.05,29.76,19.87,25.34,16.72,16.44,14.01,31.80,13.90,17.22,31.10,27.19,17.11,12.27,30.26,16.62,26.93,30.54,27.36,12.35,12.20,30.51,7.89,5.73,21.77,0.00,2.79,6.06,6.87,34.50,43.12,9.96,16.37,53.18,24.95,42.02,43.47,43.32,27.48,16.00,41.39
node/1444943078,33.34,56.36,45.76,41.70,43.09,42.73,44.00,45.70,42.30,40.47,36.38,35.24,41.64,42.84,42.86,42.65,43.73,43.57,38.19,41.24,41.41,40.61,39.83,39.62,37.34,42.67,38.17,33.89,38.24,31.50,38.36,38.68,34.66,31.52,32.31,30.79,35.66,36.63,34.38,38.97,29.49,26.20,34.88,32.34,29.74,27.13,25.14,23.51,29.32,34.53,22.95,25.37,32.89,31.11,21.26,28.38,28.66,23.29,26.16,20.54,33.08,32.31,25.48,19.60,25.21,22.63,23.20,27.63,24.80,32.50,25.63,20.82,24.80,23.83,21.04,30.08,19.47,22.76,32.19,25.59,26.15,26.73,28.32,20.24,21.93,24.25,24.67,25.46,19.38,21.55,18.53,24.88,23.02,22.39,16.73,19.19,23.38,17.26,22.51,22.18,16.14,17.93,25.83,20.74,23.61,15.54,22.82,18.47,21.67,16.88,33.37,19.90,24.80,14.13,19.52,21.07,21.39,30.06,17.62,16.86,15.30,29.27,28.12,22.13,14.74,24.01,18.13,15.86,16.60,20.07,17.03,21.36,24.07,14.73,17.67,13.42,14.47,14.67,16.77,24.21,16.54,14.07,15.70,29.41,19.58,25.06,16.37,16.09,13.65,31.52,13.55,16.87,30.75,26.84,16.83,12.23,29.91,16.34,26.65,30.25,27.08,12.53,12.75,30.16,7.54,6.90,21.48,3.16,0.00,7.04,7.38,34.15,42.77,10.11,16.17,52.83,25.26,41.67,43.12,42.97,27.80,16.35,41.71
way/477207073,34.96,57.98,47.38,43.32,44.71,44.34,45.62,47.32,43.92,42.09,38.00,36.87,43.26,44.47,44.48,44.27,45.35,45.19,39.81,42.86,43.03,42.23,41.45,41.24,38.96,44.29,39.79,35.51,39.87,33.12,39.98,40.30,36.28,33.14,33.93,32.41,37.28,38.25,36.00,40.59,31.27,27.82,36.50,33.97,31.36,28.75,26.50,25.13,30.94,36.15,24.30,26.98,34.51,32.73,22.62,30.17,30.28,24.90,27.78,22.16,34.70,33.93,27.10,21.21,26.83,23.99,24.56,29.25,26.16,34.12,27.25,22.44,26.42,25.45,22.66,31.70,21.09,24.38,33.81,27.21,27.77,28.35,29.94,21.86,23.29,25.87,26.29,27.08,20.73,22.90,20.15,26.50,24.64,24.02,18.35,20.55,25.00,18.88,23.87,23.80,17.50,19.55,27.45,22.36,25.23,17.16,24.44,19.82,23.45,18.50,35.16,21.25,26.58,15.49,21.14,22.69,23.04,31.68,19.24,18.48,16.92,30.89,29.74,23.75,16.36,25.80,19.75,17.48,18.22,21.69,18.39,22.98,25.86,16.35,19.03,14.78,16.09,16.29,18.13,26.00,18.16,15.42,17.32,31.03,21.37,26.85,17.99,17.71,15.28,33.30,15.17,18.49,32.37,28.46,18.61,13.43,31.53,18.12,28.43,32.04,28.87,13.50,13.36,31.78,9.34,6.89,19.50,5.83,5.91,0.00,2.76,35.77,44.38,7.95,14.01,54.45,26.11,43.29,44.74,44.59,28.64,15.21,42.55
node/2648889791,34.23,57.26,46.66,42.60,43.98,43.62,44.90,46.60,43.20,41.37,37.28,36.14,42.54,43.74,43.76,43.54,44.63,44.47,39.09,42.14,42.31,41.50,40.72,40.51,38.24,43.57,39.07,34.79,39.14,32.39,39.25,39.58,35.56,32.41,33.20,31.69,36.56,37.52,35.28,39.87,30.58,27.10,35.78,33.24,30.64,28.02,26.04,24.41,30.21,35.43,23.84,26.26,33.78,32.01,22.15,30.10,29.56,24.18,27.06,21.43,33.98,33.21,26.38,20.49,26.10,23.53,24.10,28.53,25.70,33.40,26.53,21.72,25.70,24.73,21.94,30.98,20.37,23.66,33.08,26.49,27.05,27.63,29.21,21.13,22.83,25.15,25.57,26.35,20.27,22.44,19.43,25.77,23.92,23.29,17.62,20.09,24.28,18.16,23.40,23.07,17.04,18.83,26.73,21.64,24.50,16.44,23.71,19.36,23.39,17.78,34.92,20.80,26.52,15.03,20.42,21.96,22.58,30.96,18.52,17.75,16.20,30.17,29.02,23.03,15.64,25.73,19.03,16.76,17.50,20.96,17.93,22.25,25.80,15.63,18.57,14.32,15.37,15.56,17.67,25.93,17.43,14.96,16.60,30.30,21.31,26.61,17.27,16.99,14.55,33.07,14.44,17.77,31.65,27.74,16.89,13.12,30.80,18.06,28.20,31.80,28.63,13.42,13.65,31.06,8.43,8.19,17.59,7.13,7.21,4.21,0.00,35.04,43.66,6.04,12.10,53.73,26.16,42.57,44.02,43.86,28.70,13.30,42.60
way/1367403155,33.13,56.06,45.46,41.40,42.78,42.39,37.08,38.78,35.38,33.55,33.46,36.74,29.79,28.95,27.49,28.65,29.73,29.64,28.05,30.44,27.42,25.77,27.01,24.40,23.35,27.64,28.30,33.23,23.72,31.61,25.40,22.23,31.94,44.35,32.66,43.62,26.93,22.57,47.21,24.08,42.51,32.43,25.73,25.55,28.48,39.96,35.15,29.74,29.91,27.29,36.91,29.13,24.22,26.10,34.83,44.00,28.50,33.73,25.75,31.17,24.70,23.92,25.11,29.75,27.64,36.84,41.02,25.75,40.97,17.24,26.45,31.54,27.73,29.13,34.74,28.20,31.72,28.75,16.07,29.37,24.27,26.92,26.43,30.29,40.74,26.29,22.79,23.40,38.19,40.36,28.15,22.58,24.85,26.08,29.61,34.93,21.09,32.29,41.32,23.82,34.95,27.82,19.06,24.77,21.31,30.68,21.26,34.02,42.89,31.28,55.98,38.62,46.02,33.14,24.63,23.78,40.41,13.98,26.10,27.70,28.86,15.30,16.69,16.19,31.80,44.81,27.32,32.07,26.55,21.77,35.19,15.13,45.17,26.99,35.83,33.74,31.53,31.63,35.88,45.31,30.02,34.05,24.87,14.85,46.15,48.25,24.24,22.72,29.17,55.90,30.39,30.34,10.73,10.13,40.72,30.35,12.49,42.90,50.21,52.99,49.82,27.89,27.92,10.57,31.71,32.13,48.05,35.73,35.47,37.99,36.99,0.00,13.93,36.52,44.01,23.99,39.16,12.81,14.26,14.11,32.42,42.57,26.92
way/1330622520,40.85,63.78,53.18,49.12,50.51,50.11,44.80,46.50,43.10,41.27,41.18,44.46,37.51,36.67,35.21,36.38,37.46,37.37,35.77,38.16,35.14,33.49,34.73,32.12,31.07,35.36,36.02,40.95,31.44,39.33,33.12,29.96,39.66,51.35,40.39,50.63,34.65,30.29,54.22,31.80,49.52,39.43,33.45,33.27,36.20,46.96,42.15,36.74,37.63,35.01,43.92,36.13,31.94,33.82,41.84,51.00,35.50,40.73,32.76,38.17,32.42,31.64,32.11,36.76,34.65,43.84,48.02,32.75,47.98,24.96,33.45,38.54,34.74,36.13,41.75,35.20,38.73,35.75,23.80,36.37,31.27,33.92,33.43,37.29,47.74,33.29,29.79,30.40,45.19,47.36,35.16,29.58,31.85,33.08,36.62,41.93,28.09,39.29,48.32,30.82,41.96,34.83,26.79,31.77,28.32,37.69,28.26,41.02,49.89,38.28,62.99,45.62,53.02,40.15,31.63,30.78,47.41,21.70,33.10,34.70,35.87,23.02,24.42,23.19,38.80,51.81,34.32,39.07,33.55,28.77,42.20,22.13,52.17,33.99,42.83,40.74,38.53,38.63,42.89,52.31,37.02,41.05,31.88,19.69,53.15,55.26,31.24,29.73,36.17,62.90,37.39,37.34,17.00,15.71,47.73,37.35,17.08,49.90,57.21,59.99,56.82,34.89,34.92,17.20,38.72,39.13,55.05,42.73,42.47,45.00,44.00,14.79,0.00,43.53,51.01,12.58,46.17,12.16,11.01,14.62,40.36,49.57,26.27
node/292354225,39.46,62.48,51.88,47.82,49.20,48.84,50.12,51.71,48.42,46.59,42.50,41.36,47.76,48.96,48.98,48.77,49.85,49.69,43.98,47.36,47.53,46.72,45.95,45.73,43.46,48.79,44.29,40.01,44.36,37.62,44.47,44.80,40.78,34.55,38.42,33.82,41.78,42.74,37.41,45.09,31.96,32.32,41.00,38.46,35.86,31.64,31.26,29.63,35.44,40.65,29.06,31.48,39.01,37.23,27.38,30.85,34.78,29.40,32.28,26.65,39.20,38.43,31.60,25.71,31.32,28.75,29.32,33.75,27.37,38.62,31.75,26.94,30.92,29.95,27.16,36.20,25.59,28.88,38.30,31.71,32.27,32.85,34.43,26.36,28.05,30.37,30.79,31.57,25.50,27.66,24.65,31.00,29.14,28.51,22.85,25.31,29.50,23.38,25.40,28.30,22.26,24.05,31.95,26.86,29.73,21.66,28.93,24.58,24.14,23.00,34.62,26.02,27.27,20.25,25.64,27.19,23.86,36.18,23.74,22.98,21.42,35.39,34.24,28.25,20.86,26.49,24.25,21.98,22.72,26.18,23.15,27.47,26.55,20.85,23.79,19.54,20.59,20.79,22.89,26.69,22.66,19.81,21.82,35.53,22.06,26.31,22.49,22.21,19.77,32.77,19.67,22.99,36.87,32.96,16.60,18.35,36.03,18.81,27.90,31.50,28.33,18.64,18.87,36.28,13.65,13.46,17.29,13.68,13.76,11.42,9.63,40.27,48.88,0.00,11.80,58.95,31.38,47.79,49.24,48.68,23.74,7.94,37.59
node/8936265515,40.52,64.11,53.51,49.45,50.83,50.47,50.92,52.15,49.22,47.38,44.13,44.16,50.37,50.79,51.17,51.66,52.75,51.86,44.42,49.07,50.43,48.89,48.11,48.63,46.36,51.69,47.19,40.76,47.26,38.36,47.37,47.70,43.68,34.98,40.85,34.26,44.68,45.64,37.85,47.99,32.40,35.22,43.90,41.36,38.76,32.08,34.16,32.53,38.34,43.55,31.96,34.38,41.90,40.13,30.27,31.29,37.68,32.30,35.18,29.55,42.10,41.33,34.50,28.61,34.22,31.65,32.22,36.65,27.81,41.52,34.65,29.84,33.82,32.85,30.06,39.10,28.48,31.78,41.20,34.61,35.17,35.75,37.33,29.25,28.62,33.27,33.69,34.47,28.39,28.67,27.55,33.89,32.04,31.41,25.74,28.21,32.40,26.28,25.84,31.20,25.16,26.95,34.85,29.76,32.62,24.56,31.83,27.48,24.58,25.90,31.04,28.87,26.92,23.15,28.54,30.08,24.30,39.08,26.64,25.88,24.32,38.29,37.14,31.15,23.76,24.69,27.15,24.88,25.62,29.08,23.90,30.37,25.95,23.75,24.54,22.44,23.49,23.68,23.86,25.86,25.55,20.12,24.72,38.42,20.27,22.73,25.38,25.11,22.67,29.19,22.56,25.89,39.77,35.86,16.90,21.24,38.92,19.25,24.32,27.92,24.75,21.54,21.77,39.18,16.55,16.36,13.71,16.58,16.66,14.32,12.53,43.16,51.78,9.69,0.00,61.84,34.28,50.68,52.13,51.98,32.75,16.95,46.61
node/1312900851,52.42,75.35,64.75,60.69,62.08,61.68,56.37,58.07,54.67,52.84,52.75,56.03,49.08,48.24,46.78,47.94,44.91,48.93,47.34,49.73,46.71,45.05,46.30,43.69,42.64,46.93,47.59,52.52,43.01,50.90,44.69,41.52,51.23,62.97,51.96,62.24,46.22,41.86,65.83,43.14,61.13,51.05,45.02,44.84,47.77,58.58,53.77,48.36,49.20,46.58,55.53,47.75,43.51,45.38,53.45,62.62,47.12,52.35,44.37,49.78,43.99,43.21,43.73,48.37,46.26,55.46,59.64,44.37,59.59,36.53,45.07,50.16,46.35,47.75,53.36,46.81,50.34,47.36,35.37,47.99,42.89,45.53,45.05,48.91,59.36,44.91,41.41,42.02,56.80,58.97,46.77,41.20,43.47,44.70,48.23,53.55,39.71,50.91,59.94,42.43,53.57,46.44,38.35,43.38,39.93,49.30,39.88,52.64,61.51,49.90,74.60,57.24,64.64,51.76,43.25,42.39,59.02,33.27,44.72,46.32,47.48,34.59,35.98,34.80,50.42,63.43,45.93,50.69,45.17,40.39,53.81,33.74,63.79,45.61,54.45,52.36,50.15,50.24,54.50,63.93,48.64,52.67,43.49,31.30,64.77,66.87,42.86,41.34,47.78,74.52,49.01,48.96,28.62,27.32,59.34,48.97,28.70,61.52,68.83,71.61,68.43,46.51,46.54,28.82,50.33,50.75,66.67,54.34,54.09,56.61,55.61,23.40,15.43,55.14,62.62,0.00,52.25,16.52,16.15,18.74,44.72,58.44,30.63
way/442113937,41.50,65.09,54.49,50.43,51.81,51.45,52.67,54.37,50.97,49.14,45.11,43.97,49.44,48.60,47.14,46.22,47.30,49.30,46.92,48.26,44.98,45.42,45.77,44.06,40.91,46.24,43.36,42.46,41.81,40.22,41.92,42.25,43.09,40.24,40.47,39.52,39.23,40.19,43.11,42.54,38.41,34.93,38.45,36.70,37.62,35.86,34.62,32.24,36.66,39.57,32.43,34.09,36.45,35.14,30.74,38.79,33.95,32.01,31.20,29.26,36.65,35.88,30.56,28.32,33.09,31.86,32.68,31.20,34.28,36.07,31.90,29.55,33.18,32.23,29.77,33.65,28.20,30.89,35.75,33.79,29.72,32.37,31.88,28.96,31.41,31.91,28.24,29.02,28.86,31.03,27.26,28.44,30.28,29.66,25.45,28.88,26.95,25.99,31.99,28.46,25.62,26.66,29.40,27.03,27.17,24.27,27.12,27.87,33.56,25.61,46.95,29.58,36.69,23.82,25.81,26.48,31.37,33.63,23.91,24.23,24.02,32.84,31.69,25.70,22.47,35.77,24.42,24.59,22.89,23.63,27.52,24.92,36.13,21.02,28.16,25.44,22.20,22.40,28.31,36.27,23.15,26.48,21.09,32.98,36.82,39.21,20.62,20.34,21.59,46.86,22.20,21.35,34.32,30.41,32.12,20.48,33.48,33.57,41.17,43.95,40.78,17.46,17.94,33.73,21.39,19.78,38.72,23.97,25.60,24.34,26.86,37.72,46.33,26.66,34.14,51.48,0.00,36.97,38.93,36.48,11.49,25.05,25.40
node/470926455,39.93,62.86,52.26,48.20,49.59,49.19,43.88,45.58,42.18,40.35,40.26,43.54,36.59,35.75,34.29,35.45,36.53,36.44,34.85,37.24,34.22,32.57,33.81,31.20,30.15,34.44,35.10,40.03,30.52,38.41,32.20,29.04,38.74,51.15,39.47,50.42,33.73,29.37,54.01,30.88,49.31,39.23,32.53,32.35,35.28,46.76,41.95,36.54,36.71,34.09,43.71,35.93,31.02,32.90,41.63,50.80,35.30,40.53,32.55,37.97,31.50,30.72,31.91,36.55,34.44,43.64,47.82,32.55,47.77,24.04,33.25,38.34,34.53,35.93,41.54,34.99,38.52,35.54,22.88,36.17,31.07,33.72,33.23,37.09,47.54,33.09,29.59,30.20,44.99,47.16,34.95,29.38,31.65,32.88,36.41,41.73,27.89,39.09,48.12,30.62,41.75,34.62,25.86,31.57,28.11,37.48,28.06,40.82,49.69,38.08,62.78,45.42,52.82,39.94,31.43,30.58,47.21,20.78,32.90,34.50,35.66,22.10,23.49,22.99,38.60,51.61,34.12,38.87,33.35,28.57,41.99,21.93,51.97,33.79,42.63,40.54,38.33,38.43,42.68,52.11,36.82,40.85,31.67,21.65,52.95,55.05,31.04,29.52,35.97,62.70,37.19,37.14,17.53,16.93,47.52,37.15,19.29,49.70,57.01,59.79,56.62,34.69,34.72,17.37,38.52,38.93,54.85,42.52,42.27,44.79,43.79,10.91,11.89,43.32,50.80,16.50,36.93,0.00,2.65,4.19,29.40,43.12,15.31
way/441440085,41.83,64.76,54.16,50.10,51.48,51.08,45.77,47.47,44.07,42.24,42.16,45.44,38.48,37.64,36.18,37.35,38.43,38.34,36.74,39.14,36.11,34.46,35.70,33.10,32.04,36.33,37.00,41.92,32.41,40.30,34.10,30.93,40.63,53.04,41.36,52.32,35.63,31.27,55.91,32.77,51.21,41.12,34.42,34.25,37.17,48.66,43.84,38.44,38.61,35.98,45.61,37.83,32.91,34.79,43.53,52.69,37.20,42.42,34.45,39.86,33.40,32.61,33.80,38.45,36.34,45.53,49.72,34.44,49.67,25.93,35.14,40.23,36.43,37.83,43.44,36.89,40.42,37.44,24.77,38.07,32.97,35.61,35.13,38.98,49.44,34.98,31.48,32.09,46.88,49.05,36.85,31.28,33.54,34.77,38.31,43.62,29.78,40.98,50.01,32.51,43.65,36.52,27.76,33.46,30.01,39.38,29.95,42.71,51.58,39.97,64.68,47.31,54.72,41.84,33.32,32.47,49.10,22.68,34.79,36.39,37.56,24.00,25.39,24.88,40.49,53.50,36.01,40.76,35.24,30.46,43.89,23.82,53.86,35.68,44.52,42.43,40.22,40.32,44.58,54.00,38.71,42.75,33.57,23.54,54.84,56.95,32.93,31.42,37.86,64.59,39.09,39.04,19.43,18.83,49.42,39.04,21.19,51.59,58.90,61.68,58.51,36.59,36.61,19.26,40.41,40.83,56.74,44.42,44.16,46.69,45.69,12.80,10.62,45.22,52.70,15.91,38.48,2.75,0.00,5.21,30.95,44.67,16.86
node/7137691094,43.72,66.64,56.04,51.99,53.37,52.97,47.66,49.36,45.96,44.13,44.04,47.33,40.37,39.53,38.07,39.24,40.32,40.23,38.63,41.03,38.00,36.35,37.59,34.99,33.93,38.22,38.89,43.81,34.30,42.19,35.99,32.82,42.52,54.93,43.25,54.21,37.52,33.16,57.80,34.66,53.10,43.01,36.32,36.14,39.06,50.54,45.73,40.33,40.50,37.87,47.50,39.72,34.80,36.68,45.42,54.58,39.09,44.31,36.34,41.75,35.28,34.50,35.69,40.34,38.23,47.42,51.61,36.33,51.56,27.82,37.03,42.12,38.32,39.72,45.33,38.78,42.31,39.33,26.66,39.96,34.86,37.50,37.02,40.87,51.33,36.88,33.37,33.98,48.77,50.94,38.74,33.17,35.43,36.66,40.20,45.52,31.67,42.87,51.90,34.40,45.54,38.41,29.65,35.35,31.90,41.27,31.85,44.60,53.47,41.86,66.57,49.20,56.61,43.73,35.21,34.36,50.99,24.57,36.68,38.28,39.45,25.89,27.28,26.77,42.38,55.39,37.90,42.65,37.13,32.35,45.78,25.71,55.75,37.58,46.41,44.32,42.11,42.21,46.47,55.89,40.60,44.64,35.46,25.43,56.73,58.84,34.82,33.31,39.75,66.48,40.98,40.93,21.32,20.72,51.31,40.93,23.08,53.48,60.79,63.57,60.40,38.48,38.50,21.15,42.30,42.72,58.63,46.31,46.05,48.58,47.58,14.69,15.41,47.11,54.59,17.27,37.35,5.08,6.17,0.00,29.82,43.54,15.73
node/5799799202,43.81,67.40,56.80,52.74,54.13,53.77,54.98,56.68,53.28,51.45,47.42,46.29,51.76,50.92,49.46,48.53,49.61,51.62,49.23,50.58,47.29,47.74,48.09,46.38,43.23,48.56,45.67,44.78,44.13,42.54,44.24,44.57,45.41,42.56,42.78,41.84,41.54,42.51,45.42,44.86,40.72,37.24,40.77,39.02,39.94,38.17,36.94,34.56,38.98,41.89,34.74,36.41,38.77,37.46,33.06,41.11,36.27,34.33,33.52,31.58,38.96,38.20,32.88,30.64,35.41,34.18,35.00,33.52,36.60,38.38,34.22,31.87,35.50,34.55,32.08,35.96,30.51,33.21,38.07,36.11,32.04,34.68,34.20,31.28,33.73,34.23,30.56,31.34,31.18,33.34,29.58,30.76,32.60,31.97,27.77,31.19,29.27,28.31,34.31,30.78,27.94,28.98,31.71,29.34,29.49,26.58,29.44,30.18,35.88,27.92,49.26,31.90,39.01,26.13,28.13,28.80,33.68,35.94,26.23,26.54,26.34,35.16,34.01,28.01,24.79,38.09,26.73,26.90,25.21,25.95,29.84,27.24,38.45,23.34,30.48,27.75,24.52,24.71,30.63,38.59,25.47,28.80,23.41,35.29,39.14,41.53,22.93,22.66,23.91,49.17,24.51,23.67,36.63,32.73,34.43,22.80,35.79,35.89,43.48,46.27,43.09,19.78,20.26,36.04,23.71,22.10,38.48,26.29,27.92,26.66,29.18,31.75,40.77,26.94,32.99,44.08,10.81,29.57,31.53,29.08,0.00,17.26,18.00
node/12403420156,41.42,64.45,53.85,49.79,51.17,50.81,52.09,53.68,50.39,48.56,44.47,43.33,49.73,50.93,50.95,50.74,51.82,51.66,45.95,49.33,49.50,48.69,47.91,47.71,45.43,50.76,46.26,41.98,46.33,39.59,46.44,46.77,42.75,36.52,40.39,35.79,43.75,44.72,39.38,47.06,33.93,34.29,42.97,40.43,37.83,33.61,33.23,31.60,37.41,42.62,31.03,33.45,40.98,39.20,29.35,32.82,36.75,31.37,34.25,28.62,41.17,40.40,33.57,27.68,33.30,30.72,31.29,35.72,29.34,40.59,33.72,28.91,32.89,31.92,29.13,38.17,27.56,30.85,40.27,33.68,34.24,34.82,36.41,28.33,30.02,32.34,32.76,33.55,27.46,29.63,26.62,32.97,31.11,30.48,24.82,27.28,31.47,25.35,27.38,30.27,24.23,26.02,33.92,28.83,31.70,23.63,30.90,26.55,26.11,24.97,37.81,27.99,29.24,22.22,27.61,29.16,25.83,38.15,25.71,24.95,23.39,37.36,36.21,30.22,22.83,28.46,26.22,23.95,24.69,28.15,25.12,29.44,28.52,22.82,25.76,21.51,22.56,22.75,24.86,28.66,24.63,22.15,23.79,37.50,24.03,29.50,24.46,24.18,21.74,35.96,21.63,24.96,38.84,34.93,21.27,20.32,38.00,20.78,31.09,34.70,31.52,20.61,20.84,38.25,15.62,15.43,22.78,16.06,17.34,15.34,13.54,42.24,50.85,11.23,17.29,56.53,24.80,42.02,43.98,41.53,16.60,0.00,30.45
way/1003915685,52.87,75.80,65.20,61.14,62.52,62.13,56.82,58.52,55.12,53.29,53.20,56.48,49.53,48.69,47.23,48.39,49.48,49.38,47.79,50.18,47.16,45.51,46.75,44.14,43.09,47.38,48.04,52.97,43.46,51.35,45.14,41.98,51.68,56.96,52.41,56.23,46.67,42.31,59.82,43.82,55.12,51.64,45.47,45.29,48.22,52.57,51.34,48.96,49.65,47.03,49.14,48.87,43.96,45.84,47.46,55.51,48.24,48.73,45.49,45.98,44.44,43.66,44.85,45.04,47.38,48.58,49.40,45.49,51.00,36.98,46.19,46.26,47.47,48.87,46.48,47.93,44.91,47.61,35.82,49.11,44.01,46.66,46.17,45.68,48.13,46.03,42.53,43.14,45.57,47.74,43.98,42.32,44.59,45.82,42.17,45.59,40.83,42.71,48.71,43.55,42.34,43.37,38.80,43.74,41.05,40.98,41.00,44.58,50.27,42.32,63.66,46.29,53.41,40.53,42.53,43.19,48.08,33.72,40.62,40.94,40.74,35.04,36.43,35.93,39.18,52.48,41.13,41.30,39.61,40.35,44.24,34.87,52.84,37.73,44.87,42.15,38.91,39.11,45.02,52.98,39.87,43.19,37.81,34.59,53.53,55.93,37.33,37.05,38.31,63.57,38.91,38.07,30.47,29.87,48.83,37.20,32.23,50.29,57.88,60.66,57.49,34.18,34.66,30.31,38.11,36.49,52.63,40.68,42.32,41.06,43.39,23.85,24.50,41.08,47.14,27.81,25.21,13.29,15.26,12.81,17.68,31.40,0.00
